{
  "type": "FeatureCollection",
  "features": [
    {
      "type": "Feature",
      "properties": {
        "agency_name": "Norwalk Transit System",
        "route_id": "1",
        "agency_id": "0",
        "route_short_name": "1",
        "route_long_name": "Rio Hondo/Bellflower",
        "route_type": 3,
        "route_color": "#D11141",
        "route_text_color": "#ffffff",
        "route_sort_order": 1
      },
      "geometry": {
        "type": "MultiLineString",
        "coordinates": [
          [
            [
              -118.116654,
              33.901228
            ],
            [
              -118.116654,
              33.901359
            ],
            [
              -118.116654,
              33.901228
            ],
            [
              -118.116653,
              33.900809
            ],
            [
              -118.116651,
              33.900439
            ],
            [
              -118.116649,
              33.900123
            ],
            [
              -118.116648,
              33.89983
            ],
            [
              -118.116647,
              33.899595
            ],
            [
              -118.116644,
              33.899076
            ],
            [
              -118.116642,
              33.898689
            ],
            [
              -118.116641,
              33.898411
            ],
            [
              -118.116634,
              33.898092
            ],
            [
              -118.116615,
              33.897177
            ],
            [
              -118.116611,
              33.896989
            ],
            [
              -118.116608,
              33.896856
            ],
            [
              -118.116604,
              33.896633
            ],
            [
              -118.116598,
              33.896311
            ],
            [
              -118.116593,
              33.89601
            ],
            [
              -118.116598,
              33.895751
            ],
            [
              -118.116614,
              33.895502
            ],
            [
              -118.116652,
              33.895248
            ],
            [
              -118.116716,
              33.894963
            ],
            [
              -118.116797,
              33.894709
            ],
            [
              -118.117151,
              33.89385
            ],
            [
              -118.117187,
              33.893807
            ],
            [
              -118.117215,
              33.893774
            ],
            [
              -118.117274,
              33.893685
            ],
            [
              -118.117349,
              33.893529
            ],
            [
              -118.117392,
              33.893387
            ],
            [
              -118.11743,
              33.893191
            ],
            [
              -118.117467,
              33.892884
            ],
            [
              -118.117468,
              33.89264
            ],
            [
              -118.117424,
              33.892531
            ],
            [
              -118.117423,
              33.892257
            ],
            [
              -118.11742,
              33.892047
            ],
            [
              -118.11742,
              33.891798
            ],
            [
              -118.117418,
              33.891591
            ],
            [
              -118.117406,
              33.891236
            ],
            [
              -118.117405,
              33.890867
            ],
            [
              -118.117403,
              33.89057
            ],
            [
              -118.1174,
              33.889956
            ],
            [
              -118.117398,
              33.889366
            ],
            [
              -118.116935,
              33.889368
            ],
            [
              -118.116623,
              33.88937
            ],
            [
              -118.116252,
              33.88937
            ],
            [
              -118.115989,
              33.88936
            ],
            [
              -118.115962,
              33.889359
            ],
            [
              -118.115708,
              33.889335
            ],
            [
              -118.11545,
              33.889295
            ],
            [
              -118.115252,
              33.889255
            ],
            [
              -118.11508,
              33.889214
            ],
            [
              -118.114406,
              33.888983
            ],
            [
              -118.113801,
              33.888698
            ],
            [
              -118.113565,
              33.888595
            ],
            [
              -118.113395,
              33.88852
            ],
            [
              -118.113169,
              33.888421
            ],
            [
              -118.113048,
              33.888368
            ],
            [
              -118.112902,
              33.888317
            ],
            [
              -118.112652,
              33.888234
            ],
            [
              -118.112372,
              33.888162
            ],
            [
              -118.112091,
              33.888098
            ],
            [
              -118.111844,
              33.888056
            ],
            [
              -118.111615,
              33.888026
            ],
            [
              -118.111524,
              33.888019
            ],
            [
              -118.111279,
              33.887997
            ],
            [
              -118.111062,
              33.887986
            ],
            [
              -118.110823,
              33.88791
            ],
            [
              -118.110584,
              33.887892
            ],
            [
              -118.1091,
              33.887792
            ],
            [
              -118.108982,
              33.887786
            ],
            [
              -118.108742,
              33.887762
            ],
            [
              -118.107965,
              33.887707
            ],
            [
              -118.107849,
              33.887704
            ],
            [
              -118.106583,
              33.887595
            ],
            [
              -118.10652,
              33.887591
            ],
            [
              -118.106271,
              33.887572
            ],
            [
              -118.105857,
              33.887542
            ],
            [
              -118.105407,
              33.887513
            ],
            [
              -118.105193,
              33.887503
            ],
            [
              -118.103878,
              33.887442
            ],
            [
              -118.103357,
              33.887455
            ],
            [
              -118.102849,
              33.887455
            ],
            [
              -118.10259,
              33.887455
            ],
            [
              -118.102156,
              33.887456
            ],
            [
              -118.101364,
              33.887467
            ],
            [
              -118.101274,
              33.887468
            ],
            [
              -118.100671,
              33.887468
            ],
            [
              -118.099991,
              33.887476
            ],
            [
              -118.09984,
              33.887479
            ],
            [
              -118.099462,
              33.88748
            ],
            [
              -118.098326,
              33.887484
            ],
            [
              -118.098206,
              33.887484
            ],
            [
              -118.09783,
              33.887487
            ],
            [
              -118.097056,
              33.887491
            ],
            [
              -118.096671,
              33.887494
            ],
            [
              -118.09602,
              33.887501
            ],
            [
              -118.095548,
              33.887508
            ],
            [
              -118.095207,
              33.887509
            ],
            [
              -118.094598,
              33.88751
            ],
            [
              -118.094161,
              33.887514
            ],
            [
              -118.093785,
              33.887516
            ],
            [
              -118.093163,
              33.887514
            ],
            [
              -118.09282,
              33.887512
            ],
            [
              -118.092364,
              33.887512
            ],
            [
              -118.091188,
              33.887518
            ],
            [
              -118.090831,
              33.88752
            ],
            [
              -118.089609,
              33.887525
            ],
            [
              -118.089006,
              33.887532
            ],
            [
              -118.08865,
              33.887535
            ],
            [
              -118.087333,
              33.887552
            ],
            [
              -118.086877,
              33.887548
            ],
            [
              -118.086502,
              33.887549
            ],
            [
              -118.08527,
              33.887552
            ],
            [
              -118.084674,
              33.88756
            ],
            [
              -118.08414,
              33.887562
            ],
            [
              -118.08358,
              33.887566
            ],
            [
              -118.083074,
              33.887573
            ],
            [
              -118.082507,
              33.887581
            ],
            [
              -118.0824,
              33.88758
            ],
            [
              -118.082402,
              33.887689
            ],
            [
              -118.082401,
              33.887888
            ],
            [
              -118.082399,
              33.888352
            ],
            [
              -118.08246,
              33.888504
            ],
            [
              -118.082465,
              33.889027
            ],
            [
              -118.082474,
              33.889711
            ],
            [
              -118.082473,
              33.889831
            ],
            [
              -118.082476,
              33.890168
            ],
            [
              -118.08248,
              33.890389
            ],
            [
              -118.082482,
              33.890707
            ],
            [
              -118.082483,
              33.890743
            ],
            [
              -118.082486,
              33.890856
            ],
            [
              -118.082486,
              33.891076
            ],
            [
              -118.082502,
              33.891757
            ],
            [
              -118.08251,
              33.892453
            ],
            [
              -118.082511,
              33.892608
            ],
            [
              -118.082516,
              33.892946
            ],
            [
              -118.082518,
              33.893103
            ],
            [
              -118.082538,
              33.894479
            ],
            [
              -118.082537,
              33.894914
            ],
            [
              -118.082542,
              33.895178
            ],
            [
              -118.082544,
              33.895267
            ],
            [
              -118.082548,
              33.895436
            ],
            [
              -118.082551,
              33.896214
            ],
            [
              -118.082577,
              33.898516
            ],
            [
              -118.082581,
              33.898703
            ],
            [
              -118.082584,
              33.898904
            ],
            [
              -118.082595,
              33.900042
            ],
            [
              -118.082597,
              33.900352
            ],
            [
              -118.082606,
              33.901065
            ],
            [
              -118.082606,
              33.901317
            ],
            [
              -118.082613,
              33.902121
            ],
            [
              -118.082582,
              33.902258
            ],
            [
              -118.082579,
              33.902334
            ],
            [
              -118.082556,
              33.902993
            ],
            [
              -118.082553,
              33.903057
            ],
            [
              -118.08255,
              33.903957
            ],
            [
              -118.082561,
              33.905087
            ],
            [
              -118.082564,
              33.905382
            ],
            [
              -118.082577,
              33.906238
            ],
            [
              -118.082602,
              33.906592
            ],
            [
              -118.082602,
              33.907459
            ],
            [
              -118.082621,
              33.908172
            ],
            [
              -118.082626,
              33.908324
            ],
            [
              -118.082619,
              33.908616
            ],
            [
              -118.082604,
              33.908771
            ],
            [
              -118.082562,
              33.908987
            ],
            [
              -118.082457,
              33.909317
            ],
            [
              -118.082378,
              33.909514
            ],
            [
              -118.082364,
              33.90955
            ],
            [
              -118.082251,
              33.909831
            ],
            [
              -118.081886,
              33.909727
            ],
            [
              -118.081722,
              33.90968
            ],
            [
              -118.081341,
              33.909536
            ],
            [
              -118.080907,
              33.909302
            ],
            [
              -118.078964,
              33.908255
            ],
            [
              -118.07877,
              33.908155
            ],
            [
              -118.078047,
              33.907779
            ],
            [
              -118.077861,
              33.907682
            ],
            [
              -118.077742,
              33.907626
            ],
            [
              -118.077571,
              33.907558
            ],
            [
              -118.077167,
              33.90742
            ],
            [
              -118.077003,
              33.90739
            ],
            [
              -118.076811,
              33.907633
            ],
            [
              -118.076687,
              33.90779
            ],
            [
              -118.076458,
              33.908162
            ],
            [
              -118.076367,
              33.908387
            ],
            [
              -118.076253,
              33.908565
            ],
            [
              -118.076055,
              33.908828
            ],
            [
              -118.075977,
              33.908931
            ],
            [
              -118.075894,
              33.909027
            ],
            [
              -118.075639,
              33.909336
            ],
            [
              -118.075575,
              33.909417
            ],
            [
              -118.075106,
              33.910033
            ],
            [
              -118.074922,
              33.910276
            ],
            [
              -118.074535,
              33.910807
            ],
            [
              -118.074355,
              33.91104
            ],
            [
              -118.074302,
              33.911105
            ],
            [
              -118.074156,
              33.911276
            ],
            [
              -118.073744,
              33.911759
            ],
            [
              -118.073187,
              33.912544
            ],
            [
              -118.073006,
              33.912787
            ],
            [
              -118.072825,
              33.913025
            ],
            [
              -118.072711,
              33.91317
            ],
            [
              -118.072586,
              33.913527
            ],
            [
              -118.072518,
              33.913903
            ],
            [
              -118.072509,
              33.914189
            ],
            [
              -118.072512,
              33.9145
            ],
            [
              -118.072519,
              33.915291
            ],
            [
              -118.072513,
              33.915614
            ],
            [
              -118.07252,
              33.916584
            ],
            [
              -118.07251,
              33.917079
            ],
            [
              -118.072512,
              33.917203
            ],
            [
              -118.072513,
              33.91758
            ],
            [
              -118.072515,
              33.917946
            ],
            [
              -118.072516,
              33.918022
            ],
            [
              -118.072516,
              33.918146
            ],
            [
              -118.072522,
              33.91856
            ],
            [
              -118.07253,
              33.919103
            ],
            [
              -118.072532,
              33.919321
            ],
            [
              -118.072539,
              33.919618
            ],
            [
              -118.072549,
              33.920007
            ],
            [
              -118.072557,
              33.920334
            ],
            [
              -118.072558,
              33.920786
            ],
            [
              -118.072553,
              33.922026
            ],
            [
              -118.072552,
              33.922341
            ],
            [
              -118.072551,
              33.922742
            ],
            [
              -118.072551,
              33.923034
            ],
            [
              -118.072556,
              33.923277
            ],
            [
              -118.072575,
              33.92416
            ],
            [
              -118.072577,
              33.924487
            ],
            [
              -118.07258,
              33.924818
            ],
            [
              -118.072587,
              33.92513
            ],
            [
              -118.072598,
              33.925597
            ],
            [
              -118.072607,
              33.92588
            ],
            [
              -118.072609,
              33.925948
            ],
            [
              -118.072614,
              33.926074
            ],
            [
              -118.072611,
              33.926186
            ],
            [
              -118.072612,
              33.926353
            ],
            [
              -118.072614,
              33.9265
            ],
            [
              -118.07261,
              33.92719
            ],
            [
              -118.072609,
              33.927467
            ],
            [
              -118.072614,
              33.927919
            ],
            [
              -118.072614,
              33.928167
            ],
            [
              -118.072614,
              33.928219
            ],
            [
              -118.072614,
              33.928373
            ],
            [
              -118.072614,
              33.928587
            ],
            [
              -118.072614,
              33.928662
            ],
            [
              -118.072614,
              33.928873
            ],
            [
              -118.072615,
              33.929258
            ],
            [
              -118.072614,
              33.929574
            ],
            [
              -118.072614,
              33.929673
            ],
            [
              -118.072614,
              33.929773
            ],
            [
              -118.072616,
              33.929981
            ],
            [
              -118.072614,
              33.930273
            ],
            [
              -118.072617,
              33.930679
            ],
            [
              -118.072619,
              33.930983
            ],
            [
              -118.072628,
              33.93137
            ],
            [
              -118.072632,
              33.93146
            ],
            [
              -118.072642,
              33.931706
            ],
            [
              -118.072647,
              33.934599
            ],
            [
              -118.072633,
              33.935336
            ],
            [
              -118.072766,
              33.935338
            ],
            [
              -118.073378,
              33.935332
            ],
            [
              -118.073426,
              33.935331
            ],
            [
              -118.073689,
              33.935329
            ],
            [
              -118.073925,
              33.935325
            ],
            [
              -118.075901,
              33.935323
            ],
            [
              -118.076235,
              33.935324
            ],
            [
              -118.077644,
              33.935315
            ],
            [
              -118.077911,
              33.935315
            ],
            [
              -118.078078,
              33.935314
            ],
            [
              -118.080553,
              33.935306
            ],
            [
              -118.080661,
              33.935367
            ],
            [
              -118.080934,
              33.935366
            ],
            [
              -118.081854,
              33.935359
            ],
            [
              -118.082191,
              33.935364
            ],
            [
              -118.082256,
              33.935365
            ],
            [
              -118.082437,
              33.935365
            ],
            [
              -118.082703,
              33.935366
            ],
            [
              -118.082823,
              33.935319
            ],
            [
              -118.084002,
              33.935313
            ],
            [
              -118.084481,
              33.93531
            ],
            [
              -118.0849,
              33.935308
            ],
            [
              -118.085048,
              33.935353
            ],
            [
              -118.085245,
              33.935357
            ],
            [
              -118.085524,
              33.935362
            ],
            [
              -118.086478,
              33.935365
            ],
            [
              -118.087145,
              33.935365
            ],
            [
              -118.087713,
              33.935377
            ],
            [
              -118.087853,
              33.935315
            ],
            [
              -118.088324,
              33.935313
            ],
            [
              -118.088852,
              33.93531
            ],
            [
              -118.08941,
              33.935326
            ],
            [
              -118.08944,
              33.935327
            ],
            [
              -118.089538,
              33.935363
            ],
            [
              -118.089821,
              33.935368
            ],
            [
              -118.090205,
              33.935374
            ],
            [
              -118.090523,
              33.935374
            ],
            [
              -118.090519,
              33.935825
            ],
            [
              -118.090518,
              33.935865
            ],
            [
              -118.090518,
              33.936776
            ],
            [
              -118.090522,
              33.938214
            ],
            [
              -118.090528,
              33.938881
            ],
            [
              -118.090533,
              33.939312
            ],
            [
              -118.090533,
              33.939466
            ],
            [
              -118.090537,
              33.94176
            ],
            [
              -118.090542,
              33.94247
            ],
            [
              -118.090544,
              33.942771
            ],
            [
              -118.090546,
              33.942942
            ],
            [
              -118.090544,
              33.943551
            ],
            [
              -118.090545,
              33.944003
            ],
            [
              -118.090542,
              33.944377
            ],
            [
              -118.090551,
              33.945416
            ],
            [
              -118.090553,
              33.945695
            ],
            [
              -118.090554,
              33.945829
            ],
            [
              -118.090548,
              33.946116
            ],
            [
              -118.09054,
              33.946195
            ],
            [
              -118.09048,
              33.946606
            ],
            [
              -118.090404,
              33.946892
            ],
            [
              -118.090353,
              33.94704
            ],
            [
              -118.090274,
              33.94724
            ],
            [
              -118.090232,
              33.947328
            ],
            [
              -118.090174,
              33.947449
            ],
            [
              -118.090076,
              33.947627
            ],
            [
              -118.089883,
              33.947929
            ],
            [
              -118.089597,
              33.948397
            ],
            [
              -118.089563,
              33.948454
            ],
            [
              -118.089445,
              33.948653
            ],
            [
              -118.089376,
              33.94877
            ],
            [
              -118.08918,
              33.949131
            ],
            [
              -118.089064,
              33.949333
            ],
            [
              -118.088939,
              33.949553
            ],
            [
              -118.088739,
              33.949889
            ],
            [
              -118.088463,
              33.950355
            ],
            [
              -118.088297,
              33.950634
            ],
            [
              -118.088228,
              33.95074
            ],
            [
              -118.088007,
              33.951116
            ],
            [
              -118.087906,
              33.9513
            ],
            [
              -118.087657,
              33.951715
            ],
            [
              -118.087355,
              33.952227
            ],
            [
              -118.087208,
              33.952473
            ],
            [
              -118.087175,
              33.952529
            ],
            [
              -118.087117,
              33.952629
            ],
            [
              -118.086932,
              33.953012
            ],
            [
              -118.086748,
              33.953465
            ],
            [
              -118.086704,
              33.953575
            ],
            [
              -118.08656,
              33.953934
            ],
            [
              -118.086501,
              33.954089
            ],
            [
              -118.086449,
              33.954203
            ],
            [
              -118.086278,
              33.95464
            ],
            [
              -118.086152,
              33.954938
            ],
            [
              -118.086053,
              33.955205
            ],
            [
              -118.085881,
              33.955641
            ],
            [
              -118.085744,
              33.955958
            ],
            [
              -118.085687,
              33.956094
            ],
            [
              -118.085651,
              33.95618
            ],
            [
              -118.085605,
              33.956365
            ],
            [
              -118.085526,
              33.956762
            ],
            [
              -118.085474,
              33.956954
            ],
            [
              -118.085425,
              33.957087
            ],
            [
              -118.085353,
              33.957269
            ],
            [
              -118.085287,
              33.957434
            ],
            [
              -118.085198,
              33.957649
            ],
            [
              -118.085149,
              33.957771
            ],
            [
              -118.085078,
              33.957945
            ],
            [
              -118.084931,
              33.958301
            ],
            [
              -118.084772,
              33.958703
            ],
            [
              -118.084735,
              33.958803
            ],
            [
              -118.084495,
              33.959402
            ],
            [
              -118.084462,
              33.959483
            ],
            [
              -118.084414,
              33.959599
            ],
            [
              -118.084223,
              33.960082
            ],
            [
              -118.084113,
              33.960385
            ],
            [
              -118.083965,
              33.960757
            ],
            [
              -118.083858,
              33.960965
            ],
            [
              -118.083792,
              33.961081
            ],
            [
              -118.083662,
              33.961287
            ],
            [
              -118.083569,
              33.961471
            ],
            [
              -118.083536,
              33.961539
            ],
            [
              -118.083475,
              33.961661
            ],
            [
              -118.083482,
              33.961777
            ],
            [
              -118.083408,
              33.961976
            ],
            [
              -118.083364,
              33.962091
            ],
            [
              -118.083338,
              33.962163
            ],
            [
              -118.083179,
              33.962611
            ],
            [
              -118.08309,
              33.963004
            ],
            [
              -118.083008,
              33.963437
            ],
            [
              -118.082918,
              33.964502
            ],
            [
              -118.082828,
              33.964662
            ],
            [
              -118.082815,
              33.964854
            ],
            [
              -118.082814,
              33.964866
            ],
            [
              -118.082809,
              33.964902
            ],
            [
              -118.082807,
              33.964957
            ],
            [
              -118.082802,
              33.965052
            ],
            [
              -118.082851,
              33.965116
            ],
            [
              -118.08283,
              33.965469
            ],
            [
              -118.082749,
              33.965815
            ],
            [
              -118.082663,
              33.966063
            ],
            [
              -118.08254,
              33.966197
            ],
            [
              -118.082422,
              33.966506
            ],
            [
              -118.082314,
              33.966742
            ],
            [
              -118.082216,
              33.966953
            ],
            [
              -118.080858,
              33.966664
            ],
            [
              -118.080692,
              33.966684
            ],
            [
              -118.080337,
              33.966606
            ],
            [
              -118.079898,
              33.96651
            ],
            [
              -118.079713,
              33.966469
            ],
            [
              -118.079425,
              33.966406
            ],
            [
              -118.078978,
              33.966301
            ],
            [
              -118.077938,
              33.966046
            ],
            [
              -118.077503,
              33.965937
            ],
            [
              -118.077088,
              33.965837
            ],
            [
              -118.075915,
              33.965553
            ],
            [
              -118.07559,
              33.965473
            ],
            [
              -118.075482,
              33.965446
            ],
            [
              -118.074427,
              33.965186
            ],
            [
              -118.073898,
              33.965073
            ],
            [
              -118.073423,
              33.965005
            ],
            [
              -118.072779,
              33.96492
            ],
            [
              -118.072585,
              33.964895
            ],
            [
              -118.071949,
              33.964798
            ],
            [
              -118.071843,
              33.964786
            ],
            [
              -118.071774,
              33.964778
            ],
            [
              -118.071608,
              33.964759
            ],
            [
              -118.071417,
              33.964753
            ],
            [
              -118.071237,
              33.964746
            ],
            [
              -118.07114,
              33.964743
            ],
            [
              -118.070607,
              33.964724
            ],
            [
              -118.070655,
              33.965078
            ],
            [
              -118.070694,
              33.965367
            ],
            [
              -118.070713,
              33.965506
            ],
            [
              -118.070768,
              33.965912
            ],
            [
              -118.07082,
              33.966295
            ],
            [
              -118.070874,
              33.966672
            ],
            [
              -118.070901,
              33.966867
            ],
            [
              -118.070948,
              33.967196
            ],
            [
              -118.070974,
              33.96738
            ],
            [
              -118.071024,
              33.967753
            ],
            [
              -118.071044,
              33.967829
            ],
            [
              -118.071107,
              33.968014
            ],
            [
              -118.071193,
              33.968202
            ],
            [
              -118.071275,
              33.968386
            ],
            [
              -118.071332,
              33.968522
            ],
            [
              -118.071434,
              33.968674
            ],
            [
              -118.071522,
              33.968795
            ],
            [
              -118.071603,
              33.968907
            ],
            [
              -118.072743,
              33.970381
            ],
            [
              -118.072988,
              33.970719
            ],
            [
              -118.073145,
              33.971003
            ],
            [
              -118.073264,
              33.971218
            ],
            [
              -118.073582,
              33.971791
            ],
            [
              -118.073616,
              33.971851
            ],
            [
              -118.073759,
              33.972106
            ],
            [
              -118.073986,
              33.972513
            ],
            [
              -118.074098,
              33.972698
            ],
            [
              -118.074135,
              33.972788
            ],
            [
              -118.074229,
              33.973019
            ],
            [
              -118.074323,
              33.973252
            ],
            [
              -118.074883,
              33.974628
            ],
            [
              -118.074961,
              33.974818
            ],
            [
              -118.075062,
              33.975071
            ],
            [
              -118.075152,
              33.975238
            ],
            [
              -118.075257,
              33.975403
            ],
            [
              -118.075377,
              33.975582
            ],
            [
              -118.075456,
              33.975715
            ],
            [
              -118.075518,
              33.975839
            ],
            [
              -118.075574,
              33.97597
            ],
            [
              -118.075622,
              33.976088
            ],
            [
              -118.075757,
              33.976518
            ],
            [
              -118.075818,
              33.976771
            ],
            [
              -118.075841,
              33.976935
            ],
            [
              -118.075856,
              33.977332
            ],
            [
              -118.075803,
              33.97773
            ],
            [
              -118.075741,
              33.977902
            ],
            [
              -118.075655,
              33.978087
            ],
            [
              -118.075558,
              33.978265
            ],
            [
              -118.075422,
              33.97842
            ],
            [
              -118.075293,
              33.978571
            ],
            [
              -118.075239,
              33.978628
            ],
            [
              -118.074087,
              33.97977
            ],
            [
              -118.073885,
              33.979973
            ],
            [
              -118.073116,
              33.980745
            ],
            [
              -118.072092,
              33.981771
            ],
            [
              -118.071663,
              33.982201
            ],
            [
              -118.071343,
              33.982522
            ],
            [
              -118.071071,
              33.982778
            ],
            [
              -118.071,
              33.982843
            ],
            [
              -118.0705,
              33.983312
            ],
            [
              -118.070004,
              33.983866
            ],
            [
              -118.07,
              33.98387
            ],
            [
              -118.069283,
              33.984601
            ],
            [
              -118.069055,
              33.984829
            ],
            [
              -118.06856,
              33.985334
            ],
            [
              -118.068043,
              33.985866
            ],
            [
              -118.067955,
              33.985956
            ],
            [
              -118.06789,
              33.98602
            ],
            [
              -118.06765,
              33.986262
            ],
            [
              -118.067576,
              33.986337
            ],
            [
              -118.06715,
              33.986766
            ],
            [
              -118.066962,
              33.986956
            ],
            [
              -118.066584,
              33.987338
            ],
            [
              -118.06635,
              33.987571
            ],
            [
              -118.0657,
              33.988217
            ],
            [
              -118.06552,
              33.988395
            ],
            [
              -118.06491,
              33.988996
            ],
            [
              -118.064603,
              33.989313
            ],
            [
              -118.064492,
              33.989427
            ],
            [
              -118.064382,
              33.989541
            ],
            [
              -118.064099,
              33.989841
            ],
            [
              -118.064038,
              33.989916
            ],
            [
              -118.063975,
              33.990002
            ],
            [
              -118.063856,
              33.990118
            ],
            [
              -118.063657,
              33.990313
            ],
            [
              -118.063635,
              33.990335
            ],
            [
              -118.063437,
              33.990536
            ],
            [
              -118.063317,
              33.990659
            ],
            [
              -118.063004,
              33.990971
            ],
            [
              -118.062699,
              33.991287
            ],
            [
              -118.06264,
              33.991347
            ],
            [
              -118.062385,
              33.9916
            ],
            [
              -118.062058,
              33.991932
            ],
            [
              -118.062008,
              33.991986
            ],
            [
              -118.061734,
              33.992286
            ],
            [
              -118.06141,
              33.99262
            ],
            [
              -118.06137,
              33.99266
            ],
            [
              -118.061094,
              33.992942
            ],
            [
              -118.060789,
              33.993252
            ],
            [
              -118.060494,
              33.993554
            ],
            [
              -118.060455,
              33.993594
            ],
            [
              -118.060178,
              33.99388
            ],
            [
              -118.059942,
              33.994109
            ],
            [
              -118.058785,
              33.995272
            ],
            [
              -118.058714,
              33.995345
            ],
            [
              -118.058656,
              33.995404
            ],
            [
              -118.058529,
              33.995534
            ],
            [
              -118.0583,
              33.995769
            ],
            [
              -118.05809,
              33.995981
            ],
            [
              -118.057804,
              33.996266
            ],
            [
              -118.057469,
              33.9966
            ],
            [
              -118.05714,
              33.996917
            ],
            [
              -118.056723,
              33.997335
            ],
            [
              -118.056676,
              33.997382
            ],
            [
              -118.056591,
              33.99747
            ],
            [
              -118.056416,
              33.997649
            ],
            [
              -118.056113,
              33.99796
            ],
            [
              -118.055867,
              33.998213
            ],
            [
              -118.055712,
              33.998371
            ],
            [
              -118.055425,
              33.998665
            ],
            [
              -118.055262,
              33.998725
            ],
            [
              -118.055146,
              33.998882
            ],
            [
              -118.055108,
              33.998965
            ],
            [
              -118.055085,
              33.999097
            ],
            [
              -118.055097,
              33.999211
            ],
            [
              -118.055144,
              33.999341
            ],
            [
              -118.055256,
              33.999515
            ],
            [
              -118.055354,
              33.999626
            ],
            [
              -118.055477,
              33.999768
            ],
            [
              -118.055533,
              33.999832
            ],
            [
              -118.055682,
              34.000099
            ],
            [
              -118.055787,
              34.000377
            ],
            [
              -118.056017,
              34.001218
            ],
            [
              -118.056054,
              34.00134
            ],
            [
              -118.056125,
              34.001569
            ],
            [
              -118.056201,
              34.001844
            ],
            [
              -118.056256,
              34.002137
            ],
            [
              -118.05627,
              34.002439
            ],
            [
              -118.056197,
              34.00311
            ],
            [
              -118.056175,
              34.003291
            ],
            [
              -118.056134,
              34.003624
            ],
            [
              -118.05622,
              34.003764
            ],
            [
              -118.056183,
              34.004
            ],
            [
              -118.056161,
              34.004142
            ],
            [
              -118.056106,
              34.004562
            ],
            [
              -118.056058,
              34.00494
            ],
            [
              -118.056015,
              34.005295
            ],
            [
              -118.056006,
              34.005369
            ],
            [
              -118.055972,
              34.005645
            ],
            [
              -118.055909,
              34.006162
            ],
            [
              -118.055882,
              34.006391
            ],
            [
              -118.055824,
              34.00675
            ],
            [
              -118.055764,
              34.00699
            ],
            [
              -118.055753,
              34.007034
            ],
            [
              -118.055735,
              34.007105
            ],
            [
              -118.055501,
              34.007728
            ],
            [
              -118.055414,
              34.007962
            ],
            [
              -118.055312,
              34.008234
            ],
            [
              -118.055275,
              34.008349
            ],
            [
              -118.055146,
              34.008748
            ],
            [
              -118.055044,
              34.008826
            ],
            [
              -118.05483,
              34.009115
            ],
            [
              -118.054614,
              34.009326
            ],
            [
              -118.05435,
              34.009495
            ],
            [
              -118.054001,
              34.009635
            ],
            [
              -118.05362,
              34.009715
            ],
            [
              -118.05355,
              34.009758
            ],
            [
              -118.051454,
              34.010021
            ],
            [
              -118.051229,
              34.01007
            ],
            [
              -118.051082,
              34.010103
            ],
            [
              -118.05092,
              34.010156
            ],
            [
              -118.050802,
              34.010195
            ],
            [
              -118.05051,
              34.010322
            ],
            [
              -118.050175,
              34.010553
            ],
            [
              -118.049814,
              34.010803
            ],
            [
              -118.049552,
              34.010984
            ],
            [
              -118.049399,
              34.01109
            ],
            [
              -118.048667,
              34.011438
            ],
            [
              -118.048191,
              34.011722
            ],
            [
              -118.047949,
              34.011964
            ],
            [
              -118.047798,
              34.012115
            ],
            [
              -118.047222,
              34.01269
            ],
            [
              -118.046984,
              34.012933
            ],
            [
              -118.046817,
              34.013104
            ],
            [
              -118.046335,
              34.013597
            ],
            [
              -118.046082,
              34.01386
            ],
            [
              -118.046037,
              34.013908
            ],
            [
              -118.045844,
              34.014111
            ],
            [
              -118.045774,
              34.014182
            ],
            [
              -118.045599,
              34.014357
            ],
            [
              -118.045495,
              34.014443
            ],
            [
              -118.045326,
              34.014583
            ],
            [
              -118.045188,
              34.014686
            ],
            [
              -118.04492,
              34.014863
            ],
            [
              -118.04457,
              34.015044
            ],
            [
              -118.044461,
              34.015101
            ],
            [
              -118.043963,
              34.01531
            ],
            [
              -118.043527,
              34.015497
            ],
            [
              -118.0433,
              34.015595
            ],
            [
              -118.043006,
              34.015737
            ],
            [
              -118.042726,
              34.015934
            ],
            [
              -118.042377,
              34.016177
            ],
            [
              -118.042023,
              34.016425
            ],
            [
              -118.041453,
              34.016883
            ],
            [
              -118.041187,
              34.017097
            ],
            [
              -118.041094,
              34.017172
            ],
            [
              -118.040808,
              34.017402
            ],
            [
              -118.040494,
              34.017655
            ],
            [
              -118.039086,
              34.018759
            ],
            [
              -118.038744,
              34.019015
            ],
            [
              -118.038282,
              34.019434
            ],
            [
              -118.03807,
              34.019668
            ],
            [
              -118.03793,
              34.019881
            ],
            [
              -118.037843,
              34.020009
            ],
            [
              -118.037716,
              34.020201
            ],
            [
              -118.037698,
              34.020228
            ],
            [
              -118.037564,
              34.020476
            ],
            [
              -118.037434,
              34.020788
            ],
            [
              -118.037388,
              34.02094
            ],
            [
              -118.037355,
              34.021048
            ],
            [
              -118.037322,
              34.021159
            ],
            [
              -118.037234,
              34.021638
            ],
            [
              -118.03715,
              34.021809
            ],
            [
              -118.037155,
              34.022202
            ],
            [
              -118.037176,
              34.022418
            ],
            [
              -118.03726,
              34.023051
            ],
            [
              -118.037336,
              34.023202
            ],
            [
              -118.037381,
              34.023443
            ],
            [
              -118.037545,
              34.024
            ],
            [
              -118.037764,
              34.024662
            ],
            [
              -118.037799,
              34.024814
            ],
            [
              -118.037832,
              34.024961
            ],
            [
              -118.037864,
              34.02524
            ],
            [
              -118.037635,
              34.025238
            ],
            [
              -118.037355,
              34.025275
            ],
            [
              -118.0372,
              34.025314
            ],
            [
              -118.037034,
              34.025385
            ],
            [
              -118.036863,
              34.025476
            ],
            [
              -118.036721,
              34.025589
            ],
            [
              -118.036045,
              34.026414
            ],
            [
              -118.035849,
              34.026653
            ],
            [
              -118.035549,
              34.027028
            ],
            [
              -118.035209,
              34.027454
            ],
            [
              -118.034751,
              34.028034
            ],
            [
              -118.034573,
              34.028235
            ],
            [
              -118.034427,
              34.028368
            ],
            [
              -118.034196,
              34.02858
            ],
            [
              -118.034098,
              34.028657
            ],
            [
              -118.033971,
              34.028756
            ],
            [
              -118.033843,
              34.028844
            ],
            [
              -118.033645,
              34.028969
            ],
            [
              -118.03348,
              34.029071
            ],
            [
              -118.031675,
              34.030067
            ],
            [
              -118.031378,
              34.030232
            ],
            [
              -118.030772,
              34.030638
            ],
            [
              -118.029963,
              34.031193
            ],
            [
              -118.029361,
              34.031599
            ],
            [
              -118.028829,
              34.03195
            ],
            [
              -118.028354,
              34.032164
            ],
            [
              -118.027708,
              34.032434
            ],
            [
              -118.027461,
              34.032525
            ],
            [
              -118.027211,
              34.03258
            ],
            [
              -118.026975,
              34.032607
            ],
            [
              -118.026726,
              34.032609
            ],
            [
              -118.026512,
              34.032595
            ],
            [
              -118.026348,
              34.032564
            ],
            [
              -118.026185,
              34.032526
            ],
            [
              -118.025878,
              34.032428
            ],
            [
              -118.025864,
              34.031086
            ]
          ],
          [
            [
              -118.025866,
              34.029971
            ],
            [
              -118.025864,
              34.031055
            ],
            [
              -118.025866,
              34.029971
            ],
            [
              -118.025866,
              34.029932
            ],
            [
              -118.025857,
              34.029279
            ],
            [
              -118.02585,
              34.02883
            ],
            [
              -118.026254,
              34.02883
            ],
            [
              -118.026332,
              34.028826
            ],
            [
              -118.026511,
              34.028816
            ],
            [
              -118.026692,
              34.028781
            ],
            [
              -118.02688,
              34.028724
            ],
            [
              -118.027095,
              34.028631
            ],
            [
              -118.027636,
              34.028411
            ],
            [
              -118.027716,
              34.028376
            ],
            [
              -118.028395,
              34.028082
            ],
            [
              -118.030006,
              34.027386
            ],
            [
              -118.030436,
              34.027177
            ],
            [
              -118.030689,
              34.027025
            ],
            [
              -118.03093,
              34.026852
            ],
            [
              -118.031079,
              34.02673
            ],
            [
              -118.031216,
              34.02659
            ],
            [
              -118.031348,
              34.026448
            ],
            [
              -118.031466,
              34.026297
            ],
            [
              -118.031776,
              34.025804
            ],
            [
              -118.031921,
              34.025558
            ],
            [
              -118.032081,
              34.025314
            ],
            [
              -118.032245,
              34.025142
            ],
            [
              -118.032283,
              34.025102
            ],
            [
              -118.032502,
              34.024902
            ],
            [
              -118.032648,
              34.024788
            ],
            [
              -118.032801,
              34.024671
            ],
            [
              -118.033071,
              34.024522
            ],
            [
              -118.033628,
              34.02426
            ],
            [
              -118.034393,
              34.023924
            ],
            [
              -118.034679,
              34.023782
            ],
            [
              -118.034961,
              34.0236
            ],
            [
              -118.035185,
              34.023419
            ],
            [
              -118.035387,
              34.023237
            ],
            [
              -118.035583,
              34.023012
            ],
            [
              -118.035708,
              34.022866
            ],
            [
              -118.036063,
              34.022416
            ],
            [
              -118.036219,
              34.022221
            ],
            [
              -118.036355,
              34.022026
            ],
            [
              -118.036497,
              34.021829
            ],
            [
              -118.0366,
              34.021752
            ],
            [
              -118.036706,
              34.021704
            ],
            [
              -118.036885,
              34.021666
            ]
          ],
          [
            [
              -118.037843,
              34.020009
            ],
            [
              -118.037698,
              34.020228
            ]
          ],
          [
            [
              -118.038455,
              34.019277
            ],
            [
              -118.038282,
              34.019434
            ],
            [
              -118.038455,
              34.019277
            ]
          ],
          [
            [
              -118.041094,
              34.017172
            ],
            [
              -118.040494,
              34.017655
            ]
          ],
          [
            [
              -118.041706,
              34.01668
            ],
            [
              -118.041453,
              34.016883
            ],
            [
              -118.041706,
              34.01668
            ]
          ],
          [
            [
              -118.044404,
              34.015125
            ],
            [
              -118.043963,
              34.01531
            ],
            [
              -118.044404,
              34.015125
            ]
          ],
          [
            [
              -118.046335,
              34.013597
            ],
            [
              -118.046037,
              34.013908
            ],
            [
              -118.046335,
              34.013597
            ],
            [
              -118.046689,
              34.013235
            ]
          ],
          [
            [
              -118.048191,
              34.011722
            ],
            [
              -118.047798,
              34.012115
            ]
          ],
          [
            [
              -118.053665,
              34.009791
            ],
            [
              -118.05355,
              34.009758
            ],
            [
              -118.053665,
              34.009791
            ],
            [
              -118.054017,
              34.009728
            ],
            [
              -118.054316,
              34.009615
            ],
            [
              -118.054578,
              34.009473
            ],
            [
              -118.054764,
              34.009332
            ],
            [
              -118.054937,
              34.009178
            ],
            [
              -118.055094,
              34.008993
            ],
            [
              -118.055142,
              34.008909
            ],
            [
              -118.055146,
              34.008748
            ],
            [
              -118.055229,
              34.008491
            ]
          ],
          [
            [
              -118.056006,
              34.005369
            ],
            [
              -118.055909,
              34.006162
            ]
          ],
          [
            [
              -118.056044,
              34.005054
            ],
            [
              -118.056015,
              34.005295
            ],
            [
              -118.056044,
              34.005054
            ]
          ],
          [
            [
              -118.056301,
              34.003663
            ],
            [
              -118.05622,
              34.003764
            ],
            [
              -118.056301,
              34.003663
            ],
            [
              -118.056409,
              34.002748
            ],
            [
              -118.056428,
              34.002438
            ],
            [
              -118.056413,
              34.002158
            ],
            [
              -118.056351,
              34.001817
            ],
            [
              -118.05627,
              34.001545
            ],
            [
              -118.056216,
              34.001352
            ],
            [
              -118.056172,
              34.001194
            ],
            [
              -118.055873,
              34.000217
            ],
            [
              -118.055786,
              34.000019
            ],
            [
              -118.05565,
              33.999764
            ],
            [
              -118.055596,
              33.999698
            ],
            [
              -118.05533,
              33.999371
            ],
            [
              -118.055235,
              33.999229
            ],
            [
              -118.055224,
              33.999142
            ],
            [
              -118.055233,
              33.999024
            ],
            [
              -118.055281,
              33.998938
            ],
            [
              -118.055392,
              33.998809
            ]
          ],
          [
            [
              -118.056004,
              33.998072
            ],
            [
              -118.055867,
              33.998213
            ],
            [
              -118.056004,
              33.998072
            ]
          ],
          [
            [
              -118.058176,
              33.995894
            ],
            [
              -118.05809,
              33.995981
            ],
            [
              -118.058176,
              33.995894
            ]
          ],
          [
            [
              -118.058785,
              33.995272
            ],
            [
              -118.058656,
              33.995404
            ]
          ],
          [
            [
              -118.061672,
              33.99235
            ],
            [
              -118.06141,
              33.99262
            ],
            [
              -118.061672,
              33.99235
            ],
            [
              -118.061734,
              33.992286
            ]
          ],
          [
            [
              -118.063975,
              33.990002
            ],
            [
              -118.063657,
              33.990313
            ]
          ],
          [
            [
              -118.064278,
              33.989651
            ],
            [
              -118.064099,
              33.989841
            ],
            [
              -118.064278,
              33.989651
            ]
          ],
          [
            [
              -118.067706,
              33.986206
            ],
            [
              -118.06765,
              33.986262
            ],
            [
              -118.067706,
              33.986206
            ]
          ],
          [
            [
              -118.06856,
              33.985334
            ],
            [
              -118.067955,
              33.985956
            ]
          ],
          [
            [
              -118.070004,
              33.983866
            ],
            [
              -118.069283,
              33.984601
            ],
            [
              -118.070004,
              33.983866
            ],
            [
              -118.070387,
              33.983438
            ]
          ],
          [
            [
              -118.071343,
              33.982522
            ],
            [
              -118.071,
              33.982843
            ]
          ],
          [
            [
              -118.073321,
              33.980539
            ],
            [
              -118.073116,
              33.980745
            ],
            [
              -118.073321,
              33.980539
            ]
          ],
          [
            [
              -118.075659,
              33.976208
            ],
            [
              -118.075757,
              33.976518
            ],
            [
              -118.075659,
              33.976208
            ]
          ],
          [
            [
              -118.074098,
              33.972698
            ],
            [
              -118.074229,
              33.973019
            ]
          ],
          [
            [
              -118.073629,
              33.971874
            ],
            [
              -118.073759,
              33.972106
            ],
            [
              -118.073629,
              33.971874
            ]
          ],
          [
            [
              -118.071732,
              33.969073
            ],
            [
              -118.072743,
              33.970381
            ],
            [
              -118.071732,
              33.969073
            ],
            [
              -118.071603,
              33.968907
            ]
          ],
          [
            [
              -118.070901,
              33.966867
            ],
            [
              -118.070974,
              33.96738
            ]
          ],
          [
            [
              -118.070649,
              33.965035
            ],
            [
              -118.070694,
              33.965367
            ],
            [
              -118.070649,
              33.965035
            ]
          ],
          [
            [
              -118.075774,
              33.965518
            ],
            [
              -118.075482,
              33.965446
            ],
            [
              -118.075774,
              33.965518
            ]
          ],
          [
            [
              -118.079207,
              33.966355
            ],
            [
              -118.078978,
              33.966301
            ],
            [
              -118.079207,
              33.966355
            ],
            [
              -118.079425,
              33.966406
            ]
          ],
          [
            [
              -118.080832,
              33.966789
            ],
            [
              -118.080692,
              33.966684
            ],
            [
              -118.080832,
              33.966789
            ],
            [
              -118.0812,
              33.966865
            ],
            [
              -118.082152,
              33.967064
            ],
            [
              -118.082292,
              33.967098
            ],
            [
              -118.08236,
              33.966985
            ],
            [
              -118.082491,
              33.966679
            ],
            [
              -118.08263,
              33.966356
            ],
            [
              -118.082669,
              33.966228
            ]
          ],
          [
            [
              -118.082948,
              33.965057
            ],
            [
              -118.082851,
              33.965116
            ],
            [
              -118.082948,
              33.965057
            ],
            [
              -118.082951,
              33.965002
            ],
            [
              -118.082955,
              33.964948
            ],
            [
              -118.082958,
              33.964908
            ],
            [
              -118.082973,
              33.964679
            ]
          ],
          [
            [
              -118.083614,
              33.961692
            ],
            [
              -118.083482,
              33.961777
            ],
            [
              -118.083614,
              33.961692
            ],
            [
              -118.08368,
              33.961556
            ],
            [
              -118.083706,
              33.961502
            ],
            [
              -118.083794,
              33.961326
            ],
            [
              -118.084058,
              33.96088
            ],
            [
              -118.08426,
              33.96041
            ],
            [
              -118.084406,
              33.960045
            ],
            [
              -118.084562,
              33.959632
            ],
            [
              -118.084627,
              33.959469
            ],
            [
              -118.08488,
              33.958837
            ],
            [
              -118.085032,
              33.95846
            ],
            [
              -118.085084,
              33.958323
            ],
            [
              -118.085123,
              33.958219
            ],
            [
              -118.085288,
              33.957805
            ],
            [
              -118.085462,
              33.957372
            ],
            [
              -118.085553,
              33.957128
            ],
            [
              -118.085634,
              33.956917
            ],
            [
              -118.085678,
              33.956701
            ],
            [
              -118.08571,
              33.95652
            ],
            [
              -118.085749,
              33.95635
            ],
            [
              -118.085828,
              33.956065
            ],
            [
              -118.085856,
              33.955998
            ],
            [
              -118.085999,
              33.955667
            ],
            [
              -118.086207,
              33.955151
            ],
            [
              -118.086266,
              33.955
            ],
            [
              -118.086395,
              33.954681
            ],
            [
              -118.086566,
              33.954209
            ],
            [
              -118.086812,
              33.953597
            ],
            [
              -118.087006,
              33.953122
            ],
            [
              -118.08723,
              33.952668
            ],
            [
              -118.087358,
              33.952452
            ],
            [
              -118.087489,
              33.95223
            ],
            [
              -118.087769,
              33.95175
            ],
            [
              -118.088049,
              33.951276
            ],
            [
              -118.088343,
              33.950782
            ],
            [
              -118.088603,
              33.950332
            ],
            [
              -118.089025,
              33.949613
            ],
            [
              -118.089039,
              33.94959
            ],
            [
              -118.089165,
              33.949377
            ],
            [
              -118.089233,
              33.949263
            ],
            [
              -118.089508,
              33.948826
            ],
            [
              -118.089586,
              33.948706
            ],
            [
              -118.089791,
              33.948352
            ],
            [
              -118.089865,
              33.948223
            ],
            [
              -118.090006,
              33.947979
            ],
            [
              -118.090032,
              33.947931
            ],
            [
              -118.090243,
              33.947583
            ],
            [
              -118.090349,
              33.947367
            ],
            [
              -118.090413,
              33.947229
            ],
            [
              -118.090463,
              33.947064
            ],
            [
              -118.090551,
              33.946777
            ],
            [
              -118.090591,
              33.946608
            ],
            [
              -118.090633,
              33.946397
            ],
            [
              -118.09066,
              33.94621
            ],
            [
              -118.090681,
              33.945828
            ],
            [
              -118.090681,
              33.945598
            ],
            [
              -118.09068,
              33.94537
            ],
            [
              -118.090678,
              33.94488
            ],
            [
              -118.090673,
              33.944387
            ],
            [
              -118.090673,
              33.944003
            ],
            [
              -118.090672,
              33.943874
            ],
            [
              -118.090673,
              33.943551
            ],
            [
              -118.090673,
              33.943246
            ],
            [
              -118.090674,
              33.942937
            ],
            [
              -118.090669,
              33.942441
            ],
            [
              -118.090664,
              33.94176
            ],
            [
              -118.090662,
              33.939839
            ],
            [
              -118.090664,
              33.939509
            ],
            [
              -118.090665,
              33.939307
            ],
            [
              -118.090658,
              33.939022
            ],
            [
              -118.090656,
              33.938795
            ],
            [
              -118.09065,
              33.938215
            ],
            [
              -118.090645,
              33.937189
            ],
            [
              -118.090648,
              33.936777
            ],
            [
              -118.090652,
              33.936344
            ],
            [
              -118.09065,
              33.935866
            ],
            [
              -118.090648,
              33.935375
            ],
            [
              -118.09058,
              33.935273
            ],
            [
              -118.089527,
              33.935249
            ],
            [
              -118.08944,
              33.935327
            ],
            [
              -118.088852,
              33.93531
            ],
            [
              -118.088556,
              33.935311
            ]
          ],
          [
            [
              -118.0877,
              33.935258
            ],
            [
              -118.087853,
              33.935315
            ],
            [
              -118.0877,
              33.935258
            ],
            [
              -118.087111,
              33.935255
            ],
            [
              -118.08648,
              33.935253
            ],
            [
              -118.085471,
              33.935247
            ],
            [
              -118.085024,
              33.935244
            ],
            [
              -118.0849,
              33.935308
            ],
            [
              -118.084658,
              33.935309
            ]
          ],
          [
            [
              -118.082713,
              33.935254
            ],
            [
              -118.082823,
              33.935319
            ],
            [
              -118.082713,
              33.935254
            ],
            [
              -118.082542,
              33.935255
            ],
            [
              -118.082279,
              33.935256
            ],
            [
              -118.081855,
              33.935253
            ],
            [
              -118.08148,
              33.935252
            ],
            [
              -118.080686,
              33.93525
            ]
          ],
          [
            [
              -118.076667,
              33.935321
            ],
            [
              -118.077644,
              33.935315
            ],
            [
              -118.076667,
              33.935321
            ]
          ],
          [
            [
              -118.073378,
              33.935332
            ],
            [
              -118.073689,
              33.935329
            ]
          ],
          [
            [
              -118.072766,
              33.934952
            ],
            [
              -118.072766,
              33.935338
            ],
            [
              -118.072766,
              33.934952
            ],
            [
              -118.072768,
              33.932366
            ],
            [
              -118.072772,
              33.931709
            ],
            [
              -118.072765,
              33.931177
            ],
            [
              -118.072762,
              33.930983
            ],
            [
              -118.072762,
              33.930273
            ],
            [
              -118.072762,
              33.93021
            ],
            [
              -118.072761,
              33.929981
            ],
            [
              -118.072759,
              33.929574
            ],
            [
              -118.072761,
              33.929061
            ],
            [
              -118.072762,
              33.928862
            ],
            [
              -118.072762,
              33.92865
            ],
            [
              -118.072762,
              33.928373
            ],
            [
              -118.072759,
              33.92817
            ],
            [
              -118.072761,
              33.92791
            ],
            [
              -118.072765,
              33.927469
            ],
            [
              -118.07275,
              33.926712
            ],
            [
              -118.072744,
              33.926578
            ],
            [
              -118.072746,
              33.926278
            ],
            [
              -118.072745,
              33.926023
            ],
            [
              -118.072745,
              33.925961
            ],
            [
              -118.072745,
              33.925882
            ],
            [
              -118.072726,
              33.925126
            ],
            [
              -118.072725,
              33.924486
            ],
            [
              -118.072711,
              33.923777
            ],
            [
              -118.072714,
              33.923505
            ],
            [
              -118.072715,
              33.923369
            ],
            [
              -118.072712,
              33.923062
            ],
            [
              -118.072702,
              33.922345
            ],
            [
              -118.072714,
              33.920908
            ],
            [
              -118.072715,
              33.920785
            ],
            [
              -118.072697,
              33.92002
            ],
            [
              -118.072697,
              33.920007
            ],
            [
              -118.07268,
              33.91932
            ],
            [
              -118.072681,
              33.919201
            ],
            [
              -118.072681,
              33.919098
            ],
            [
              -118.072672,
              33.918558
            ],
            [
              -118.072665,
              33.918204
            ],
            [
              -118.07266,
              33.917987
            ],
            [
              -118.072653,
              33.917745
            ],
            [
              -118.072648,
              33.917587
            ],
            [
              -118.072643,
              33.917207
            ],
            [
              -118.07264,
              33.917083
            ],
            [
              -118.072642,
              33.916856
            ],
            [
              -118.072644,
              33.916483
            ],
            [
              -118.072645,
              33.91629
            ],
            [
              -118.072647,
              33.915983
            ],
            [
              -118.072652,
              33.915247
            ],
            [
              -118.072655,
              33.914594
            ],
            [
              -118.072656,
              33.914479
            ],
            [
              -118.072657,
              33.914288
            ],
            [
              -118.072658,
              33.91419
            ],
            [
              -118.072661,
              33.914085
            ],
            [
              -118.072665,
              33.913922
            ],
            [
              -118.072773,
              33.913558
            ],
            [
              -118.072886,
              33.913232
            ],
            [
              -118.072955,
              33.913088
            ],
            [
              -118.073102,
              33.912834
            ],
            [
              -118.073296,
              33.912622
            ],
            [
              -118.073866,
              33.911848
            ],
            [
              -118.073887,
              33.91182
            ],
            [
              -118.07425,
              33.911323
            ],
            [
              -118.074376,
              33.911153
            ],
            [
              -118.074427,
              33.911081
            ],
            [
              -118.074699,
              33.910733
            ],
            [
              -118.074888,
              33.910492
            ],
            [
              -118.075018,
              33.91033
            ],
            [
              -118.075379,
              33.909869
            ],
            [
              -118.075683,
              33.909486
            ],
            [
              -118.07575,
              33.909405
            ],
            [
              -118.07619,
              33.908865
            ],
            [
              -118.076191,
              33.908865
            ],
            [
              -118.076352,
              33.908668
            ],
            [
              -118.076584,
              33.908233
            ],
            [
              -118.076806,
              33.907867
            ],
            [
              -118.076886,
              33.907762
            ],
            [
              -118.076995,
              33.907629
            ]
          ],
          [
            [
              -118.082369,
              33.909862
            ],
            [
              -118.082251,
              33.909831
            ],
            [
              -118.082369,
              33.909862
            ],
            [
              -118.082487,
              33.909575
            ],
            [
              -118.082585,
              33.909338
            ],
            [
              -118.08264,
              33.909188
            ],
            [
              -118.082689,
              33.909032
            ],
            [
              -118.082735,
              33.908814
            ],
            [
              -118.082751,
              33.908619
            ],
            [
              -118.082772,
              33.908321
            ],
            [
              -118.082764,
              33.907456
            ],
            [
              -118.082735,
              33.906586
            ],
            [
              -118.082733,
              33.906231
            ],
            [
              -118.082725,
              33.905377
            ],
            [
              -118.082723,
              33.904991
            ],
            [
              -118.082717,
              33.903957
            ],
            [
              -118.082707,
              33.903058
            ],
            [
              -118.082704,
              33.902398
            ],
            [
              -118.082668,
              33.902258
            ],
            [
              -118.082613,
              33.902121
            ],
            [
              -118.082608,
              33.901559
            ]
          ],
          [
            [
              -118.082595,
              33.900134
            ],
            [
              -118.082597,
              33.900352
            ],
            [
              -118.082595,
              33.900134
            ],
            [
              -118.082584,
              33.898904
            ],
            [
              -118.082577,
              33.898516
            ],
            [
              -118.082574,
              33.89824
            ]
          ],
          [
            [
              -118.082537,
              33.894914
            ],
            [
              -118.082544,
              33.895267
            ],
            [
              -118.082537,
              33.894914
            ],
            [
              -118.082537,
              33.894638
            ]
          ],
          [
            [
              -118.082508,
              33.892309
            ],
            [
              -118.08251,
              33.892453
            ],
            [
              -118.082508,
              33.892309
            ]
          ],
          [
            [
              -118.082482,
              33.890707
            ],
            [
              -118.082486,
              33.890856
            ]
          ],
          [
            [
              -118.082476,
              33.89017
            ],
            [
              -118.08248,
              33.890389
            ],
            [
              -118.082476,
              33.89017
            ]
          ],
          [
            [
              -118.082523,
              33.888364
            ],
            [
              -118.08246,
              33.888504
            ],
            [
              -118.082523,
              33.888364
            ],
            [
              -118.08252,
              33.888234
            ],
            [
              -118.082514,
              33.88788
            ],
            [
              -118.08251,
              33.887688
            ],
            [
              -118.08358,
              33.887682
            ],
            [
              -118.084143,
              33.887677
            ],
            [
              -118.084675,
              33.887679
            ],
            [
              -118.085269,
              33.887679
            ],
            [
              -118.085971,
              33.887676
            ],
            [
              -118.086652,
              33.887671
            ],
            [
              -118.08688,
              33.88767
            ],
            [
              -118.088275,
              33.887668
            ],
            [
              -118.088566,
              33.887664
            ],
            [
              -118.089323,
              33.887655
            ],
            [
              -118.089609,
              33.887656
            ],
            [
              -118.090274,
              33.887643
            ],
            [
              -118.091192,
              33.887637
            ],
            [
              -118.091419,
              33.887637
            ],
            [
              -118.092379,
              33.887634
            ],
            [
              -118.092821,
              33.887638
            ],
            [
              -118.093802,
              33.887636
            ],
            [
              -118.093853,
              33.887636
            ],
            [
              -118.094598,
              33.887634
            ],
            [
              -118.095549,
              33.887631
            ],
            [
              -118.095825,
              33.887628
            ],
            [
              -118.09635,
              33.887624
            ],
            [
              -118.09667,
              33.887624
            ],
            [
              -118.097396,
              33.887622
            ],
            [
              -118.097834,
              33.887633
            ],
            [
              -118.098182,
              33.887629
            ],
            [
              -118.0991,
              33.887619
            ],
            [
              -118.099589,
              33.887615
            ],
            [
              -118.099836,
              33.887613
            ],
            [
              -118.099995,
              33.887612
            ],
            [
              -118.100602,
              33.887608
            ],
            [
              -118.100953,
              33.887606
            ],
            [
              -118.101273,
              33.887608
            ],
            [
              -118.101373,
              33.887607
            ],
            [
              -118.102045,
              33.887601
            ],
            [
              -118.102595,
              33.887596
            ],
            [
              -118.103469,
              33.887589
            ],
            [
              -118.103959,
              33.887584
            ],
            [
              -118.104956,
              33.887638
            ],
            [
              -118.105169,
              33.887648
            ],
            [
              -118.105809,
              33.887681
            ],
            [
              -118.105915,
              33.887688
            ],
            [
              -118.106349,
              33.88771
            ],
            [
              -118.107852,
              33.887786
            ],
            [
              -118.107931,
              33.887792
            ],
            [
              -118.108967,
              33.887874
            ],
            [
              -118.10913,
              33.887886
            ],
            [
              -118.109511,
              33.887917
            ],
            [
              -118.110863,
              33.888017
            ]
          ],
          [
            [
              -118.113395,
              33.88852
            ],
            [
              -118.113048,
              33.888368
            ]
          ],
          [
            [
              -118.113726,
              33.888665
            ],
            [
              -118.113565,
              33.888595
            ],
            [
              -118.113726,
              33.888665
            ]
          ],
          [
            [
              -118.117398,
              33.889366
            ],
            [
              -118.116623,
              33.88937
            ],
            [
              -118.117398,
              33.889366
            ],
            [
              -118.117386,
              33.888915
            ],
            [
              -118.117381,
              33.888697
            ],
            [
              -118.117368,
              33.888175
            ],
            [
              -118.117367,
              33.88812
            ],
            [
              -118.117349,
              33.887382
            ],
            [
              -118.117349,
              33.887353
            ],
            [
              -118.117345,
              33.886724
            ],
            [
              -118.117343,
              33.886386
            ],
            [
              -118.117337,
              33.885543
            ],
            [
              -118.117332,
              33.884666
            ],
            [
              -118.117331,
              33.884485
            ],
            [
              -118.117328,
              33.884016
            ],
            [
              -118.117327,
              33.883749
            ],
            [
              -118.117332,
              33.882811
            ],
            [
              -118.117335,
              33.882385
            ],
            [
              -118.117335,
              33.882275
            ],
            [
              -118.117382,
              33.88221
            ],
            [
              -118.117421,
              33.882171
            ],
            [
              -118.117464,
              33.882147
            ],
            [
              -118.117529,
              33.88213
            ],
            [
              -118.11761,
              33.882128
            ],
            [
              -118.11771,
              33.882133
            ],
            [
              -118.117812,
              33.882162
            ],
            [
              -118.117912,
              33.882173
            ],
            [
              -118.118224,
              33.882137
            ],
            [
              -118.118467,
              33.882095
            ],
            [
              -118.119057,
              33.882088
            ],
            [
              -118.119194,
              33.882088
            ],
            [
              -118.120208,
              33.882088
            ],
            [
              -118.120425,
              33.882088
            ],
            [
              -118.120891,
              33.882088
            ],
            [
              -118.121757,
              33.882091
            ],
            [
              -118.122081,
              33.882092
            ],
            [
              -118.122198,
              33.882093
            ],
            [
              -118.122265,
              33.882093
            ],
            [
              -118.124153,
              33.882104
            ],
            [
              -118.124689,
              33.882095
            ],
            [
              -118.125254,
              33.882091
            ],
            [
              -118.125783,
              33.882087
            ],
            [
              -118.126061,
              33.882084
            ],
            [
              -118.127466,
              33.882073
            ],
            [
              -118.128932,
              33.882067
            ],
            [
              -118.129129,
              33.882066
            ],
            [
              -118.129831,
              33.882062
            ],
            [
              -118.13017,
              33.882061
            ],
            [
              -118.130888,
              33.882057
            ],
            [
              -118.131548,
              33.882054
            ],
            [
              -118.132545,
              33.882049
            ],
            [
              -118.133942,
              33.882042
            ],
            [
              -118.133947,
              33.882922
            ],
            [
              -118.133953,
              33.883958
            ],
            [
              -118.133954,
              33.884059
            ],
            [
              -118.133957,
              33.884618
            ],
            [
              -118.13396,
              33.884771
            ],
            [
              -118.133959,
              33.885448
            ],
            [
              -118.133967,
              33.886321
            ],
            [
              -118.133979,
              33.887165
            ],
            [
              -118.13398,
              33.887218
            ],
            [
              -118.133979,
              33.887982
            ],
            [
              -118.133981,
              33.888224
            ],
            [
              -118.133987,
              33.888999
            ],
            [
              -118.133987,
              33.889019
            ],
            [
              -118.13399,
              33.889308
            ],
            [
              -118.133989,
              33.889611
            ],
            [
              -118.133988,
              33.889994
            ],
            [
              -118.13399,
              33.890407
            ],
            [
              -118.133991,
              33.890487
            ],
            [
              -118.133996,
              33.891421
            ],
            [
              -118.133997,
              33.891666
            ],
            [
              -118.134002,
              33.892521
            ],
            [
              -118.134015,
              33.893381
            ],
            [
              -118.134015,
              33.894268
            ],
            [
              -118.134016,
              33.894484
            ],
            [
              -118.13402,
              33.895167
            ],
            [
              -118.134024,
              33.896146
            ],
            [
              -118.134025,
              33.896543
            ],
            [
              -118.134026,
              33.896779
            ],
            [
              -118.134027,
              33.896954
            ],
            [
              -118.134033,
              33.897946
            ],
            [
              -118.13404,
              33.899229
            ],
            [
              -118.134043,
              33.899742
            ],
            [
              -118.134053,
              33.900184
            ],
            [
              -118.134048,
              33.900611
            ],
            [
              -118.134052,
              33.90139
            ],
            [
              -118.134054,
              33.901641
            ],
            [
              -118.134056,
              33.901951
            ],
            [
              -118.134056,
              33.902062
            ],
            [
              -118.134062,
              33.903149
            ],
            [
              -118.134063,
              33.903258
            ],
            [
              -118.134064,
              33.903419
            ],
            [
              -118.134065,
              33.903584
            ],
            [
              -118.134066,
              33.903836
            ],
            [
              -118.134068,
              33.904097
            ],
            [
              -118.133505,
              33.904107
            ],
            [
              -118.133284,
              33.904111
            ],
            [
              -118.132657,
              33.904105
            ],
            [
              -118.132112,
              33.904058
            ],
            [
              -118.131828,
              33.904033
            ],
            [
              -118.131538,
              33.903997
            ],
            [
              -118.131248,
              33.903944
            ],
            [
              -118.131208,
              33.903935
            ],
            [
              -118.130916,
              33.903868
            ],
            [
              -118.130808,
              33.90384
            ],
            [
              -118.130588,
              33.903784
            ],
            [
              -118.130315,
              33.903699
            ],
            [
              -118.130004,
              33.903601
            ],
            [
              -118.129693,
              33.903476
            ],
            [
              -118.129376,
              33.903343
            ],
            [
              -118.129086,
              33.903218
            ],
            [
              -118.128835,
              33.903099
            ],
            [
              -118.128825,
              33.903094
            ],
            [
              -118.127465,
              33.902452
            ],
            [
              -118.127204,
              33.902346
            ],
            [
              -118.126877,
              33.902234
            ],
            [
              -118.126592,
              33.902158
            ],
            [
              -118.126302,
              33.902092
            ],
            [
              -118.125975,
              33.902043
            ],
            [
              -118.12586,
              33.902029
            ],
            [
              -118.12568,
              33.902007
            ],
            [
              -118.125321,
              33.901985
            ],
            [
              -118.124931,
              33.901986
            ],
            [
              -118.124661,
              33.901987
            ],
            [
              -118.124205,
              33.90199
            ],
            [
              -118.122192,
              33.902002
            ],
            [
              -118.121997,
              33.902002
            ],
            [
              -118.121778,
              33.902002
            ],
            [
              -118.121457,
              33.902004
            ],
            [
              -118.120965,
              33.902008
            ],
            [
              -118.119308,
              33.902016
            ],
            [
              -118.119008,
              33.902015
            ],
            [
              -118.117512,
              33.902026
            ],
            [
              -118.117367,
              33.902025
            ],
            [
              -118.116656,
              33.902028
            ],
            [
              -118.116655,
              33.901552
            ],
            [
              -118.116654,
              33.901489
            ]
          ]
        ]
      }
    },
    {
      "type": "Feature",
      "properties": {
        "agency_name": "Norwalk Transit System",
        "route_id": "2",
        "agency_id": "0",
        "route_short_name": "2",
        "route_long_name": "NSQ/C Line/Cerritos College/Cerritos Mal",
        "route_type": 3,
        "route_color": "#0083A8",
        "route_text_color": "#ffffff",
        "route_sort_order": 2
      },
      "geometry": {
        "type": "MultiLineString",
        "coordinates": [
          [
            [
              -118.082553,
              33.903057
            ],
            [
              -118.082556,
              33.902993
            ],
            [
              -118.082553,
              33.903057
            ],
            [
              -118.08255,
              33.903957
            ],
            [
              -118.082561,
              33.905087
            ],
            [
              -118.082564,
              33.905382
            ],
            [
              -118.082577,
              33.906238
            ],
            [
              -118.082602,
              33.906592
            ],
            [
              -118.082602,
              33.907459
            ],
            [
              -118.082621,
              33.908172
            ],
            [
              -118.082626,
              33.908324
            ],
            [
              -118.082619,
              33.908616
            ],
            [
              -118.082604,
              33.908771
            ],
            [
              -118.082562,
              33.908987
            ],
            [
              -118.082457,
              33.909317
            ],
            [
              -118.082378,
              33.909514
            ],
            [
              -118.082364,
              33.90955
            ],
            [
              -118.082251,
              33.909831
            ],
            [
              -118.081886,
              33.909727
            ],
            [
              -118.081722,
              33.90968
            ],
            [
              -118.081341,
              33.909536
            ],
            [
              -118.080907,
              33.909302
            ],
            [
              -118.078964,
              33.908255
            ],
            [
              -118.07877,
              33.908155
            ],
            [
              -118.078047,
              33.907779
            ],
            [
              -118.077861,
              33.907682
            ],
            [
              -118.077742,
              33.907626
            ],
            [
              -118.077571,
              33.907558
            ],
            [
              -118.077167,
              33.90742
            ],
            [
              -118.077003,
              33.90739
            ],
            [
              -118.076811,
              33.907633
            ],
            [
              -118.076687,
              33.90779
            ],
            [
              -118.076458,
              33.908162
            ],
            [
              -118.076367,
              33.908387
            ],
            [
              -118.076253,
              33.908565
            ],
            [
              -118.076055,
              33.908828
            ],
            [
              -118.075977,
              33.908931
            ],
            [
              -118.075894,
              33.909027
            ],
            [
              -118.075639,
              33.909336
            ],
            [
              -118.075575,
              33.909417
            ],
            [
              -118.075106,
              33.910033
            ],
            [
              -118.074922,
              33.910276
            ],
            [
              -118.074535,
              33.910807
            ],
            [
              -118.074355,
              33.91104
            ],
            [
              -118.074302,
              33.911105
            ],
            [
              -118.074156,
              33.911276
            ],
            [
              -118.073744,
              33.911759
            ],
            [
              -118.073187,
              33.912544
            ],
            [
              -118.073006,
              33.912787
            ],
            [
              -118.072825,
              33.913025
            ],
            [
              -118.072711,
              33.91317
            ],
            [
              -118.072586,
              33.913527
            ],
            [
              -118.072518,
              33.913903
            ],
            [
              -118.072509,
              33.914189
            ],
            [
              -118.072512,
              33.9145
            ],
            [
              -118.072519,
              33.915291
            ],
            [
              -118.072513,
              33.915614
            ],
            [
              -118.07252,
              33.916584
            ],
            [
              -118.07251,
              33.917079
            ],
            [
              -118.072512,
              33.917203
            ],
            [
              -118.072643,
              33.917207
            ],
            [
              -118.0734,
              33.917201
            ],
            [
              -118.074007,
              33.917196
            ],
            [
              -118.074341,
              33.917193
            ],
            [
              -118.074762,
              33.91719
            ],
            [
              -118.076448,
              33.917193
            ],
            [
              -118.076547,
              33.917193
            ],
            [
              -118.076615,
              33.917193
            ],
            [
              -118.076932,
              33.917194
            ],
            [
              -118.076949,
              33.917194
            ],
            [
              -118.077848,
              33.917182
            ],
            [
              -118.078643,
              33.91718
            ],
            [
              -118.07898,
              33.917175
            ],
            [
              -118.080621,
              33.917177
            ],
            [
              -118.081055,
              33.917182
            ],
            [
              -118.08175,
              33.917161
            ],
            [
              -118.081891,
              33.917172
            ],
            [
              -118.082201,
              33.917171
            ],
            [
              -118.082593,
              33.917169
            ],
            [
              -118.083357,
              33.917166
            ],
            [
              -118.083936,
              33.917164
            ],
            [
              -118.08398,
              33.917164
            ],
            [
              -118.08407,
              33.917163
            ],
            [
              -118.085556,
              33.91715
            ],
            [
              -118.08595,
              33.917148
            ],
            [
              -118.086158,
              33.917148
            ],
            [
              -118.089101,
              33.917153
            ],
            [
              -118.089466,
              33.917157
            ],
            [
              -118.089696,
              33.917159
            ],
            [
              -118.089979,
              33.917162
            ],
            [
              -118.090276,
              33.917173
            ],
            [
              -118.090543,
              33.917177
            ],
            [
              -118.090745,
              33.917177
            ],
            [
              -118.091065,
              33.917176
            ],
            [
              -118.091712,
              33.917177
            ],
            [
              -118.092576,
              33.917179
            ],
            [
              -118.094334,
              33.917152
            ],
            [
              -118.094595,
              33.917147
            ],
            [
              -118.0948,
              33.917144
            ],
            [
              -118.09484,
              33.917144
            ],
            [
              -118.09486,
              33.917143
            ],
            [
              -118.095955,
              33.917143
            ],
            [
              -118.098065,
              33.917141
            ],
            [
              -118.098479,
              33.917144
            ],
            [
              -118.099177,
              33.917146
            ],
            [
              -118.099321,
              33.91715
            ],
            [
              -118.099839,
              33.91715
            ],
            [
              -118.100004,
              33.917148
            ],
            [
              -118.100181,
              33.917147
            ],
            [
              -118.101417,
              33.91715
            ],
            [
              -118.102444,
              33.917153
            ],
            [
              -118.102698,
              33.917154
            ],
            [
              -118.103471,
              33.917162
            ],
            [
              -118.103454,
              33.917051
            ],
            [
              -118.10343,
              33.916297
            ],
            [
              -118.103418,
              33.916009
            ],
            [
              -118.103412,
              33.915908
            ],
            [
              -118.1034,
              33.91538
            ],
            [
              -118.1034,
              33.914715
            ],
            [
              -118.103397,
              33.914634
            ],
            [
              -118.1034,
              33.914533
            ],
            [
              -118.1034,
              33.914419
            ],
            [
              -118.103395,
              33.914174
            ],
            [
              -118.103392,
              33.913984
            ],
            [
              -118.103391,
              33.913879
            ],
            [
              -118.103393,
              33.913833
            ],
            [
              -118.103392,
              33.913762
            ],
            [
              -118.103391,
              33.913676
            ],
            [
              -118.103728,
              33.913677
            ],
            [
              -118.103728,
              33.91351
            ],
            [
              -118.103727,
              33.913359
            ],
            [
              -118.103727,
              33.913345
            ],
            [
              -118.103727,
              33.913167
            ],
            [
              -118.103726,
              33.913003
            ],
            [
              -118.103726,
              33.912829
            ],
            [
              -118.103725,
              33.912653
            ],
            [
              -118.103725,
              33.912496
            ],
            [
              -118.103379,
              33.912496
            ],
            [
              -118.103381,
              33.912673
            ],
            [
              -118.103382,
              33.912831
            ],
            [
              -118.103384,
              33.913003
            ],
            [
              -118.103386,
              33.913168
            ],
            [
              -118.103388,
              33.913346
            ],
            [
              -118.103389,
              33.913509
            ]
          ],
          [
            [
              -118.102679,
              33.914006
            ],
            [
              -118.103391,
              33.913879
            ],
            [
              -118.102679,
              33.914006
            ],
            [
              -118.102189,
              33.914105
            ],
            [
              -118.101829,
              33.914169
            ],
            [
              -118.101537,
              33.914209
            ],
            [
              -118.100801,
              33.914241
            ],
            [
              -118.099486,
              33.914232
            ],
            [
              -118.099306,
              33.914231
            ],
            [
              -118.099303,
              33.913508
            ],
            [
              -118.0993,
              33.912957
            ],
            [
              -118.099302,
              33.912585
            ],
            [
              -118.099301,
              33.912449
            ],
            [
              -118.0993,
              33.912174
            ],
            [
              -118.0993,
              33.911589
            ],
            [
              -118.0993,
              33.911294
            ],
            [
              -118.099302,
              33.910993
            ],
            [
              -118.099305,
              33.910533
            ],
            [
              -118.099307,
              33.910087
            ],
            [
              -118.099309,
              33.909823
            ],
            [
              -118.099318,
              33.909091
            ],
            [
              -118.099315,
              33.908228
            ],
            [
              -118.099346,
              33.907753
            ],
            [
              -118.099428,
              33.907347
            ],
            [
              -118.099583,
              33.906878
            ],
            [
              -118.099635,
              33.90672
            ],
            [
              -118.099699,
              33.906524
            ],
            [
              -118.099913,
              33.905715
            ],
            [
              -118.099961,
              33.905535
            ],
            [
              -118.100013,
              33.905377
            ],
            [
              -118.10009,
              33.904956
            ],
            [
              -118.100111,
              33.904605
            ],
            [
              -118.100111,
              33.904417
            ],
            [
              -118.100105,
              33.904144
            ],
            [
              -118.100109,
              33.903686
            ],
            [
              -118.100105,
              33.903428
            ],
            [
              -118.100098,
              33.90301
            ],
            [
              -118.100094,
              33.902724
            ],
            [
              -118.100089,
              33.902166
            ],
            [
              -118.100092,
              33.902034
            ],
            [
              -118.100092,
              33.901793
            ],
            [
              -118.100093,
              33.901517
            ],
            [
              -118.100091,
              33.901358
            ],
            [
              -118.100086,
              33.901135
            ],
            [
              -118.100091,
              33.900959
            ],
            [
              -118.100079,
              33.898855
            ],
            [
              -118.100083,
              33.898458
            ],
            [
              -118.100081,
              33.898258
            ],
            [
              -118.10005,
              33.895371
            ],
            [
              -118.100049,
              33.895018
            ],
            [
              -118.100048,
              33.894812
            ],
            [
              -118.100032,
              33.893366
            ],
            [
              -118.100027,
              33.893012
            ],
            [
              -118.10001,
              33.891577
            ],
            [
              -118.100009,
              33.891331
            ],
            [
              -118.100008,
              33.891184
            ],
            [
              -118.099994,
              33.889123
            ],
            [
              -118.099991,
              33.888779
            ],
            [
              -118.099995,
              33.888363
            ],
            [
              -118.099997,
              33.888195
            ],
            [
              -118.099995,
              33.887612
            ],
            [
              -118.099991,
              33.887476
            ],
            [
              -118.099984,
              33.887211
            ],
            [
              -118.099974,
              33.886784
            ],
            [
              -118.099963,
              33.886185
            ],
            [
              -118.099962,
              33.886146
            ],
            [
              -118.099951,
              33.885634
            ],
            [
              -118.099941,
              33.885265
            ],
            [
              -118.099939,
              33.884631
            ],
            [
              -118.099941,
              33.883922
            ],
            [
              -118.099939,
              33.883704
            ],
            [
              -118.099932,
              33.882957
            ],
            [
              -118.099921,
              33.882471
            ],
            [
              -118.099886,
              33.880935
            ],
            [
              -118.099876,
              33.880467
            ],
            [
              -118.099872,
              33.880284
            ],
            [
              -118.09986,
              33.879311
            ],
            [
              -118.099852,
              33.878337
            ],
            [
              -118.099844,
              33.877656
            ],
            [
              -118.099839,
              33.876983
            ],
            [
              -118.099833,
              33.876625
            ],
            [
              -118.099833,
              33.875879
            ],
            [
              -118.09982,
              33.874768
            ],
            [
              -118.099806,
              33.873683
            ],
            [
              -118.099809,
              33.872984
            ],
            [
              -118.099809,
              33.872864
            ],
            [
              -118.099805,
              33.872683
            ],
            [
              -118.099801,
              33.872536
            ],
            [
              -118.09979,
              33.872327
            ],
            [
              -118.099758,
              33.872058
            ],
            [
              -118.099738,
              33.871954
            ],
            [
              -118.099689,
              33.871727
            ],
            [
              -118.099656,
              33.871576
            ],
            [
              -118.099543,
              33.871247
            ],
            [
              -118.099361,
              33.870797
            ],
            [
              -118.099254,
              33.870522
            ],
            [
              -118.099211,
              33.870421
            ],
            [
              -118.099169,
              33.87027
            ],
            [
              -118.099127,
              33.870137
            ],
            [
              -118.099094,
              33.87003
            ],
            [
              -118.099057,
              33.86985
            ],
            [
              -118.099027,
              33.869627
            ],
            [
              -118.099006,
              33.869417
            ],
            [
              -118.098996,
              33.869264
            ],
            [
              -118.098997,
              33.869121
            ],
            [
              -118.099003,
              33.86897
            ],
            [
              -118.09901,
              33.868856
            ],
            [
              -118.099038,
              33.868693
            ],
            [
              -118.099083,
              33.868483
            ],
            [
              -118.099135,
              33.868305
            ],
            [
              -118.099203,
              33.868112
            ],
            [
              -118.099573,
              33.867097
            ],
            [
              -118.099613,
              33.866964
            ],
            [
              -118.099657,
              33.866824
            ],
            [
              -118.099689,
              33.866694
            ],
            [
              -118.099713,
              33.866553
            ],
            [
              -118.09973,
              33.866356
            ],
            [
              -118.099747,
              33.866033
            ],
            [
              -118.099745,
              33.865677
            ],
            [
              -118.099743,
              33.865576
            ],
            [
              -118.099586,
              33.865575
            ],
            [
              -118.099093,
              33.865579
            ],
            [
              -118.098586,
              33.865583
            ],
            [
              -118.098295,
              33.865588
            ],
            [
              -118.097867,
              33.865596
            ],
            [
              -118.096981,
              33.865599
            ],
            [
              -118.096186,
              33.865601
            ],
            [
              -118.09538,
              33.865604
            ],
            [
              -118.094756,
              33.865606
            ],
            [
              -118.094337,
              33.865609
            ],
            [
              -118.093565,
              33.865617
            ],
            [
              -118.093172,
              33.86562
            ],
            [
              -118.092006,
              33.86563
            ],
            [
              -118.091849,
              33.865631
            ],
            [
              -118.091189,
              33.865635
            ],
            [
              -118.091022,
              33.865684
            ],
            [
              -118.090345,
              33.865697
            ],
            [
              -118.089667,
              33.865693
            ],
            [
              -118.089327,
              33.865697
            ],
            [
              -118.088772,
              33.865701
            ],
            [
              -118.088382,
              33.865708
            ],
            [
              -118.087631,
              33.865714
            ],
            [
              -118.086577,
              33.865721
            ],
            [
              -118.085487,
              33.865732
            ],
            [
              -118.084385,
              33.865734
            ],
            [
              -118.083884,
              33.865739
            ],
            [
              -118.08353,
              33.865742
            ],
            [
              -118.083244,
              33.865745
            ],
            [
              -118.083143,
              33.865746
            ],
            [
              -118.082972,
              33.865748
            ],
            [
              -118.082761,
              33.86575
            ],
            [
              -118.082213,
              33.865755
            ],
            [
              -118.082153,
              33.86587
            ],
            [
              -118.082154,
              33.866264
            ],
            [
              -118.082164,
              33.866837
            ],
            [
              -118.082174,
              33.867957
            ],
            [
              -118.082179,
              33.868393
            ],
            [
              -118.082178,
              33.868457
            ],
            [
              -118.082177,
              33.868786
            ],
            [
              -118.082177,
              33.869034
            ],
            [
              -118.082177,
              33.869057
            ],
            [
              -118.082179,
              33.869168
            ],
            [
              -118.08218,
              33.869292
            ],
            [
              -118.082182,
              33.8694
            ],
            [
              -118.082209,
              33.870951
            ],
            [
              -118.082211,
              33.871155
            ],
            [
              -118.08221,
              33.8712
            ],
            [
              -118.082214,
              33.871536
            ],
            [
              -118.082221,
              33.871994
            ],
            [
              -118.082222,
              33.872094
            ],
            [
              -118.082233,
              33.872475
            ],
            [
              -118.082236,
              33.872899
            ],
            [
              -118.082233,
              33.873005
            ],
            [
              -118.082233,
              33.87311
            ],
            [
              -118.082237,
              33.8733
            ],
            [
              -118.082249,
              33.873837
            ],
            [
              -118.08225,
              33.87388
            ],
            [
              -118.082256,
              33.874471
            ],
            [
              -118.082258,
              33.874573
            ],
            [
              -118.082266,
              33.875233
            ],
            [
              -118.082266,
              33.875276
            ],
            [
              -118.082274,
              33.876024
            ],
            [
              -118.082282,
              33.876765
            ],
            [
              -118.082292,
              33.877223
            ],
            [
              -118.08228,
              33.877625
            ],
            [
              -118.082284,
              33.877853
            ],
            [
              -118.082282,
              33.87806
            ],
            [
              -118.08229,
              33.87857
            ],
            [
              -118.082295,
              33.8789
            ],
            [
              -118.082301,
              33.879628
            ],
            [
              -118.082312,
              33.879948
            ],
            [
              -118.082318,
              33.880386
            ],
            [
              -118.082328,
              33.880925
            ],
            [
              -118.082329,
              33.88104
            ],
            [
              -118.082336,
              33.881695
            ],
            [
              -118.082339,
              33.882068
            ],
            [
              -118.082343,
              33.882351
            ],
            [
              -118.082352,
              33.883018
            ],
            [
              -118.082359,
              33.883289
            ],
            [
              -118.08236,
              33.883483
            ],
            [
              -118.08236,
              33.883679
            ],
            [
              -118.082369,
              33.884338
            ],
            [
              -118.082375,
              33.884996
            ],
            [
              -118.082375,
              33.885056
            ],
            [
              -118.082381,
              33.885655
            ],
            [
              -118.082383,
              33.88631
            ],
            [
              -118.082388,
              33.886667
            ],
            [
              -118.082385,
              33.886962
            ],
            [
              -118.0824,
              33.88758
            ],
            [
              -118.082402,
              33.887689
            ],
            [
              -118.082401,
              33.887888
            ],
            [
              -118.082399,
              33.888352
            ],
            [
              -118.08246,
              33.888504
            ],
            [
              -118.082465,
              33.889027
            ],
            [
              -118.082474,
              33.889711
            ],
            [
              -118.082473,
              33.889831
            ],
            [
              -118.082476,
              33.890168
            ],
            [
              -118.08248,
              33.890389
            ],
            [
              -118.082482,
              33.890707
            ],
            [
              -118.082483,
              33.890743
            ],
            [
              -118.082486,
              33.890856
            ],
            [
              -118.082486,
              33.891076
            ],
            [
              -118.082502,
              33.891757
            ],
            [
              -118.08251,
              33.892453
            ],
            [
              -118.082511,
              33.892608
            ],
            [
              -118.082516,
              33.892946
            ],
            [
              -118.082518,
              33.893103
            ],
            [
              -118.082538,
              33.894479
            ],
            [
              -118.082537,
              33.894914
            ],
            [
              -118.082542,
              33.895178
            ],
            [
              -118.082544,
              33.895267
            ],
            [
              -118.082548,
              33.895436
            ],
            [
              -118.082551,
              33.896214
            ],
            [
              -118.082577,
              33.898516
            ],
            [
              -118.082581,
              33.898703
            ],
            [
              -118.082584,
              33.898904
            ],
            [
              -118.082595,
              33.900042
            ],
            [
              -118.082597,
              33.900352
            ],
            [
              -118.082606,
              33.901065
            ],
            [
              -118.082606,
              33.901317
            ],
            [
              -118.082613,
              33.902121
            ],
            [
              -118.082582,
              33.902258
            ],
            [
              -118.082579,
              33.902334
            ]
          ],
          [
            [
              -118.072647,
              33.915983
            ],
            [
              -118.072645,
              33.91629
            ],
            [
              -118.072647,
              33.915983
            ],
            [
              -118.072652,
              33.915247
            ],
            [
              -118.072655,
              33.914594
            ],
            [
              -118.072656,
              33.914479
            ],
            [
              -118.072657,
              33.914288
            ],
            [
              -118.072658,
              33.91419
            ],
            [
              -118.072661,
              33.914085
            ],
            [
              -118.072665,
              33.913922
            ],
            [
              -118.072773,
              33.913558
            ],
            [
              -118.072886,
              33.913232
            ],
            [
              -118.072955,
              33.913088
            ],
            [
              -118.073102,
              33.912834
            ],
            [
              -118.073296,
              33.912622
            ],
            [
              -118.073866,
              33.911848
            ],
            [
              -118.073887,
              33.91182
            ],
            [
              -118.07425,
              33.911323
            ],
            [
              -118.074376,
              33.911153
            ],
            [
              -118.074427,
              33.911081
            ],
            [
              -118.074699,
              33.910733
            ],
            [
              -118.074888,
              33.910492
            ],
            [
              -118.075018,
              33.91033
            ],
            [
              -118.075379,
              33.909869
            ],
            [
              -118.075683,
              33.909486
            ],
            [
              -118.07575,
              33.909405
            ],
            [
              -118.07619,
              33.908865
            ],
            [
              -118.076191,
              33.908865
            ],
            [
              -118.076352,
              33.908668
            ],
            [
              -118.076584,
              33.908233
            ],
            [
              -118.076806,
              33.907867
            ],
            [
              -118.076886,
              33.907762
            ],
            [
              -118.076995,
              33.907629
            ]
          ],
          [
            [
              -118.082369,
              33.909862
            ],
            [
              -118.082251,
              33.909831
            ],
            [
              -118.082369,
              33.909862
            ],
            [
              -118.082487,
              33.909575
            ],
            [
              -118.082585,
              33.909338
            ],
            [
              -118.08264,
              33.909188
            ],
            [
              -118.082689,
              33.909032
            ],
            [
              -118.082735,
              33.908814
            ],
            [
              -118.082751,
              33.908619
            ],
            [
              -118.082772,
              33.908321
            ],
            [
              -118.082764,
              33.907456
            ],
            [
              -118.082735,
              33.906586
            ],
            [
              -118.082733,
              33.906231
            ],
            [
              -118.082725,
              33.905377
            ]
          ],
          [
            [
              -118.082717,
              33.903957
            ],
            [
              -118.082723,
              33.904991
            ],
            [
              -118.082717,
              33.903957
            ],
            [
              -118.082707,
              33.903058
            ],
            [
              -118.082704,
              33.902398
            ],
            [
              -118.082668,
              33.902258
            ],
            [
              -118.082613,
              33.902121
            ],
            [
              -118.082608,
              33.901559
            ]
          ],
          [
            [
              -118.082595,
              33.900134
            ],
            [
              -118.082597,
              33.900352
            ],
            [
              -118.082595,
              33.900134
            ],
            [
              -118.082584,
              33.898904
            ],
            [
              -118.082577,
              33.898516
            ],
            [
              -118.082574,
              33.89824
            ]
          ],
          [
            [
              -118.082537,
              33.894914
            ],
            [
              -118.082544,
              33.895267
            ],
            [
              -118.082537,
              33.894914
            ],
            [
              -118.082537,
              33.894638
            ]
          ],
          [
            [
              -118.082508,
              33.892309
            ],
            [
              -118.08251,
              33.892453
            ],
            [
              -118.082508,
              33.892309
            ]
          ],
          [
            [
              -118.082482,
              33.890707
            ],
            [
              -118.082486,
              33.890856
            ]
          ],
          [
            [
              -118.082476,
              33.89017
            ],
            [
              -118.08248,
              33.890389
            ],
            [
              -118.082476,
              33.89017
            ]
          ],
          [
            [
              -118.082523,
              33.888364
            ],
            [
              -118.08246,
              33.888504
            ],
            [
              -118.082523,
              33.888364
            ],
            [
              -118.08252,
              33.888234
            ],
            [
              -118.082514,
              33.88788
            ],
            [
              -118.08251,
              33.887688
            ],
            [
              -118.082507,
              33.887581
            ],
            [
              -118.082496,
              33.886318
            ],
            [
              -118.082486,
              33.885495
            ],
            [
              -118.082486,
              33.885112
            ],
            [
              -118.082483,
              33.884642
            ],
            [
              -118.082481,
              33.884057
            ],
            [
              -118.082483,
              33.883679
            ],
            [
              -118.082479,
              33.883149
            ],
            [
              -118.082478,
              33.883015
            ],
            [
              -118.082473,
              33.882696
            ],
            [
              -118.08247,
              33.882353
            ],
            [
              -118.082465,
              33.882068
            ],
            [
              -118.082464,
              33.881705
            ],
            [
              -118.082456,
              33.881124
            ],
            [
              -118.082448,
              33.880834
            ],
            [
              -118.082453,
              33.880582
            ],
            [
              -118.082456,
              33.880387
            ],
            [
              -118.08244,
              33.87989
            ],
            [
              -118.082435,
              33.87963
            ],
            [
              -118.082438,
              33.879449
            ],
            [
              -118.08244,
              33.878897
            ],
            [
              -118.082437,
              33.87849
            ],
            [
              -118.082432,
              33.87806
            ],
            [
              -118.082428,
              33.877622
            ],
            [
              -118.082426,
              33.87734
            ],
            [
              -118.082424,
              33.876758
            ],
            [
              -118.082404,
              33.875995
            ],
            [
              -118.082405,
              33.875679
            ],
            [
              -118.082394,
              33.875228
            ],
            [
              -118.082381,
              33.873975
            ],
            [
              -118.082376,
              33.873415
            ],
            [
              -118.082374,
              33.873208
            ],
            [
              -118.08237,
              33.87311
            ],
            [
              -118.08237,
              33.873005
            ],
            [
              -118.082361,
              33.872499
            ],
            [
              -118.082356,
              33.872265
            ],
            [
              -118.082353,
              33.87209
            ],
            [
              -118.082339,
              33.871293
            ],
            [
              -118.082339,
              33.8712
            ],
            [
              -118.082335,
              33.870961
            ],
            [
              -118.082328,
              33.870286
            ],
            [
              -118.082323,
              33.869719
            ],
            [
              -118.082326,
              33.86949
            ],
            [
              -118.082324,
              33.869397
            ],
            [
              -118.082315,
              33.868875
            ],
            [
              -118.082313,
              33.868766
            ],
            [
              -118.082317,
              33.868575
            ],
            [
              -118.082316,
              33.868495
            ],
            [
              -118.082316,
              33.868458
            ],
            [
              -118.082304,
              33.867706
            ],
            [
              -118.08229,
              33.866837
            ],
            [
              -118.082287,
              33.866505
            ],
            [
              -118.082285,
              33.866329
            ],
            [
              -118.082284,
              33.866301
            ],
            [
              -118.082284,
              33.866279
            ],
            [
              -118.082282,
              33.865922
            ],
            [
              -118.082281,
              33.865867
            ]
          ],
          [
            [
              -118.084187,
              33.865736
            ],
            [
              -118.08353,
              33.865742
            ],
            [
              -118.084187,
              33.865736
            ]
          ],
          [
            [
              -118.091161,
              33.865745
            ],
            [
              -118.091022,
              33.865684
            ],
            [
              -118.091161,
              33.865745
            ],
            [
              -118.091824,
              33.865739
            ],
            [
              -118.092163,
              33.865736
            ],
            [
              -118.093166,
              33.865727
            ],
            [
              -118.09389,
              33.865718
            ],
            [
              -118.09476,
              33.865716
            ],
            [
              -118.095114,
              33.865714
            ],
            [
              -118.095679,
              33.86571
            ],
            [
              -118.096175,
              33.865707
            ],
            [
              -118.096188,
              33.865707
            ],
            [
              -118.097193,
              33.865706
            ],
            [
              -118.097829,
              33.865696
            ],
            [
              -118.097893,
              33.865695
            ],
            [
              -118.097937,
              33.865695
            ],
            [
              -118.098891,
              33.865684
            ],
            [
              -118.099586,
              33.865677
            ],
            [
              -118.09959,
              33.865974
            ],
            [
              -118.09959,
              33.865993
            ],
            [
              -118.099573,
              33.866282
            ],
            [
              -118.099562,
              33.866424
            ],
            [
              -118.099547,
              33.86663
            ],
            [
              -118.099519,
              33.866768
            ],
            [
              -118.099473,
              33.866937
            ],
            [
              -118.099417,
              33.867135
            ],
            [
              -118.099087,
              33.868026
            ],
            [
              -118.099007,
              33.868269
            ],
            [
              -118.098945,
              33.868505
            ],
            [
              -118.098918,
              33.868672
            ],
            [
              -118.098905,
              33.86875
            ],
            [
              -118.098886,
              33.869012
            ],
            [
              -118.098871,
              33.869266
            ],
            [
              -118.098873,
              33.869501
            ],
            [
              -118.098885,
              33.869631
            ],
            [
              -118.098916,
              33.869866
            ],
            [
              -118.098975,
              33.870128
            ],
            [
              -118.09906,
              33.870414
            ],
            [
              -118.099218,
              33.870815
            ],
            [
              -118.099433,
              33.871338
            ],
            [
              -118.099479,
              33.871453
            ],
            [
              -118.099521,
              33.871596
            ],
            [
              -118.099565,
              33.871765
            ],
            [
              -118.099606,
              33.871968
            ],
            [
              -118.09963,
              33.872169
            ],
            [
              -118.099653,
              33.872396
            ],
            [
              -118.099667,
              33.872863
            ],
            [
              -118.09967,
              33.872988
            ],
            [
              -118.099671,
              33.873344
            ],
            [
              -118.099672,
              33.873763
            ],
            [
              -118.099673,
              33.873813
            ],
            [
              -118.099673,
              33.873866
            ],
            [
              -118.099675,
              33.874393
            ],
            [
              -118.099678,
              33.874848
            ],
            [
              -118.099686,
              33.875507
            ],
            [
              -118.099702,
              33.87589
            ],
            [
              -118.099718,
              33.876985
            ],
            [
              -118.099731,
              33.878113
            ],
            [
              -118.099734,
              33.878331
            ],
            [
              -118.099745,
              33.879366
            ],
            [
              -118.099749,
              33.879789
            ],
            [
              -118.099754,
              33.880284
            ],
            [
              -118.099755,
              33.880576
            ],
            [
              -118.099757,
              33.88093
            ],
            [
              -118.099764,
              33.882089
            ],
            [
              -118.099766,
              33.882475
            ],
            [
              -118.099767,
              33.882777
            ],
            [
              -118.09979,
              33.88353
            ],
            [
              -118.099788,
              33.883624
            ],
            [
              -118.099789,
              33.883922
            ],
            [
              -118.09979,
              33.883995
            ],
            [
              -118.099791,
              33.884144
            ],
            [
              -118.099796,
              33.884286
            ],
            [
              -118.099814,
              33.884865
            ],
            [
              -118.099816,
              33.885264
            ],
            [
              -118.099826,
              33.885852
            ],
            [
              -118.099826,
              33.886146
            ],
            [
              -118.099826,
              33.886156
            ],
            [
              -118.099842,
              33.886829
            ],
            [
              -118.099838,
              33.887182
            ],
            [
              -118.09984,
              33.887479
            ],
            [
              -118.099836,
              33.887613
            ],
            [
              -118.099844,
              33.888058
            ],
            [
              -118.099847,
              33.888181
            ],
            [
              -118.099847,
              33.888214
            ],
            [
              -118.099849,
              33.888348
            ],
            [
              -118.099852,
              33.888502
            ],
            [
              -118.099856,
              33.888776
            ],
            [
              -118.099874,
              33.890803
            ],
            [
              -118.099871,
              33.891184
            ],
            [
              -118.09987,
              33.891438
            ],
            [
              -118.099867,
              33.89273
            ],
            [
              -118.099869,
              33.893012
            ],
            [
              -118.099873,
              33.893312
            ],
            [
              -118.099885,
              33.894278
            ],
            [
              -118.09989,
              33.894812
            ],
            [
              -118.099891,
              33.895067
            ],
            [
              -118.099892,
              33.895677
            ],
            [
              -118.099913,
              33.897219
            ],
            [
              -118.099932,
              33.898086
            ],
            [
              -118.099928,
              33.898458
            ],
            [
              -118.09993,
              33.898616
            ],
            [
              -118.09995,
              33.900601
            ],
            [
              -118.099952,
              33.900959
            ],
            [
              -118.099954,
              33.901131
            ],
            [
              -118.099956,
              33.901511
            ],
            [
              -118.099957,
              33.902034
            ],
            [
              -118.099958,
              33.902166
            ],
            [
              -118.099963,
              33.902513
            ],
            [
              -118.099968,
              33.902883
            ],
            [
              -118.099967,
              33.90301
            ],
            [
              -118.09997,
              33.903432
            ],
            [
              -118.099969,
              33.903651
            ],
            [
              -118.09997,
              33.904142
            ],
            [
              -118.099975,
              33.904542
            ],
            [
              -118.099978,
              33.904747
            ],
            [
              -118.099953,
              33.904965
            ],
            [
              -118.099886,
              33.905344
            ],
            [
              -118.099837,
              33.905505
            ],
            [
              -118.099663,
              33.906123
            ],
            [
              -118.099546,
              33.906557
            ],
            [
              -118.099447,
              33.906876
            ],
            [
              -118.099423,
              33.906954
            ],
            [
              -118.099304,
              33.907333
            ],
            [
              -118.099253,
              33.907563
            ],
            [
              -118.099225,
              33.907748
            ],
            [
              -118.099192,
              33.908017
            ],
            [
              -118.099194,
              33.908547
            ],
            [
              -118.099198,
              33.909107
            ],
            [
              -118.099202,
              33.909594
            ],
            [
              -118.099201,
              33.909619
            ],
            [
              -118.099198,
              33.909824
            ],
            [
              -118.099197,
              33.910527
            ],
            [
              -118.099196,
              33.910737
            ],
            [
              -118.099196,
              33.910924
            ],
            [
              -118.099195,
              33.910996
            ],
            [
              -118.099193,
              33.911291
            ],
            [
              -118.09919,
              33.911586
            ],
            [
              -118.099189,
              33.911686
            ],
            [
              -118.099185,
              33.912064
            ],
            [
              -118.099185,
              33.912172
            ],
            [
              -118.099186,
              33.912582
            ],
            [
              -118.099187,
              33.912953
            ],
            [
              -118.099187,
              33.912974
            ],
            [
              -118.099179,
              33.913442
            ],
            [
              -118.099179,
              33.913461
            ],
            [
              -118.099183,
              33.91393
            ],
            [
              -118.099183,
              33.914233
            ],
            [
              -118.09918,
              33.914385
            ],
            [
              -118.099309,
              33.914388
            ],
            [
              -118.09949,
              33.914391
            ],
            [
              -118.100132,
              33.914402
            ],
            [
              -118.100855,
              33.914491
            ],
            [
              -118.101151,
              33.914526
            ],
            [
              -118.10146,
              33.914547
            ],
            [
              -118.101984,
              33.914561
            ]
          ],
          [
            [
              -118.103432,
              33.916341
            ],
            [
              -118.10343,
              33.916297
            ],
            [
              -118.103432,
              33.916341
            ],
            [
              -118.103454,
              33.917051
            ],
            [
              -118.102269,
              33.917051
            ],
            [
              -118.101418,
              33.917051
            ],
            [
              -118.100751,
              33.917051
            ],
            [
              -118.100387,
              33.91705
            ],
            [
              -118.100138,
              33.91705
            ],
            [
              -118.10007,
              33.91705
            ],
            [
              -118.099934,
              33.91705
            ],
            [
              -118.099742,
              33.91705
            ],
            [
              -118.09932,
              33.917052
            ],
            [
              -118.099179,
              33.917052
            ],
            [
              -118.098669,
              33.917051
            ],
            [
              -118.098439,
              33.91705
            ],
            [
              -118.098064,
              33.917049
            ],
            [
              -118.098009,
              33.917049
            ],
            [
              -118.095397,
              33.91705
            ],
            [
              -118.094857,
              33.91705
            ],
            [
              -118.09453,
              33.917048
            ],
            [
              -118.09257,
              33.917037
            ],
            [
              -118.092278,
              33.917038
            ],
            [
              -118.091721,
              33.917043
            ],
            [
              -118.090791,
              33.917043
            ],
            [
              -118.090544,
              33.917043
            ],
            [
              -118.090265,
              33.917049
            ],
            [
              -118.090032,
              33.91704
            ],
            [
              -118.089723,
              33.917035
            ],
            [
              -118.08923,
              33.917037
            ],
            [
              -118.087065,
              33.917045
            ],
            [
              -118.086708,
              33.917043
            ],
            [
              -118.086466,
              33.917041
            ],
            [
              -118.086166,
              33.917039
            ],
            [
              -118.084567,
              33.917051
            ],
            [
              -118.08398,
              33.917055
            ],
            [
              -118.083391,
              33.917046
            ],
            [
              -118.083036,
              33.917046
            ],
            [
              -118.082359,
              33.917049
            ],
            [
              -118.082137,
              33.91705
            ],
            [
              -118.081892,
              33.917051
            ],
            [
              -118.081747,
              33.917052
            ],
            [
              -118.080415,
              33.917058
            ],
            [
              -118.079124,
              33.917066
            ],
            [
              -118.078936,
              33.917067
            ],
            [
              -118.078698,
              33.917069
            ],
            [
              -118.078009,
              33.917065
            ],
            [
              -118.077842,
              33.917067
            ],
            [
              -118.077196,
              33.917061
            ],
            [
              -118.076951,
              33.917059
            ],
            [
              -118.076301,
              33.917061
            ],
            [
              -118.076161,
              33.917062
            ],
            [
              -118.075643,
              33.917063
            ],
            [
              -118.075365,
              33.917064
            ],
            [
              -118.074756,
              33.917066
            ],
            [
              -118.074495,
              33.917068
            ],
            [
              -118.073708,
              33.917074
            ],
            [
              -118.073528,
              33.917076
            ],
            [
              -118.073308,
              33.917077
            ],
            [
              -118.073155,
              33.917078
            ],
            [
              -118.073056,
              33.917079
            ],
            [
              -118.07264,
              33.917083
            ],
            [
              -118.072642,
              33.916856
            ],
            [
              -118.072644,
              33.916483
            ]
          ]
        ]
      }
    },
    {
      "type": "Feature",
      "properties": {
        "agency_name": "Norwalk Transit System",
        "route_id": "3",
        "agency_id": "0",
        "route_short_name": "3",
        "route_long_name": "Gateway Plaza/Norwalk/166th Street",
        "route_type": 3,
        "route_color": "#333092",
        "route_text_color": "#ffffff",
        "route_sort_order": 3
      },
      "geometry": {
        "type": "MultiLineString",
        "coordinates": [
          [
            [
              -118.073166,
              33.880376
            ],
            [
              -118.07317,
              33.880376
            ],
            [
              -118.073166,
              33.880376
            ],
            [
              -118.072723,
              33.880375
            ],
            [
              -118.072725,
              33.880773
            ],
            [
              -118.072726,
              33.880985
            ],
            [
              -118.072739,
              33.881592
            ],
            [
              -118.072756,
              33.882192
            ],
            [
              -118.072769,
              33.882809
            ],
            [
              -118.072778,
              33.883397
            ],
            [
              -118.072797,
              33.88403
            ],
            [
              -118.072812,
              33.884534
            ],
            [
              -118.072819,
              33.884751
            ],
            [
              -118.072823,
              33.885465
            ],
            [
              -118.072844,
              33.886157
            ],
            [
              -118.072852,
              33.886852
            ],
            [
              -118.072858,
              33.887291
            ],
            [
              -118.072862,
              33.88762
            ],
            [
              -118.072541,
              33.88762
            ],
            [
              -118.072286,
              33.88762
            ],
            [
              -118.071126,
              33.887629
            ],
            [
              -118.070827,
              33.887632
            ],
            [
              -118.069778,
              33.887642
            ],
            [
              -118.069674,
              33.887642
            ],
            [
              -118.069466,
              33.887642
            ],
            [
              -118.066338,
              33.887665
            ],
            [
              -118.065737,
              33.887667
            ],
            [
              -118.065433,
              33.887667
            ],
            [
              -118.064824,
              33.887672
            ],
            [
              -118.064175,
              33.887674
            ],
            [
              -118.064041,
              33.887675
            ],
            [
              -118.064041,
              33.887796
            ],
            [
              -118.06404,
              33.888008
            ],
            [
              -118.064037,
              33.888403
            ],
            [
              -118.064033,
              33.888836
            ],
            [
              -118.064024,
              33.889327
            ],
            [
              -118.064025,
              33.889609
            ],
            [
              -118.064013,
              33.891202
            ],
            [
              -118.064011,
              33.89137
            ],
            [
              -118.064008,
              33.891744
            ],
            [
              -118.064015,
              33.894667
            ],
            [
              -118.064018,
              33.895018
            ],
            [
              -118.064014,
              33.895572
            ],
            [
              -118.063995,
              33.898324
            ],
            [
              -118.063993,
              33.898587
            ],
            [
              -118.063992,
              33.898695
            ],
            [
              -118.063992,
              33.899842
            ],
            [
              -118.063991,
              33.901437
            ],
            [
              -118.06398,
              33.901628
            ],
            [
              -118.063975,
              33.90191
            ],
            [
              -118.06397,
              33.902264
            ],
            [
              -118.062853,
              33.902265
            ],
            [
              -118.062755,
              33.902266
            ],
            [
              -118.062592,
              33.902266
            ],
            [
              -118.062065,
              33.902261
            ],
            [
              -118.061103,
              33.902266
            ],
            [
              -118.060725,
              33.902269
            ],
            [
              -118.060437,
              33.902269
            ],
            [
              -118.060215,
              33.902269
            ],
            [
              -118.059931,
              33.902273
            ],
            [
              -118.059312,
              33.90228
            ],
            [
              -118.058898,
              33.902284
            ],
            [
              -118.058567,
              33.902288
            ],
            [
              -118.058178,
              33.902293
            ],
            [
              -118.057789,
              33.902297
            ],
            [
              -118.057479,
              33.902298
            ],
            [
              -118.056661,
              33.902302
            ],
            [
              -118.055325,
              33.902308
            ],
            [
              -118.055324,
              33.902424
            ],
            [
              -118.055331,
              33.902754
            ],
            [
              -118.055331,
              33.902778
            ],
            [
              -118.055353,
              33.903872
            ],
            [
              -118.055345,
              33.904645
            ],
            [
              -118.055341,
              33.904942
            ],
            [
              -118.055339,
              33.905161
            ],
            [
              -118.055356,
              33.906415
            ],
            [
              -118.055369,
              33.907448
            ],
            [
              -118.055395,
              33.909383
            ],
            [
              -118.055398,
              33.909614
            ],
            [
              -118.057603,
              33.90961
            ],
            [
              -118.058513,
              33.909606
            ],
            [
              -118.058717,
              33.909605
            ],
            [
              -118.059581,
              33.9096
            ],
            [
              -118.060435,
              33.909596
            ],
            [
              -118.06124,
              33.909596
            ],
            [
              -118.062336,
              33.909578
            ],
            [
              -118.062494,
              33.909582
            ],
            [
              -118.06261,
              33.909585
            ],
            [
              -118.063172,
              33.9096
            ],
            [
              -118.063999,
              33.909582
            ],
            [
              -118.064514,
              33.909566
            ],
            [
              -118.064518,
              33.910177
            ],
            [
              -118.064518,
              33.910276
            ],
            [
              -118.064533,
              33.911088
            ],
            [
              -118.064534,
              33.911243
            ],
            [
              -118.06453,
              33.913164
            ],
            [
              -118.064533,
              33.913483
            ],
            [
              -118.064535,
              33.913701
            ],
            [
              -118.064544,
              33.914155
            ],
            [
              -118.06454,
              33.914421
            ],
            [
              -118.064528,
              33.914643
            ],
            [
              -118.064661,
              33.914613
            ],
            [
              -118.065102,
              33.914513
            ],
            [
              -118.066319,
              33.91426
            ],
            [
              -118.066755,
              33.91415
            ],
            [
              -118.0671,
              33.914051
            ],
            [
              -118.067918,
              33.913868
            ],
            [
              -118.068441,
              33.913755
            ],
            [
              -118.068495,
              33.913743
            ],
            [
              -118.068723,
              33.913692
            ],
            [
              -118.06896,
              33.913632
            ],
            [
              -118.069256,
              33.913572
            ],
            [
              -118.069318,
              33.913563
            ],
            [
              -118.06941,
              33.913551
            ],
            [
              -118.069536,
              33.913547
            ],
            [
              -118.069672,
              33.91356
            ],
            [
              -118.069805,
              33.91361
            ],
            [
              -118.07009,
              33.913761
            ],
            [
              -118.070411,
              33.913968
            ],
            [
              -118.070674,
              33.914089
            ],
            [
              -118.070951,
              33.914156
            ],
            [
              -118.071118,
              33.914184
            ],
            [
              -118.071497,
              33.914184
            ],
            [
              -118.071866,
              33.914183
            ],
            [
              -118.072509,
              33.914189
            ],
            [
              -118.072512,
              33.9145
            ],
            [
              -118.072519,
              33.915291
            ],
            [
              -118.072513,
              33.915614
            ],
            [
              -118.07252,
              33.916584
            ],
            [
              -118.07251,
              33.917079
            ],
            [
              -118.072512,
              33.917203
            ],
            [
              -118.072513,
              33.91758
            ],
            [
              -118.072515,
              33.917946
            ],
            [
              -118.072516,
              33.918022
            ],
            [
              -118.072516,
              33.918146
            ],
            [
              -118.072522,
              33.91856
            ],
            [
              -118.07253,
              33.919103
            ],
            [
              -118.072532,
              33.919321
            ],
            [
              -118.072539,
              33.919618
            ],
            [
              -118.072549,
              33.920007
            ],
            [
              -118.072557,
              33.920334
            ],
            [
              -118.072558,
              33.920532
            ],
            [
              -118.072558,
              33.920786
            ],
            [
              -118.072553,
              33.922026
            ],
            [
              -118.072552,
              33.922341
            ],
            [
              -118.072551,
              33.922742
            ],
            [
              -118.072551,
              33.923034
            ],
            [
              -118.072556,
              33.923277
            ],
            [
              -118.072575,
              33.92416
            ],
            [
              -118.072577,
              33.924487
            ],
            [
              -118.07258,
              33.924818
            ],
            [
              -118.072587,
              33.92513
            ],
            [
              -118.072598,
              33.925597
            ],
            [
              -118.072607,
              33.92588
            ],
            [
              -118.072609,
              33.925948
            ],
            [
              -118.072614,
              33.926074
            ],
            [
              -118.072611,
              33.926186
            ],
            [
              -118.072612,
              33.926353
            ],
            [
              -118.072614,
              33.9265
            ],
            [
              -118.07261,
              33.92719
            ],
            [
              -118.072609,
              33.927467
            ],
            [
              -118.072614,
              33.927919
            ],
            [
              -118.072614,
              33.928167
            ],
            [
              -118.072614,
              33.928219
            ],
            [
              -118.072614,
              33.928373
            ],
            [
              -118.072614,
              33.928587
            ],
            [
              -118.072614,
              33.928662
            ],
            [
              -118.072614,
              33.928873
            ],
            [
              -118.072615,
              33.929258
            ],
            [
              -118.072614,
              33.929574
            ],
            [
              -118.072614,
              33.929673
            ],
            [
              -118.072614,
              33.929773
            ],
            [
              -118.072616,
              33.929981
            ],
            [
              -118.072614,
              33.930273
            ],
            [
              -118.072617,
              33.930679
            ],
            [
              -118.072619,
              33.930983
            ],
            [
              -118.072628,
              33.93137
            ],
            [
              -118.072642,
              33.931706
            ],
            [
              -118.072772,
              33.931709
            ],
            [
              -118.073284,
              33.931713
            ],
            [
              -118.073899,
              33.931713
            ],
            [
              -118.074224,
              33.93171
            ],
            [
              -118.075477,
              33.931698
            ],
            [
              -118.075648,
              33.931699
            ],
            [
              -118.076206,
              33.931704
            ],
            [
              -118.076566,
              33.931699
            ],
            [
              -118.076961,
              33.931694
            ],
            [
              -118.077225,
              33.931684
            ],
            [
              -118.077435,
              33.931686
            ],
            [
              -118.077917,
              33.93169
            ],
            [
              -118.078084,
              33.931691
            ],
            [
              -118.079147,
              33.931688
            ],
            [
              -118.080032,
              33.931672
            ],
            [
              -118.080506,
              33.931663
            ],
            [
              -118.081287,
              33.931661
            ],
            [
              -118.081465,
              33.931666
            ],
            [
              -118.081835,
              33.931677
            ],
            [
              -118.081835,
              33.932217
            ],
            [
              -118.081839,
              33.933291
            ],
            [
              -118.08184,
              33.933453
            ],
            [
              -118.081839,
              33.933841
            ],
            [
              -118.081838,
              33.934191
            ],
            [
              -118.081847,
              33.934823
            ],
            [
              -118.081848,
              33.934882
            ],
            [
              -118.081855,
              33.935253
            ],
            [
              -118.081854,
              33.935359
            ],
            [
              -118.082191,
              33.935364
            ],
            [
              -118.082256,
              33.935365
            ],
            [
              -118.082437,
              33.935365
            ],
            [
              -118.082703,
              33.935366
            ],
            [
              -118.082823,
              33.935319
            ],
            [
              -118.084002,
              33.935313
            ],
            [
              -118.084481,
              33.93531
            ],
            [
              -118.0849,
              33.935308
            ],
            [
              -118.085048,
              33.935353
            ],
            [
              -118.085245,
              33.935357
            ],
            [
              -118.085524,
              33.935362
            ],
            [
              -118.086478,
              33.935365
            ],
            [
              -118.087145,
              33.935365
            ],
            [
              -118.087713,
              33.935377
            ],
            [
              -118.087853,
              33.935315
            ],
            [
              -118.088324,
              33.935313
            ],
            [
              -118.088852,
              33.93531
            ],
            [
              -118.08941,
              33.935326
            ],
            [
              -118.08944,
              33.935327
            ],
            [
              -118.089538,
              33.935363
            ],
            [
              -118.089821,
              33.935368
            ],
            [
              -118.090205,
              33.935374
            ],
            [
              -118.090523,
              33.935374
            ],
            [
              -118.090519,
              33.935825
            ],
            [
              -118.090518,
              33.935865
            ],
            [
              -118.090518,
              33.936776
            ],
            [
              -118.090522,
              33.938214
            ],
            [
              -118.090528,
              33.938881
            ],
            [
              -118.090533,
              33.939312
            ],
            [
              -118.090533,
              33.939466
            ],
            [
              -118.090537,
              33.94176
            ],
            [
              -118.090542,
              33.94247
            ],
            [
              -118.090544,
              33.942771
            ],
            [
              -118.090546,
              33.942942
            ],
            [
              -118.090544,
              33.943551
            ],
            [
              -118.090545,
              33.944003
            ],
            [
              -118.090542,
              33.944377
            ],
            [
              -118.090551,
              33.945416
            ],
            [
              -118.090553,
              33.945695
            ],
            [
              -118.090554,
              33.945829
            ],
            [
              -118.090548,
              33.946116
            ],
            [
              -118.09054,
              33.946195
            ],
            [
              -118.09048,
              33.946606
            ],
            [
              -118.090404,
              33.946892
            ],
            [
              -118.090353,
              33.94704
            ],
            [
              -118.090274,
              33.94724
            ],
            [
              -118.090232,
              33.947328
            ],
            [
              -118.090174,
              33.947449
            ],
            [
              -118.090076,
              33.947627
            ],
            [
              -118.089883,
              33.947929
            ],
            [
              -118.089597,
              33.948397
            ],
            [
              -118.089445,
              33.948653
            ],
            [
              -118.089093,
              33.948519
            ],
            [
              -118.088965,
              33.94847
            ],
            [
              -118.08863,
              33.948335
            ],
            [
              -118.088591,
              33.948318
            ],
            [
              -118.087882,
              33.948029
            ],
            [
              -118.0871,
              33.94771
            ],
            [
              -118.086483,
              33.947457
            ],
            [
              -118.086248,
              33.947362
            ],
            [
              -118.085839,
              33.947195
            ],
            [
              -118.084926,
              33.946821
            ],
            [
              -118.084317,
              33.946566
            ],
            [
              -118.082776,
              33.945916
            ],
            [
              -118.082241,
              33.945688
            ],
            [
              -118.082029,
              33.945598
            ],
            [
              -118.081908,
              33.945546
            ],
            [
              -118.081532,
              33.945394
            ],
            [
              -118.080957,
              33.945157
            ],
            [
              -118.080829,
              33.945104
            ],
            [
              -118.079613,
              33.944594
            ],
            [
              -118.077963,
              33.943927
            ],
            [
              -118.077374,
              33.943686
            ],
            [
              -118.075692,
              33.943006
            ],
            [
              -118.075196,
              33.942778
            ],
            [
              -118.075087,
              33.942732
            ],
            [
              -118.073921,
              33.942253
            ],
            [
              -118.073719,
              33.94217
            ],
            [
              -118.073538,
              33.942097
            ],
            [
              -118.072785,
              33.941846
            ],
            [
              -118.072632,
              33.941825
            ],
            [
              -118.072254,
              33.941781
            ],
            [
              -118.072031,
              33.941764
            ],
            [
              -118.072004,
              33.941761
            ],
            [
              -118.071776,
              33.941752
            ],
            [
              -118.071302,
              33.941771
            ],
            [
              -118.070585,
              33.941775
            ],
            [
              -118.06973,
              33.941775
            ],
            [
              -118.069571,
              33.941776
            ],
            [
              -118.069065,
              33.941777
            ],
            [
              -118.065049,
              33.94179
            ],
            [
              -118.064924,
              33.941791
            ],
            [
              -118.064476,
              33.941792
            ],
            [
              -118.064096,
              33.941794
            ],
            [
              -118.063918,
              33.941794
            ],
            [
              -118.063177,
              33.941797
            ],
            [
              -118.062236,
              33.941772
            ],
            [
              -118.059926,
              33.941795
            ],
            [
              -118.059445,
              33.941799
            ],
            [
              -118.058185,
              33.941806
            ],
            [
              -118.057587,
              33.941807
            ],
            [
              -118.05608,
              33.941807
            ],
            [
              -118.055243,
              33.941801
            ],
            [
              -118.054778,
              33.941804
            ],
            [
              -118.054148,
              33.941808
            ],
            [
              -118.053766,
              33.94181
            ],
            [
              -118.052245,
              33.941821
            ],
            [
              -118.051378,
              33.941826
            ],
            [
              -118.051153,
              33.941825
            ],
            [
              -118.050717,
              33.941824
            ],
            [
              -118.050497,
              33.941823
            ],
            [
              -118.049785,
              33.941822
            ],
            [
              -118.049443,
              33.941819
            ],
            [
              -118.049181,
              33.941792
            ],
            [
              -118.049066,
              33.941781
            ],
            [
              -118.048825,
              33.941717
            ],
            [
              -118.048809,
              33.941712
            ],
            [
              -118.048685,
              33.941674
            ],
            [
              -118.048657,
              33.941657
            ]
          ],
          [
            [
              -118.047311,
              33.940908
            ],
            [
              -118.047191,
              33.940823
            ],
            [
              -118.047311,
              33.940908
            ],
            [
              -118.04777,
              33.941226
            ],
            [
              -118.048017,
              33.94141
            ],
            [
              -118.048154,
              33.941503
            ],
            [
              -118.048425,
              33.941681
            ],
            [
              -118.048603,
              33.941764
            ],
            [
              -118.048771,
              33.941821
            ],
            [
              -118.04894,
              33.941868
            ],
            [
              -118.049117,
              33.941901
            ],
            [
              -118.049432,
              33.941928
            ],
            [
              -118.049562,
              33.941939
            ],
            [
              -118.050022,
              33.941941
            ],
            [
              -118.050497,
              33.941943
            ],
            [
              -118.050925,
              33.941944
            ],
            [
              -118.051379,
              33.941946
            ],
            [
              -118.051744,
              33.941945
            ],
            [
              -118.053766,
              33.941938
            ],
            [
              -118.054498,
              33.941936
            ],
            [
              -118.055248,
              33.941932
            ],
            [
              -118.055637,
              33.941932
            ],
            [
              -118.05698,
              33.941929
            ],
            [
              -118.057583,
              33.941928
            ],
            [
              -118.062882,
              33.941906
            ],
            [
              -118.06332,
              33.941906
            ],
            [
              -118.063917,
              33.94191
            ],
            [
              -118.064097,
              33.941912
            ],
            [
              -118.064597,
              33.94191
            ],
            [
              -118.065366,
              33.941906
            ],
            [
              -118.067219,
              33.941897
            ],
            [
              -118.067931,
              33.941882
            ],
            [
              -118.069061,
              33.941886
            ],
            [
              -118.070575,
              33.941885
            ],
            [
              -118.071668,
              33.941885
            ],
            [
              -118.072179,
              33.941893
            ],
            [
              -118.072425,
              33.941921
            ],
            [
              -118.072633,
              33.941966
            ],
            [
              -118.072791,
              33.941993
            ],
            [
              -118.073048,
              33.942059
            ],
            [
              -118.073179,
              33.942099
            ],
            [
              -118.073276,
              33.942128
            ],
            [
              -118.073498,
              33.942215
            ],
            [
              -118.074354,
              33.942576
            ],
            [
              -118.075125,
              33.942887
            ],
            [
              -118.076845,
              33.943603
            ],
            [
              -118.077303,
              33.943796
            ],
            [
              -118.078939,
              33.944477
            ],
            [
              -118.079529,
              33.944723
            ],
            [
              -118.080061,
              33.944943
            ],
            [
              -118.080637,
              33.945178
            ],
            [
              -118.080762,
              33.945231
            ],
            [
              -118.080889,
              33.945283
            ],
            [
              -118.081358,
              33.945477
            ],
            [
              -118.082294,
              33.945862
            ],
            [
              -118.082653,
              33.946011
            ],
            [
              -118.083613,
              33.946406
            ],
            [
              -118.084181,
              33.94664
            ],
            [
              -118.084825,
              33.946899
            ],
            [
              -118.085206,
              33.94705
            ],
            [
              -118.085773,
              33.947276
            ],
            [
              -118.086004,
              33.947372
            ],
            [
              -118.087004,
              33.947784
            ],
            [
              -118.08769,
              33.948067
            ],
            [
              -118.087795,
              33.948111
            ],
            [
              -118.08809,
              33.948233
            ],
            [
              -118.088536,
              33.948417
            ],
            [
              -118.088875,
              33.948558
            ],
            [
              -118.089376,
              33.94877
            ],
            [
              -118.089508,
              33.948826
            ],
            [
              -118.089586,
              33.948706
            ],
            [
              -118.089791,
              33.948352
            ],
            [
              -118.089865,
              33.948223
            ],
            [
              -118.090006,
              33.947979
            ],
            [
              -118.090032,
              33.947931
            ],
            [
              -118.090243,
              33.947583
            ],
            [
              -118.090349,
              33.947367
            ],
            [
              -118.090413,
              33.947229
            ],
            [
              -118.090463,
              33.947064
            ],
            [
              -118.090551,
              33.946777
            ],
            [
              -118.090591,
              33.946608
            ],
            [
              -118.090633,
              33.946397
            ],
            [
              -118.09066,
              33.94621
            ],
            [
              -118.090681,
              33.945828
            ],
            [
              -118.090681,
              33.945598
            ],
            [
              -118.09068,
              33.94537
            ],
            [
              -118.090678,
              33.94488
            ],
            [
              -118.090673,
              33.944387
            ],
            [
              -118.090673,
              33.944003
            ],
            [
              -118.090672,
              33.943874
            ],
            [
              -118.090673,
              33.943551
            ],
            [
              -118.090673,
              33.943246
            ],
            [
              -118.090674,
              33.942937
            ],
            [
              -118.090669,
              33.942441
            ],
            [
              -118.090664,
              33.94176
            ],
            [
              -118.090662,
              33.939839
            ],
            [
              -118.090664,
              33.939509
            ],
            [
              -118.090665,
              33.939307
            ],
            [
              -118.090658,
              33.939022
            ],
            [
              -118.090656,
              33.938795
            ],
            [
              -118.09065,
              33.938215
            ],
            [
              -118.090645,
              33.937189
            ],
            [
              -118.090648,
              33.936777
            ],
            [
              -118.090652,
              33.936344
            ],
            [
              -118.09065,
              33.935866
            ],
            [
              -118.090648,
              33.935375
            ],
            [
              -118.09058,
              33.935273
            ],
            [
              -118.089527,
              33.935249
            ],
            [
              -118.08944,
              33.935327
            ],
            [
              -118.088852,
              33.93531
            ],
            [
              -118.088556,
              33.935311
            ]
          ],
          [
            [
              -118.0877,
              33.935258
            ],
            [
              -118.087853,
              33.935315
            ],
            [
              -118.0877,
              33.935258
            ],
            [
              -118.087111,
              33.935255
            ],
            [
              -118.08648,
              33.935253
            ],
            [
              -118.085471,
              33.935247
            ],
            [
              -118.085024,
              33.935244
            ],
            [
              -118.0849,
              33.935308
            ],
            [
              -118.084658,
              33.935309
            ]
          ],
          [
            [
              -118.082713,
              33.935254
            ],
            [
              -118.082823,
              33.935319
            ],
            [
              -118.082713,
              33.935254
            ],
            [
              -118.082542,
              33.935255
            ],
            [
              -118.082279,
              33.935256
            ],
            [
              -118.081855,
              33.935253
            ],
            [
              -118.08185,
              33.934996
            ]
          ],
          [
            [
              -118.081835,
              33.932217
            ],
            [
              -118.08184,
              33.933453
            ]
          ],
          [
            [
              -118.081287,
              33.931661
            ],
            [
              -118.081835,
              33.931677
            ],
            [
              -118.081287,
              33.931661
            ],
            [
              -118.080761,
              33.931663
            ],
            [
              -118.080506,
              33.931663
            ]
          ],
          [
            [
              -118.076885,
              33.931695
            ],
            [
              -118.076961,
              33.931694
            ],
            [
              -118.076885,
              33.931695
            ]
          ],
          [
            [
              -118.073899,
              33.931713
            ],
            [
              -118.075477,
              33.931698
            ]
          ],
          [
            [
              -118.072765,
              33.931177
            ],
            [
              -118.072772,
              33.931709
            ],
            [
              -118.072765,
              33.931177
            ],
            [
              -118.072762,
              33.930983
            ],
            [
              -118.072762,
              33.930273
            ],
            [
              -118.072762,
              33.93021
            ],
            [
              -118.072761,
              33.929981
            ],
            [
              -118.072759,
              33.929574
            ],
            [
              -118.072761,
              33.929061
            ],
            [
              -118.072762,
              33.928862
            ],
            [
              -118.072762,
              33.92865
            ],
            [
              -118.072762,
              33.928373
            ],
            [
              -118.072759,
              33.92817
            ],
            [
              -118.072761,
              33.92791
            ],
            [
              -118.072765,
              33.927469
            ],
            [
              -118.07275,
              33.926712
            ],
            [
              -118.072744,
              33.926578
            ],
            [
              -118.072746,
              33.926278
            ],
            [
              -118.072745,
              33.925961
            ],
            [
              -118.072745,
              33.925882
            ],
            [
              -118.072739,
              33.925654
            ],
            [
              -118.072726,
              33.925126
            ],
            [
              -118.072725,
              33.924486
            ],
            [
              -118.072711,
              33.923777
            ],
            [
              -118.072714,
              33.923505
            ],
            [
              -118.072715,
              33.923369
            ],
            [
              -118.072712,
              33.923062
            ],
            [
              -118.072702,
              33.922345
            ],
            [
              -118.072714,
              33.920908
            ],
            [
              -118.072715,
              33.920785
            ],
            [
              -118.072697,
              33.92002
            ],
            [
              -118.072697,
              33.920007
            ],
            [
              -118.07268,
              33.91932
            ],
            [
              -118.072681,
              33.919201
            ],
            [
              -118.072681,
              33.919098
            ],
            [
              -118.072672,
              33.918558
            ],
            [
              -118.072665,
              33.918204
            ],
            [
              -118.07266,
              33.917987
            ],
            [
              -118.072653,
              33.917745
            ],
            [
              -118.072648,
              33.917587
            ],
            [
              -118.072643,
              33.917207
            ],
            [
              -118.07264,
              33.917083
            ],
            [
              -118.072642,
              33.916856
            ],
            [
              -118.072644,
              33.916483
            ],
            [
              -118.072645,
              33.91629
            ],
            [
              -118.072647,
              33.915983
            ],
            [
              -118.072652,
              33.915247
            ],
            [
              -118.072655,
              33.914594
            ],
            [
              -118.072657,
              33.914288
            ],
            [
              -118.072658,
              33.91419
            ]
          ],
          [
            [
              -118.071637,
              33.914183
            ],
            [
              -118.071866,
              33.914183
            ],
            [
              -118.071637,
              33.914183
            ]
          ],
          [
            [
              -118.068504,
              33.913741
            ],
            [
              -118.068723,
              33.913692
            ],
            [
              -118.068504,
              33.913741
            ]
          ],
          [
            [
              -118.066056,
              33.914315
            ],
            [
              -118.066319,
              33.91426
            ],
            [
              -118.066056,
              33.914315
            ]
          ],
          [
            [
              -118.064681,
              33.914391
            ],
            [
              -118.064661,
              33.914613
            ],
            [
              -118.064681,
              33.914391
            ],
            [
              -118.064681,
              33.914077
            ],
            [
              -118.06468,
              33.913905
            ],
            [
              -118.064681,
              33.913702
            ],
            [
              -118.064675,
              33.913272
            ],
            [
              -118.064676,
              33.913168
            ],
            [
              -118.064654,
              33.911561
            ],
            [
              -118.064647,
              33.911086
            ],
            [
              -118.064648,
              33.910642
            ],
            [
              -118.064648,
              33.910591
            ],
            [
              -118.064642,
              33.910274
            ],
            [
              -118.064642,
              33.910234
            ],
            [
              -118.064636,
              33.909566
            ],
            [
              -118.064514,
              33.909566
            ],
            [
              -118.064181,
              33.909576
            ]
          ],
          [
            [
              -118.062523,
              33.909583
            ],
            [
              -118.063172,
              33.9096
            ],
            [
              -118.062523,
              33.909583
            ]
          ],
          [
            [
              -118.058183,
              33.909607
            ],
            [
              -118.058717,
              33.909605
            ],
            [
              -118.058183,
              33.909607
            ],
            [
              -118.057603,
              33.90961
            ],
            [
              -118.055803,
              33.909613
            ],
            [
              -118.055398,
              33.909614
            ],
            [
              -118.055371,
              33.907614
            ]
          ],
          [
            [
              -118.055343,
              33.904852
            ],
            [
              -118.055339,
              33.905161
            ],
            [
              -118.055343,
              33.904852
            ]
          ],
          [
            [
              -118.055342,
              33.903338
            ],
            [
              -118.055353,
              33.903872
            ],
            [
              -118.055342,
              33.903338
            ],
            [
              -118.055331,
              33.902778
            ],
            [
              -118.055324,
              33.902424
            ],
            [
              -118.055732,
              33.902422
            ],
            [
              -118.057453,
              33.902412
            ],
            [
              -118.057539,
              33.902412
            ],
            [
              -118.057792,
              33.902411
            ],
            [
              -118.058379,
              33.902405
            ],
            [
              -118.058572,
              33.902403
            ],
            [
              -118.058906,
              33.9024
            ],
            [
              -118.0593,
              33.902397
            ],
            [
              -118.059318,
              33.902397
            ],
            [
              -118.059538,
              33.902395
            ],
            [
              -118.060029,
              33.902399
            ],
            [
              -118.060382,
              33.902391
            ],
            [
              -118.061334,
              33.902399
            ],
            [
              -118.062073,
              33.902382
            ],
            [
              -118.062239,
              33.902384
            ],
            [
              -118.062778,
              33.902386
            ],
            [
              -118.06287,
              33.902385
            ],
            [
              -118.062977,
              33.902384
            ],
            [
              -118.063176,
              33.902384
            ],
            [
              -118.063969,
              33.902383
            ],
            [
              -118.064109,
              33.902383
            ],
            [
              -118.06411,
              33.902265
            ],
            [
              -118.064108,
              33.901841
            ],
            [
              -118.064109,
              33.901696
            ],
            [
              -118.064111,
              33.9015
            ],
            [
              -118.064114,
              33.901312
            ],
            [
              -118.064121,
              33.900078
            ],
            [
              -118.064126,
              33.899842
            ],
            [
              -118.064136,
              33.898657
            ],
            [
              -118.064136,
              33.89859
            ],
            [
              -118.064132,
              33.898345
            ],
            [
              -118.064128,
              33.895805
            ],
            [
              -118.064136,
              33.895489
            ],
            [
              -118.064142,
              33.895233
            ],
            [
              -118.064147,
              33.895016
            ],
            [
              -118.064146,
              33.894683
            ],
            [
              -118.064148,
              33.89339
            ],
            [
              -118.064154,
              33.892032
            ],
            [
              -118.064156,
              33.891746
            ],
            [
              -118.064163,
              33.890844
            ],
            [
              -118.064174,
              33.889862
            ],
            [
              -118.064177,
              33.889608
            ],
            [
              -118.064171,
              33.888474
            ],
            [
              -118.064172,
              33.887964
            ],
            [
              -118.064173,
              33.887795
            ],
            [
              -118.065298,
              33.887772
            ],
            [
              -118.065436,
              33.887773
            ],
            [
              -118.066142,
              33.887774
            ],
            [
              -118.066343,
              33.887774
            ],
            [
              -118.068498,
              33.88777
            ],
            [
              -118.069115,
              33.887773
            ],
            [
              -118.069334,
              33.887776
            ],
            [
              -118.069473,
              33.887777
            ],
            [
              -118.070829,
              33.887763
            ],
            [
              -118.071302,
              33.887757
            ],
            [
              -118.072223,
              33.887753
            ],
            [
              -118.072296,
              33.887752
            ],
            [
              -118.072866,
              33.887751
            ]
          ],
          [
            [
              -118.072857,
              33.887284
            ],
            [
              -118.072858,
              33.887291
            ],
            [
              -118.072857,
              33.887284
            ]
          ],
          [
            [
              -118.072802,
              33.884193
            ],
            [
              -118.072819,
              33.884751
            ],
            [
              -118.072802,
              33.884193
            ]
          ],
          [
            [
              -118.072782,
              33.880264
            ],
            [
              -118.072723,
              33.880375
            ],
            [
              -118.072782,
              33.880264
            ],
            [
              -118.072749,
              33.879317
            ],
            [
              -118.072739,
              33.879025
            ],
            [
              -118.072731,
              33.878228
            ],
            [
              -118.074222,
              33.878202
            ],
            [
              -118.074261,
              33.880368
            ]
          ]
        ]
      }
    },
    {
      "type": "Feature",
      "properties": {
        "agency_name": "Norwalk Transit System",
        "route_id": "4",
        "agency_id": "0",
        "route_short_name": "4",
        "route_long_name": "Imperial Highway/Metrolink Station/C Lin",
        "route_type": 3,
        "route_color": "#9d3393",
        "route_text_color": "#ffffff",
        "route_sort_order": 4
      },
      "geometry": {
        "type": "MultiLineString",
        "coordinates": [
          [
            [
              -118.060627,
              33.916623
            ],
            [
              -118.060748,
              33.91659
            ],
            [
              -118.060627,
              33.916623
            ],
            [
              -118.0606,
              33.916643
            ],
            [
              -118.060592,
              33.916674
            ],
            [
              -118.06068,
              33.916868
            ],
            [
              -118.060715,
              33.916886
            ],
            [
              -118.060764,
              33.91689
            ],
            [
              -118.061187,
              33.916892
            ],
            [
              -118.061255,
              33.916899
            ],
            [
              -118.061863,
              33.916876
            ],
            [
              -118.061963,
              33.916883
            ],
            [
              -118.062027,
              33.916906
            ],
            [
              -118.062046,
              33.916935
            ],
            [
              -118.062052,
              33.917128
            ],
            [
              -118.059813,
              33.917132
            ],
            [
              -118.059369,
              33.917129
            ],
            [
              -118.058705,
              33.91713
            ],
            [
              -118.056613,
              33.917167
            ],
            [
              -118.056249,
              33.91715
            ],
            [
              -118.055872,
              33.917107
            ],
            [
              -118.05522,
              33.917035
            ],
            [
              -118.054845,
              33.916989
            ],
            [
              -118.05414,
              33.916902
            ],
            [
              -118.053854,
              33.916888
            ],
            [
              -118.052336,
              33.91689
            ],
            [
              -118.051913,
              33.916891
            ],
            [
              -118.051106,
              33.916893
            ],
            [
              -118.050149,
              33.916895
            ],
            [
              -118.049751,
              33.916901
            ],
            [
              -118.047561,
              33.916936
            ],
            [
              -118.047246,
              33.916938
            ],
            [
              -118.047236,
              33.916938
            ],
            [
              -118.046831,
              33.916946
            ],
            [
              -118.046689,
              33.916946
            ],
            [
              -118.045564,
              33.916946
            ],
            [
              -118.045162,
              33.916948
            ],
            [
              -118.04445,
              33.916952
            ],
            [
              -118.042293,
              33.916961
            ],
            [
              -118.041695,
              33.916963
            ],
            [
              -118.041318,
              33.916965
            ],
            [
              -118.038665,
              33.916975
            ],
            [
              -118.038471,
              33.916981
            ],
            [
              -118.038084,
              33.916981
            ],
            [
              -118.037974,
              33.917065
            ],
            [
              -118.037071,
              33.917069
            ],
            [
              -118.036836,
              33.91707
            ],
            [
              -118.036281,
              33.917072
            ],
            [
              -118.036048,
              33.917071
            ],
            [
              -118.035257,
              33.917068
            ],
            [
              -118.034807,
              33.917067
            ],
            [
              -118.034564,
              33.917066
            ],
            [
              -118.034084,
              33.917064
            ],
            [
              -118.033765,
              33.917063
            ],
            [
              -118.032949,
              33.917084
            ],
            [
              -118.032578,
              33.917094
            ],
            [
              -118.03201,
              33.917092
            ],
            [
              -118.031524,
              33.91709
            ],
            [
              -118.030891,
              33.917093
            ],
            [
              -118.030279,
              33.917095
            ],
            [
              -118.030072,
              33.917096
            ],
            [
              -118.02978,
              33.917098
            ],
            [
              -118.029311,
              33.9171
            ],
            [
              -118.029115,
              33.917031
            ],
            [
              -118.028468,
              33.917026
            ],
            [
              -118.027109,
              33.917035
            ],
            [
              -118.026671,
              33.917039
            ],
            [
              -118.024294,
              33.917061
            ],
            [
              -118.024191,
              33.917062
            ],
            [
              -118.023875,
              33.917065
            ],
            [
              -118.02057,
              33.917075
            ],
            [
              -118.020172,
              33.917077
            ],
            [
              -118.020046,
              33.917086
            ],
            [
              -118.019679,
              33.917082
            ],
            [
              -118.019232,
              33.917084
            ],
            [
              -118.018998,
              33.917084
            ],
            [
              -118.015316,
              33.917108
            ],
            [
              -118.014889,
              33.91711
            ],
            [
              -118.013924,
              33.917113
            ],
            [
              -118.013435,
              33.917114
            ],
            [
              -118.01269,
              33.917116
            ],
            [
              -118.012373,
              33.917116
            ],
            [
              -118.011986,
              33.917117
            ],
            [
              -118.011819,
              33.917118
            ],
            [
              -118.011447,
              33.917122
            ],
            [
              -118.01131,
              33.917124
            ],
            [
              -118.011097,
              33.917125
            ],
            [
              -118.010693,
              33.917126
            ],
            [
              -118.010147,
              33.917129
            ],
            [
              -118.009694,
              33.917131
            ],
            [
              -118.009586,
              33.91713
            ],
            [
              -118.009483,
              33.917123
            ],
            [
              -118.009388,
              33.917117
            ],
            [
              -118.009286,
              33.917104
            ],
            [
              -118.009184,
              33.91709
            ],
            [
              -118.009066,
              33.917074
            ],
            [
              -118.008925,
              33.917047
            ],
            [
              -118.008795,
              33.917015
            ],
            [
              -118.008663,
              33.916977
            ],
            [
              -118.008569,
              33.91695
            ],
            [
              -118.008431,
              33.9169
            ],
            [
              -118.008231,
              33.916826
            ],
            [
              -118.007386,
              33.916503
            ],
            [
              -118.006983,
              33.916345
            ],
            [
              -118.0066,
              33.916205
            ],
            [
              -118.006474,
              33.916166
            ],
            [
              -118.006276,
              33.916121
            ],
            [
              -118.006084,
              33.916086
            ],
            [
              -118.005935,
              33.91607
            ],
            [
              -118.005809,
              33.916056
            ],
            [
              -118.005752,
              33.916051
            ],
            [
              -118.005626,
              33.916043
            ],
            [
              -118.005475,
              33.916038
            ],
            [
              -118.005341,
              33.916035
            ],
            [
              -118.005264,
              33.91604
            ],
            [
              -118.005215,
              33.916043
            ],
            [
              -118.004998,
              33.916057
            ],
            [
              -118.004861,
              33.916076
            ],
            [
              -118.004795,
              33.916085
            ],
            [
              -118.00455,
              33.91613
            ],
            [
              -118.004345,
              33.916179
            ],
            [
              -118.003575,
              33.916421
            ],
            [
              -118.003413,
              33.916472
            ],
            [
              -118.003178,
              33.916546
            ],
            [
              -118.002974,
              33.91661
            ],
            [
              -118.001687,
              33.917011
            ],
            [
              -118.001555,
              33.917046
            ],
            [
              -118.001417,
              33.91708
            ],
            [
              -118.001179,
              33.917131
            ],
            [
              -118.000908,
              33.917169
            ],
            [
              -118.00073,
              33.917181
            ],
            [
              -118.000607,
              33.917184
            ],
            [
              -118.000322,
              33.917186
            ],
            [
              -117.999514,
              33.917197
            ],
            [
              -117.999373,
              33.917197
            ],
            [
              -117.999129,
              33.917197
            ],
            [
              -117.998917,
              33.917198
            ],
            [
              -117.997671,
              33.917201
            ],
            [
              -117.997211,
              33.917204
            ],
            [
              -117.99698,
              33.917205
            ],
            [
              -117.996582,
              33.917208
            ],
            [
              -117.996101,
              33.917211
            ],
            [
              -117.995591,
              33.917214
            ],
            [
              -117.995349,
              33.917215
            ],
            [
              -117.99512,
              33.917216
            ],
            [
              -117.994724,
              33.917218
            ],
            [
              -117.994345,
              33.917219
            ],
            [
              -117.993411,
              33.917227
            ],
            [
              -117.993273,
              33.917229
            ],
            [
              -117.99322,
              33.917228
            ],
            [
              -117.99289,
              33.917226
            ],
            [
              -117.992654,
              33.917225
            ],
            [
              -117.992276,
              33.917223
            ],
            [
              -117.992003,
              33.917224
            ],
            [
              -117.991326,
              33.917226
            ],
            [
              -117.991233,
              33.917227
            ],
            [
              -117.990429,
              33.91723
            ],
            [
              -117.989238,
              33.917236
            ],
            [
              -117.989016,
              33.917238
            ],
            [
              -117.988809,
              33.917239
            ],
            [
              -117.986392,
              33.917255
            ],
            [
              -117.986311,
              33.917257
            ],
            [
              -117.985783,
              33.917261
            ],
            [
              -117.985583,
              33.917263
            ],
            [
              -117.982538,
              33.917269
            ],
            [
              -117.98121,
              33.917275
            ],
            [
              -117.980999,
              33.917276
            ],
            [
              -117.980796,
              33.917277
            ],
            [
              -117.976326,
              33.9173
            ],
            [
              -117.976141,
              33.917305
            ],
            [
              -117.975162,
              33.917307
            ],
            [
              -117.97481,
              33.917307
            ],
            [
              -117.972959,
              33.917303
            ],
            [
              -117.972128,
              33.917302
            ],
            [
              -117.971549,
              33.9173
            ],
            [
              -117.970379,
              33.917295
            ],
            [
              -117.969588,
              33.917291
            ],
            [
              -117.968863,
              33.917289
            ],
            [
              -117.968407,
              33.917288
            ],
            [
              -117.968267,
              33.917287
            ],
            [
              -117.968025,
              33.917287
            ],
            [
              -117.967966,
              33.917438
            ],
            [
              -117.967928,
              33.917539
            ],
            [
              -117.967895,
              33.917624
            ],
            [
              -117.967838,
              33.917811
            ],
            [
              -117.967791,
              33.917967
            ],
            [
              -117.967747,
              33.918125
            ],
            [
              -117.967727,
              33.918259
            ],
            [
              -117.967716,
              33.918332
            ],
            [
              -117.967677,
              33.918606
            ],
            [
              -117.967665,
              33.918695
            ],
            [
              -117.967651,
              33.918894
            ],
            [
              -117.967643,
              33.919022
            ],
            [
              -117.967643,
              33.919078
            ],
            [
              -117.967648,
              33.919508
            ],
            [
              -117.967649,
              33.919568
            ],
            [
              -117.96765,
              33.919717
            ],
            [
              -117.967652,
              33.919984
            ],
            [
              -117.967654,
              33.92154
            ],
            [
              -117.967654,
              33.921973
            ],
            [
              -117.967666,
              33.923291
            ],
            [
              -117.967671,
              33.923881
            ],
            [
              -117.967704,
              33.924592
            ],
            [
              -117.967518,
              33.924541
            ],
            [
              -117.967264,
              33.924541
            ],
            [
              -117.966299,
              33.924545
            ],
            [
              -117.965487,
              33.924551
            ],
            [
              -117.965009,
              33.924554
            ],
            [
              -117.962529,
              33.924535
            ],
            [
              -117.962079,
              33.924533
            ],
            [
              -117.961952,
              33.924532
            ],
            [
              -117.961242,
              33.924532
            ],
            [
              -117.961011,
              33.924531
            ],
            [
              -117.959829,
              33.924526
            ],
            [
              -117.95942,
              33.924525
            ],
            [
              -117.959179,
              33.924525
            ],
            [
              -117.959179,
              33.924122
            ],
            [
              -117.959179,
              33.923871
            ],
            [
              -117.959177,
              33.92327
            ],
            [
              -117.959181,
              33.922539
            ],
            [
              -117.959184,
              33.921856
            ],
            [
              -117.959184,
              33.921625
            ],
            [
              -117.959184,
              33.921512
            ],
            [
              -117.959185,
              33.920908
            ],
            [
              -117.959213,
              33.920592
            ],
            [
              -117.959257,
              33.920119
            ],
            [
              -117.959254,
              33.919406
            ],
            [
              -117.959204,
              33.918989
            ],
            [
              -117.959193,
              33.918901
            ],
            [
              -117.959174,
              33.918742
            ],
            [
              -117.959168,
              33.918453
            ],
            [
              -117.959162,
              33.918036
            ],
            [
              -117.959163,
              33.91796
            ],
            [
              -117.959165,
              33.917408
            ],
            [
              -117.959811,
              33.917404
            ]
          ],
          [
            [
              -118.103727,
              33.913345
            ],
            [
              -118.103727,
              33.913359
            ],
            [
              -118.103727,
              33.913345
            ],
            [
              -118.103727,
              33.913167
            ],
            [
              -118.103726,
              33.913003
            ],
            [
              -118.103726,
              33.912829
            ],
            [
              -118.103725,
              33.912653
            ],
            [
              -118.103725,
              33.912496
            ],
            [
              -118.103379,
              33.912496
            ],
            [
              -118.103381,
              33.912673
            ],
            [
              -118.103382,
              33.912831
            ],
            [
              -118.103384,
              33.913003
            ],
            [
              -118.103386,
              33.913168
            ],
            [
              -118.103388,
              33.913346
            ],
            [
              -118.103389,
              33.913509
            ],
            [
              -118.103391,
              33.913676
            ],
            [
              -118.103392,
              33.913762
            ],
            [
              -118.103393,
              33.913833
            ],
            [
              -118.103391,
              33.913879
            ],
            [
              -118.103392,
              33.913984
            ],
            [
              -118.103395,
              33.914174
            ],
            [
              -118.1034,
              33.914419
            ],
            [
              -118.1034,
              33.914533
            ],
            [
              -118.103397,
              33.914634
            ],
            [
              -118.1034,
              33.914715
            ],
            [
              -118.1034,
              33.91538
            ],
            [
              -118.103412,
              33.915908
            ],
            [
              -118.103418,
              33.916009
            ],
            [
              -118.10343,
              33.916297
            ],
            [
              -118.103432,
              33.916341
            ],
            [
              -118.103454,
              33.917051
            ],
            [
              -118.102269,
              33.917051
            ],
            [
              -118.101418,
              33.917051
            ],
            [
              -118.100751,
              33.917051
            ],
            [
              -118.100387,
              33.91705
            ],
            [
              -118.100138,
              33.91705
            ],
            [
              -118.10007,
              33.91705
            ],
            [
              -118.099934,
              33.91705
            ],
            [
              -118.099742,
              33.91705
            ],
            [
              -118.09932,
              33.917052
            ],
            [
              -118.099179,
              33.917052
            ],
            [
              -118.098669,
              33.917051
            ],
            [
              -118.098439,
              33.91705
            ],
            [
              -118.098064,
              33.917049
            ],
            [
              -118.098009,
              33.917049
            ],
            [
              -118.095397,
              33.91705
            ],
            [
              -118.094857,
              33.91705
            ],
            [
              -118.09453,
              33.917048
            ],
            [
              -118.09257,
              33.917037
            ],
            [
              -118.092278,
              33.917038
            ],
            [
              -118.091721,
              33.917043
            ],
            [
              -118.090791,
              33.917043
            ],
            [
              -118.090544,
              33.917043
            ],
            [
              -118.090265,
              33.917049
            ],
            [
              -118.090032,
              33.91704
            ],
            [
              -118.089723,
              33.917035
            ],
            [
              -118.08923,
              33.917037
            ],
            [
              -118.087065,
              33.917045
            ],
            [
              -118.086708,
              33.917043
            ],
            [
              -118.086466,
              33.917041
            ],
            [
              -118.086166,
              33.917039
            ],
            [
              -118.084567,
              33.917051
            ],
            [
              -118.08398,
              33.917055
            ],
            [
              -118.083391,
              33.917046
            ],
            [
              -118.083036,
              33.917046
            ],
            [
              -118.082359,
              33.917049
            ],
            [
              -118.082137,
              33.91705
            ],
            [
              -118.081892,
              33.917051
            ],
            [
              -118.081747,
              33.917052
            ],
            [
              -118.080415,
              33.917058
            ],
            [
              -118.079124,
              33.917066
            ],
            [
              -118.078936,
              33.917067
            ],
            [
              -118.078698,
              33.917069
            ],
            [
              -118.078009,
              33.917065
            ],
            [
              -118.077842,
              33.917067
            ],
            [
              -118.077196,
              33.917061
            ],
            [
              -118.076951,
              33.917059
            ],
            [
              -118.076301,
              33.917061
            ],
            [
              -118.076161,
              33.917062
            ],
            [
              -118.075643,
              33.917063
            ],
            [
              -118.075365,
              33.917064
            ],
            [
              -118.074756,
              33.917066
            ],
            [
              -118.074495,
              33.917068
            ],
            [
              -118.073708,
              33.917074
            ],
            [
              -118.073528,
              33.917076
            ],
            [
              -118.073308,
              33.917077
            ],
            [
              -118.073155,
              33.917078
            ],
            [
              -118.073056,
              33.917079
            ],
            [
              -118.07264,
              33.917083
            ],
            [
              -118.07251,
              33.917079
            ],
            [
              -118.071613,
              33.917075
            ],
            [
              -118.07089,
              33.917071
            ],
            [
              -118.070564,
              33.917066
            ],
            [
              -118.069974,
              33.917058
            ],
            [
              -118.069153,
              33.917068
            ],
            [
              -118.068708,
              33.917081
            ],
            [
              -118.068396,
              33.917084
            ],
            [
              -118.06784,
              33.917087
            ],
            [
              -118.067317,
              33.917088
            ],
            [
              -118.0658,
              33.917095
            ],
            [
              -118.06535,
              33.917102
            ],
            [
              -118.064628,
              33.917103
            ],
            [
              -118.064446,
              33.917103
            ],
            [
              -118.063991,
              33.917104
            ],
            [
              -118.063862,
              33.917105
            ],
            [
              -118.063413,
              33.917111
            ]
          ],
          [
            [
              -118.061152,
              33.916865
            ],
            [
              -118.061187,
              33.916892
            ],
            [
              -118.061152,
              33.916865
            ],
            [
              -118.061142,
              33.916832
            ],
            [
              -118.06114,
              33.916656
            ],
            [
              -118.061139,
              33.916485
            ]
          ],
          [
            [
              -117.960198,
              33.917402
            ],
            [
              -117.959928,
              33.917403
            ],
            [
              -117.960198,
              33.917402
            ],
            [
              -117.960948,
              33.917393
            ],
            [
              -117.961091,
              33.917391
            ],
            [
              -117.96167,
              33.917391
            ],
            [
              -117.962382,
              33.917389
            ],
            [
              -117.962655,
              33.917389
            ],
            [
              -117.962856,
              33.917388
            ],
            [
              -117.963693,
              33.9174
            ],
            [
              -117.965362,
              33.917407
            ],
            [
              -117.966524,
              33.91742
            ],
            [
              -117.96697,
              33.917425
            ],
            [
              -117.9678,
              33.917434
            ],
            [
              -117.967966,
              33.917438
            ],
            [
              -117.968193,
              33.917439
            ],
            [
              -117.968353,
              33.91744
            ],
            [
              -117.968581,
              33.917443
            ],
            [
              -117.96869,
              33.917444
            ],
            [
              -117.969034,
              33.917428
            ],
            [
              -117.969195,
              33.917423
            ],
            [
              -117.969722,
              33.917417
            ],
            [
              -117.971108,
              33.917423
            ],
            [
              -117.971669,
              33.917427
            ],
            [
              -117.972523,
              33.917441
            ],
            [
              -117.973269,
              33.917446
            ],
            [
              -117.974338,
              33.917448
            ],
            [
              -117.974777,
              33.917448
            ],
            [
              -117.975161,
              33.917451
            ],
            [
              -117.976503,
              33.917456
            ],
            [
              -117.980363,
              33.917437
            ],
            [
              -117.98053,
              33.917435
            ],
            [
              -117.980788,
              33.917433
            ],
            [
              -117.985092,
              33.917413
            ],
            [
              -117.985563,
              33.91741
            ],
            [
              -117.986022,
              33.917408
            ],
            [
              -117.98839,
              33.917394
            ],
            [
              -117.988568,
              33.917393
            ],
            [
              -117.988804,
              33.917392
            ],
            [
              -117.99057,
              33.917369
            ],
            [
              -117.99151,
              33.917365
            ],
            [
              -117.992005,
              33.917363
            ],
            [
              -117.993564,
              33.917355
            ],
            [
              -117.994339,
              33.917351
            ],
            [
              -117.994917,
              33.917349
            ],
            [
              -117.99535,
              33.917347
            ],
            [
              -117.995588,
              33.917346
            ],
            [
              -117.996024,
              33.917344
            ],
            [
              -117.996335,
              33.917343
            ],
            [
              -117.996588,
              33.917342
            ],
            [
              -117.997826,
              33.917336
            ],
            [
              -117.998343,
              33.917334
            ],
            [
              -117.998483,
              33.917333
            ],
            [
              -117.998782,
              33.917332
            ],
            [
              -117.998916,
              33.917331
            ],
            [
              -118.000194,
              33.917325
            ],
            [
              -118.000676,
              33.917323
            ],
            [
              -118.001294,
              33.917253
            ],
            [
              -118.001652,
              33.917166
            ],
            [
              -118.001991,
              33.917059
            ],
            [
              -118.002684,
              33.916844
            ],
            [
              -118.002792,
              33.91681
            ],
            [
              -118.003181,
              33.916686
            ],
            [
              -118.003508,
              33.916585
            ],
            [
              -118.004138,
              33.916388
            ],
            [
              -118.004471,
              33.916294
            ],
            [
              -118.004803,
              33.916219
            ],
            [
              -118.004927,
              33.916206
            ],
            [
              -118.005076,
              33.91619
            ],
            [
              -118.005347,
              33.916174
            ],
            [
              -118.005387,
              33.916175
            ],
            [
              -118.005453,
              33.916177
            ],
            [
              -118.005633,
              33.916181
            ],
            [
              -118.00591,
              33.916198
            ],
            [
              -118.00626,
              33.916266
            ],
            [
              -118.006603,
              33.916361
            ],
            [
              -118.007159,
              33.916569
            ],
            [
              -118.00834,
              33.917023
            ],
            [
              -118.008598,
              33.917103
            ],
            [
              -118.00885,
              33.917173
            ],
            [
              -118.0092,
              33.917233
            ],
            [
              -118.009384,
              33.917254
            ],
            [
              -118.009468,
              33.917257
            ],
            [
              -118.009536,
              33.91726
            ],
            [
              -118.009741,
              33.917259
            ],
            [
              -118.01015,
              33.917256
            ],
            [
              -118.011076,
              33.917248
            ],
            [
              -118.011448,
              33.917245
            ],
            [
              -118.011822,
              33.917241
            ],
            [
              -118.011982,
              33.91724
            ],
            [
              -118.012609,
              33.917237
            ],
            [
              -118.012655,
              33.917237
            ],
            [
              -118.01308,
              33.917235
            ],
            [
              -118.013461,
              33.917234
            ],
            [
              -118.014893,
              33.917232
            ],
            [
              -118.018383,
              33.917226
            ],
            [
              -118.019,
              33.917225
            ],
            [
              -118.019677,
              33.917224
            ],
            [
              -118.020048,
              33.917224
            ],
            [
              -118.02017,
              33.917221
            ],
            [
              -118.020442,
              33.91722
            ],
            [
              -118.023468,
              33.917204
            ],
            [
              -118.023877,
              33.917202
            ],
            [
              -118.024187,
              33.9172
            ],
            [
              -118.026675,
              33.917184
            ],
            [
              -118.028474,
              33.917166
            ],
            [
              -118.029134,
              33.917159
            ],
            [
              -118.029311,
              33.9171
            ],
            [
              -118.02977,
              33.917098
            ]
          ],
          [
            [
              -118.034524,
              33.917066
            ],
            [
              -118.033765,
              33.917063
            ],
            [
              -118.034524,
              33.917066
            ]
          ],
          [
            [
              -118.038064,
              33.91712
            ],
            [
              -118.037974,
              33.917065
            ],
            [
              -118.038064,
              33.91712
            ],
            [
              -118.038369,
              33.917113
            ],
            [
              -118.038484,
              33.91711
            ],
            [
              -118.03868,
              33.917104
            ],
            [
              -118.040226,
              33.91711
            ],
            [
              -118.040685,
              33.917103
            ],
            [
              -118.041347,
              33.917104
            ],
            [
              -118.041685,
              33.917103
            ],
            [
              -118.042599,
              33.917097
            ],
            [
              -118.042938,
              33.917091
            ],
            [
              -118.044016,
              33.917086
            ],
            [
              -118.044465,
              33.917087
            ],
            [
              -118.045857,
              33.91708
            ],
            [
              -118.046455,
              33.917086
            ],
            [
              -118.046688,
              33.917089
            ],
            [
              -118.046832,
              33.917088
            ],
            [
              -118.04942,
              33.917058
            ],
            [
              -118.049812,
              33.917059
            ],
            [
              -118.050139,
              33.917059
            ],
            [
              -118.051921,
              33.917039
            ],
            [
              -118.053802,
              33.917034
            ],
            [
              -118.054072,
              33.917046
            ],
            [
              -118.0543,
              33.917057
            ],
            [
              -118.054981,
              33.917129
            ],
            [
              -118.055215,
              33.917154
            ],
            [
              -118.056291,
              33.91728
            ],
            [
              -118.056634,
              33.917291
            ],
            [
              -118.057054,
              33.91729
            ],
            [
              -118.058347,
              33.917272
            ],
            [
              -118.058715,
              33.917274
            ],
            [
              -118.059364,
              33.917259
            ],
            [
              -118.061524,
              33.917261
            ],
            [
              -118.062049,
              33.917262
            ]
          ],
          [
            [
              -118.063402,
              33.91723
            ],
            [
              -118.062049,
              33.917262
            ],
            [
              -118.063402,
              33.91723
            ],
            [
              -118.063511,
              33.917228
            ],
            [
              -118.063926,
              33.917221
            ],
            [
              -118.064978,
              33.917211
            ],
            [
              -118.06549,
              33.917213
            ],
            [
              -118.065987,
              33.917215
            ],
            [
              -118.066325,
              33.917215
            ],
            [
              -118.066779,
              33.917206
            ],
            [
              -118.067057,
              33.917208
            ],
            [
              -118.067541,
              33.917212
            ],
            [
              -118.067597,
              33.917212
            ],
            [
              -118.068195,
              33.917208
            ],
            [
              -118.068283,
              33.917212
            ],
            [
              -118.068701,
              33.9172
            ],
            [
              -118.069018,
              33.917195
            ],
            [
              -118.069472,
              33.917189
            ],
            [
              -118.069977,
              33.917182
            ],
            [
              -118.070548,
              33.91719
            ],
            [
              -118.070923,
              33.917193
            ],
            [
              -118.071134,
              33.917194
            ],
            [
              -118.071952,
              33.917199
            ],
            [
              -118.07207,
              33.9172
            ],
            [
              -118.072512,
              33.917203
            ],
            [
              -118.072643,
              33.917207
            ],
            [
              -118.0734,
              33.917201
            ],
            [
              -118.074007,
              33.917196
            ],
            [
              -118.074341,
              33.917193
            ],
            [
              -118.074762,
              33.91719
            ],
            [
              -118.076448,
              33.917193
            ],
            [
              -118.076547,
              33.917193
            ],
            [
              -118.076615,
              33.917193
            ],
            [
              -118.076932,
              33.917194
            ],
            [
              -118.076949,
              33.917194
            ],
            [
              -118.077848,
              33.917182
            ],
            [
              -118.078643,
              33.91718
            ],
            [
              -118.07898,
              33.917175
            ],
            [
              -118.080621,
              33.917177
            ],
            [
              -118.081055,
              33.917182
            ],
            [
              -118.08175,
              33.917161
            ],
            [
              -118.081891,
              33.917172
            ],
            [
              -118.082201,
              33.917171
            ],
            [
              -118.082593,
              33.917169
            ],
            [
              -118.083357,
              33.917166
            ],
            [
              -118.083936,
              33.917164
            ],
            [
              -118.08398,
              33.917164
            ],
            [
              -118.08407,
              33.917163
            ],
            [
              -118.085556,
              33.91715
            ],
            [
              -118.08595,
              33.917148
            ],
            [
              -118.086158,
              33.917148
            ],
            [
              -118.089101,
              33.917153
            ],
            [
              -118.089466,
              33.917157
            ],
            [
              -118.089696,
              33.917159
            ],
            [
              -118.089979,
              33.917162
            ],
            [
              -118.090276,
              33.917173
            ],
            [
              -118.090543,
              33.917177
            ],
            [
              -118.090745,
              33.917177
            ],
            [
              -118.091065,
              33.917176
            ],
            [
              -118.091712,
              33.917177
            ],
            [
              -118.092576,
              33.917179
            ],
            [
              -118.094334,
              33.917152
            ],
            [
              -118.094595,
              33.917147
            ],
            [
              -118.0948,
              33.917144
            ],
            [
              -118.09484,
              33.917144
            ],
            [
              -118.09486,
              33.917143
            ],
            [
              -118.095955,
              33.917143
            ],
            [
              -118.098065,
              33.917141
            ],
            [
              -118.098479,
              33.917144
            ],
            [
              -118.099177,
              33.917146
            ],
            [
              -118.099321,
              33.91715
            ],
            [
              -118.099839,
              33.91715
            ],
            [
              -118.100004,
              33.917148
            ],
            [
              -118.100181,
              33.917147
            ],
            [
              -118.101417,
              33.91715
            ],
            [
              -118.102444,
              33.917153
            ],
            [
              -118.102698,
              33.917154
            ],
            [
              -118.103471,
              33.917162
            ],
            [
              -118.103454,
              33.917051
            ]
          ],
          [
            [
              -118.103728,
              33.913677
            ],
            [
              -118.103391,
              33.913676
            ],
            [
              -118.103728,
              33.913677
            ],
            [
              -118.103728,
              33.91351
            ]
          ]
        ]
      }
    },
    {
      "type": "Feature",
      "properties": {
        "agency_name": "Norwalk Transit System",
        "route_id": "5",
        "agency_id": "0",
        "route_short_name": "5",
        "route_long_name": "C Line Station To/From La Mirada Via Ros",
        "route_type": 3,
        "route_color": "#00a0af",
        "route_text_color": "#ffffff",
        "route_sort_order": 5
      },
      "geometry": {
        "type": "MultiLineString",
        "coordinates": [
          [
            [
              -118.103727,
              33.913345
            ],
            [
              -118.103727,
              33.913359
            ],
            [
              -118.103727,
              33.913345
            ],
            [
              -118.103727,
              33.913167
            ],
            [
              -118.103726,
              33.913003
            ],
            [
              -118.103726,
              33.912829
            ],
            [
              -118.103725,
              33.912653
            ],
            [
              -118.103725,
              33.912496
            ],
            [
              -118.103379,
              33.912496
            ],
            [
              -118.103381,
              33.912673
            ],
            [
              -118.103382,
              33.912831
            ],
            [
              -118.103384,
              33.913003
            ],
            [
              -118.103386,
              33.913168
            ],
            [
              -118.103388,
              33.913346
            ],
            [
              -118.103389,
              33.913509
            ],
            [
              -118.103391,
              33.913676
            ],
            [
              -118.103392,
              33.913762
            ],
            [
              -118.103393,
              33.913833
            ],
            [
              -118.103391,
              33.913879
            ],
            [
              -118.103392,
              33.913984
            ],
            [
              -118.103395,
              33.914174
            ],
            [
              -118.1034,
              33.914419
            ],
            [
              -118.1034,
              33.914533
            ],
            [
              -118.103397,
              33.914634
            ],
            [
              -118.1034,
              33.914715
            ],
            [
              -118.1034,
              33.91538
            ],
            [
              -118.103412,
              33.915908
            ],
            [
              -118.103418,
              33.916009
            ],
            [
              -118.10343,
              33.916297
            ],
            [
              -118.103454,
              33.917051
            ],
            [
              -118.103471,
              33.917162
            ],
            [
              -118.105181,
              33.91716
            ],
            [
              -118.105945,
              33.917161
            ],
            [
              -118.105946,
              33.91737
            ],
            [
              -118.105946,
              33.917705
            ],
            [
              -118.105929,
              33.917797
            ],
            [
              -118.105886,
              33.917876
            ],
            [
              -118.105826,
              33.91794
            ],
            [
              -118.105758,
              33.917989
            ],
            [
              -118.10568,
              33.918018
            ],
            [
              -118.105586,
              33.918039
            ],
            [
              -118.1055,
              33.918039
            ],
            [
              -118.105406,
              33.918025
            ],
            [
              -118.10532,
              33.917997
            ],
            [
              -118.105251,
              33.917947
            ],
            [
              -118.105182,
              33.917868
            ],
            [
              -118.105131,
              33.91779
            ],
            [
              -118.105114,
              33.917712
            ],
            [
              -118.105105,
              33.917434
            ],
            [
              -118.105124,
              33.916754
            ],
            [
              -118.105117,
              33.916297
            ],
            [
              -118.105088,
              33.91583
            ],
            [
              -118.105036,
              33.915333
            ],
            [
              -118.104978,
              33.914781
            ],
            [
              -118.1049,
              33.914562
            ],
            [
              -118.104903,
              33.914433
            ],
            [
              -118.104953,
              33.913483
            ],
            [
              -118.105025,
              33.911999
            ],
            [
              -118.10512,
              33.910173
            ],
            [
              -118.105206,
              33.909523
            ],
            [
              -118.105229,
              33.909285
            ],
            [
              -118.105251,
              33.909015
            ],
            [
              -118.105371,
              33.908252
            ],
            [
              -118.105492,
              33.907476
            ],
            [
              -118.105603,
              33.906564
            ],
            [
              -118.105646,
              33.906122
            ],
            [
              -118.105706,
              33.905357
            ],
            [
              -118.105715,
              33.904189
            ],
            [
              -118.105719,
              33.903975
            ],
            [
              -118.10574,
              33.903871
            ],
            [
              -118.1058,
              33.903772
            ],
            [
              -118.105898,
              33.903654
            ],
            [
              -118.106035,
              33.903523
            ],
            [
              -118.106227,
              33.903365
            ],
            [
              -118.106339,
              33.903267
            ],
            [
              -118.106474,
              33.903158
            ],
            [
              -118.106546,
              33.903075
            ],
            [
              -118.106597,
              33.902988
            ],
            [
              -118.106643,
              33.902844
            ],
            [
              -118.106667,
              33.902689
            ],
            [
              -118.106663,
              33.902237
            ],
            [
              -118.106591,
              33.902088
            ],
            [
              -118.10641,
              33.902027
            ],
            [
              -118.106082,
              33.902022
            ],
            [
              -118.105732,
              33.902012
            ],
            [
              -118.104463,
              33.901999
            ],
            [
              -118.103933,
              33.902007
            ],
            [
              -118.103835,
              33.90201
            ],
            [
              -118.103527,
              33.902012
            ],
            [
              -118.103451,
              33.902012
            ],
            [
              -118.103104,
              33.902047
            ],
            [
              -118.102752,
              33.902049
            ],
            [
              -118.102133,
              33.902046
            ],
            [
              -118.101354,
              33.90204
            ],
            [
              -118.101298,
              33.902039
            ],
            [
              -118.100916,
              33.902038
            ],
            [
              -118.100434,
              33.902035
            ],
            [
              -118.100092,
              33.902034
            ],
            [
              -118.099957,
              33.902034
            ],
            [
              -118.09786,
              33.902038
            ],
            [
              -118.097618,
              33.902039
            ],
            [
              -118.097395,
              33.902043
            ],
            [
              -118.095676,
              33.902068
            ],
            [
              -118.095411,
              33.902069
            ],
            [
              -118.092731,
              33.902077
            ],
            [
              -118.092458,
              33.902078
            ],
            [
              -118.092205,
              33.902079
            ],
            [
              -118.091321,
              33.90209
            ],
            [
              -118.090556,
              33.902091
            ],
            [
              -118.090137,
              33.902095
            ],
            [
              -118.089166,
              33.902105
            ],
            [
              -118.088751,
              33.902106
            ],
            [
              -118.088045,
              33.90211
            ],
            [
              -118.086894,
              33.902116
            ],
            [
              -118.086395,
              33.902119
            ],
            [
              -118.085567,
              33.90213
            ],
            [
              -118.085566,
              33.90213
            ],
            [
              -118.085386,
              33.902132
            ],
            [
              -118.085,
              33.902129
            ],
            [
              -118.084451,
              33.902131
            ],
            [
              -118.083984,
              33.902124
            ],
            [
              -118.083515,
              33.902123
            ],
            [
              -118.082967,
              33.90212
            ],
            [
              -118.082613,
              33.902121
            ],
            [
              -118.082133,
              33.902124
            ],
            [
              -118.08164,
              33.902128
            ],
            [
              -118.081363,
              33.902131
            ],
            [
              -118.080738,
              33.902139
            ],
            [
              -118.08038,
              33.90214
            ],
            [
              -118.08023,
              33.902141
            ],
            [
              -118.079837,
              33.902141
            ],
            [
              -118.079617,
              33.902142
            ],
            [
              -118.079564,
              33.902142
            ],
            [
              -118.078917,
              33.902144
            ],
            [
              -118.078585,
              33.902148
            ],
            [
              -118.078022,
              33.902155
            ],
            [
              -118.077408,
              33.902161
            ],
            [
              -118.077117,
              33.902162
            ],
            [
              -118.076812,
              33.902166
            ],
            [
              -118.07621,
              33.902179
            ],
            [
              -118.075923,
              33.902181
            ],
            [
              -118.075299,
              33.902186
            ],
            [
              -118.074477,
              33.902191
            ],
            [
              -118.074165,
              33.902193
            ],
            [
              -118.073516,
              33.902199
            ],
            [
              -118.07299,
              33.902201
            ],
            [
              -118.072677,
              33.902203
            ],
            [
              -118.071084,
              33.902212
            ],
            [
              -118.070446,
              33.902218
            ],
            [
              -118.070176,
              33.902219
            ],
            [
              -118.069538,
              33.902225
            ],
            [
              -118.069357,
              33.902226
            ],
            [
              -118.06914,
              33.902229
            ],
            [
              -118.06875,
              33.902231
            ],
            [
              -118.068183,
              33.902235
            ],
            [
              -118.067722,
              33.902236
            ],
            [
              -118.067549,
              33.902236
            ],
            [
              -118.067178,
              33.902237
            ],
            [
              -118.066986,
              33.902238
            ],
            [
              -118.066474,
              33.902239
            ],
            [
              -118.065487,
              33.902247
            ],
            [
              -118.065404,
              33.902246
            ],
            [
              -118.065264,
              33.902246
            ],
            [
              -118.064538,
              33.902258
            ],
            [
              -118.064449,
              33.902259
            ],
            [
              -118.06411,
              33.902265
            ],
            [
              -118.06397,
              33.902264
            ],
            [
              -118.062853,
              33.902265
            ],
            [
              -118.062755,
              33.902266
            ],
            [
              -118.062592,
              33.902266
            ],
            [
              -118.062065,
              33.902261
            ],
            [
              -118.061103,
              33.902266
            ],
            [
              -118.060725,
              33.902269
            ],
            [
              -118.060437,
              33.902269
            ],
            [
              -118.060215,
              33.902269
            ],
            [
              -118.059931,
              33.902273
            ],
            [
              -118.059312,
              33.90228
            ],
            [
              -118.058898,
              33.902284
            ],
            [
              -118.058567,
              33.902288
            ],
            [
              -118.058178,
              33.902293
            ],
            [
              -118.057789,
              33.902297
            ],
            [
              -118.057479,
              33.902298
            ],
            [
              -118.056661,
              33.902302
            ],
            [
              -118.055694,
              33.902307
            ],
            [
              -118.055325,
              33.902308
            ],
            [
              -118.05452,
              33.902308
            ],
            [
              -118.054252,
              33.902308
            ],
            [
              -118.053357,
              33.902308
            ],
            [
              -118.052718,
              33.902308
            ],
            [
              -118.052048,
              33.902311
            ],
            [
              -118.051639,
              33.902313
            ],
            [
              -118.051271,
              33.902319
            ],
            [
              -118.051206,
              33.902319
            ],
            [
              -118.050948,
              33.902319
            ],
            [
              -118.050397,
              33.902322
            ],
            [
              -118.050052,
              33.902324
            ],
            [
              -118.049573,
              33.902323
            ],
            [
              -118.049211,
              33.902324
            ],
            [
              -118.048655,
              33.902332
            ],
            [
              -118.048624,
              33.902332
            ],
            [
              -118.048354,
              33.902333
            ],
            [
              -118.047503,
              33.902326
            ],
            [
              -118.047411,
              33.902326
            ],
            [
              -118.046631,
              33.902334
            ],
            [
              -118.046167,
              33.902341
            ],
            [
              -118.045112,
              33.902355
            ],
            [
              -118.044926,
              33.902357
            ],
            [
              -118.044542,
              33.902362
            ],
            [
              -118.044344,
              33.902421
            ],
            [
              -118.04227,
              33.902448
            ],
            [
              -118.041757,
              33.902448
            ],
            [
              -118.041673,
              33.902447
            ],
            [
              -118.041208,
              33.902455
            ],
            [
              -118.038986,
              33.902474
            ],
            [
              -118.038848,
              33.902408
            ],
            [
              -118.038451,
              33.902407
            ],
            [
              -118.038146,
              33.902407
            ],
            [
              -118.03794,
              33.902407
            ],
            [
              -118.037818,
              33.902405
            ],
            [
              -118.037718,
              33.902406
            ],
            [
              -118.036969,
              33.90241
            ],
            [
              -118.036395,
              33.90242
            ],
            [
              -118.036171,
              33.902487
            ],
            [
              -118.035892,
              33.902498
            ],
            [
              -118.035522,
              33.902499
            ],
            [
              -118.033074,
              33.902502
            ],
            [
              -118.030189,
              33.902529
            ],
            [
              -118.030028,
              33.90253
            ],
            [
              -118.029163,
              33.902538
            ],
            [
              -118.028745,
              33.902535
            ],
            [
              -118.02869,
              33.902535
            ],
            [
              -118.028397,
              33.902533
            ],
            [
              -118.02809,
              33.902531
            ],
            [
              -118.027877,
              33.902534
            ],
            [
              -118.02776,
              33.902533
            ],
            [
              -118.027452,
              33.902526
            ],
            [
              -118.026978,
              33.902529
            ],
            [
              -118.026801,
              33.902486
            ],
            [
              -118.025593,
              33.902481
            ],
            [
              -118.025395,
              33.902472
            ],
            [
              -118.024892,
              33.902449
            ],
            [
              -118.024277,
              33.902374
            ],
            [
              -118.02395,
              33.902322
            ],
            [
              -118.023769,
              33.902293
            ],
            [
              -118.023142,
              33.90216
            ],
            [
              -118.022668,
              33.902038
            ],
            [
              -118.022026,
              33.901824
            ],
            [
              -118.021532,
              33.901631
            ],
            [
              -118.020174,
              33.900985
            ],
            [
              -118.019954,
              33.900875
            ],
            [
              -118.019555,
              33.900676
            ],
            [
              -118.019294,
              33.900545
            ],
            [
              -118.018494,
              33.900157
            ],
            [
              -118.017069,
              33.899451
            ],
            [
              -118.016356,
              33.899105
            ],
            [
              -118.015895,
              33.898925
            ],
            [
              -118.015485,
              33.898785
            ],
            [
              -118.015405,
              33.898762
            ],
            [
              -118.015225,
              33.898712
            ],
            [
              -118.014967,
              33.898641
            ],
            [
              -118.014541,
              33.898529
            ],
            [
              -118.014093,
              33.898447
            ],
            [
              -118.013529,
              33.898369
            ],
            [
              -118.012826,
              33.898323
            ],
            [
              -118.012558,
              33.898319
            ],
            [
              -118.011853,
              33.898336
            ],
            [
              -118.011724,
              33.898344
            ],
            [
              -118.011151,
              33.898383
            ],
            [
              -118.011,
              33.898388
            ],
            [
              -118.010865,
              33.8984
            ],
            [
              -118.010724,
              33.898412
            ],
            [
              -118.010346,
              33.898439
            ],
            [
              -118.009104,
              33.898525
            ],
            [
              -118.007643,
              33.898626
            ],
            [
              -118.007179,
              33.898658
            ],
            [
              -118.005655,
              33.898753
            ],
            [
              -118.005428,
              33.898767
            ],
            [
              -118.005196,
              33.898781
            ],
            [
              -118.001649,
              33.899019
            ],
            [
              -118.001559,
              33.899025
            ],
            [
              -118.001194,
              33.89905
            ],
            [
              -118.000838,
              33.899072
            ],
            [
              -118.000228,
              33.899075
            ],
            [
              -117.999775,
              33.899061
            ],
            [
              -117.998142,
              33.898928
            ],
            [
              -117.997972,
              33.898912
            ],
            [
              -117.996969,
              33.898824
            ],
            [
              -117.996625,
              33.898793
            ],
            [
              -117.996875,
              33.898389
            ],
            [
              -117.996976,
              33.898226
            ],
            [
              -117.997106,
              33.898018
            ],
            [
              -117.998137,
              33.896354
            ],
            [
              -117.998369,
              33.895981
            ],
            [
              -117.998581,
              33.89565
            ],
            [
              -117.999663,
              33.89396
            ],
            [
              -117.999917,
              33.893565
            ],
            [
              -118.000484,
              33.893886
            ],
            [
              -118.000616,
              33.893961
            ],
            [
              -118.000622,
              33.893966
            ]
          ],
          [
            [
              -118.001123,
              33.894251
            ],
            [
              -118.001093,
              33.894234
            ],
            [
              -118.001123,
              33.894251
            ],
            [
              -118.001499,
              33.894465
            ],
            [
              -118.001744,
              33.894611
            ],
            [
              -118.00205,
              33.894239
            ],
            [
              -118.002357,
              33.893865
            ],
            [
              -118.0027,
              33.893447
            ],
            [
              -118.002832,
              33.893286
            ],
            [
              -118.002917,
              33.893176
            ],
            [
              -118.003053,
              33.893011
            ],
            [
              -118.003814,
              33.892089
            ],
            [
              -118.003903,
              33.891981
            ],
            [
              -118.003576,
              33.891795
            ],
            [
              -118.003369,
              33.891677
            ],
            [
              -118.00266,
              33.891275
            ],
            [
              -118.00245,
              33.891149
            ],
            [
              -118.002038,
              33.890902
            ],
            [
              -118.001946,
              33.891007
            ],
            [
              -118.001593,
              33.891409
            ],
            [
              -118.00153,
              33.891482
            ],
            [
              -118.001506,
              33.891509
            ],
            [
              -118.000988,
              33.892078
            ],
            [
              -118.000724,
              33.892387
            ],
            [
              -118.000625,
              33.89252
            ],
            [
              -118.000304,
              33.892952
            ],
            [
              -118.00023,
              33.893069
            ],
            [
              -118.000139,
              33.893212
            ],
            [
              -117.999917,
              33.893565
            ],
            [
              -117.999757,
              33.893814
            ]
          ],
          [
            [
              -117.996554,
              33.898905
            ],
            [
              -117.996625,
              33.898793
            ],
            [
              -117.996554,
              33.898905
            ],
            [
              -117.997043,
              33.89895
            ],
            [
              -117.998114,
              33.899048
            ],
            [
              -117.999754,
              33.899182
            ],
            [
              -118.000217,
              33.899196
            ],
            [
              -118.000727,
              33.899181
            ],
            [
              -118.000959,
              33.899175
            ],
            [
              -118.001195,
              33.89917
            ],
            [
              -118.004619,
              33.898941
            ],
            [
              -118.004858,
              33.898925
            ],
            [
              -118.005205,
              33.898902
            ],
            [
              -118.006644,
              33.898812
            ],
            [
              -118.00691,
              33.898796
            ],
            [
              -118.007182,
              33.898779
            ],
            [
              -118.008675,
              33.898676
            ],
            [
              -118.009115,
              33.898645
            ],
            [
              -118.010091,
              33.898578
            ],
            [
              -118.010251,
              33.898566
            ],
            [
              -118.010641,
              33.898539
            ],
            [
              -118.010699,
              33.898535
            ],
            [
              -118.010893,
              33.898519
            ],
            [
              -118.01103,
              33.898507
            ],
            [
              -118.011183,
              33.898497
            ],
            [
              -118.011898,
              33.898448
            ],
            [
              -118.012238,
              33.89844
            ],
            [
              -118.012563,
              33.898432
            ],
            [
              -118.01285,
              33.898436
            ],
            [
              -118.013538,
              33.898481
            ],
            [
              -118.014089,
              33.898556
            ],
            [
              -118.014495,
              33.898632
            ],
            [
              -118.014729,
              33.898691
            ],
            [
              -118.014935,
              33.898744
            ],
            [
              -118.015449,
              33.898887
            ],
            [
              -118.015848,
              33.899023
            ],
            [
              -118.016296,
              33.899199
            ],
            [
              -118.017001,
              33.899541
            ],
            [
              -118.018041,
              33.900056
            ],
            [
              -118.018427,
              33.900247
            ],
            [
              -118.018783,
              33.90042
            ],
            [
              -118.01901,
              33.90053
            ],
            [
              -118.019228,
              33.900636
            ],
            [
              -118.020107,
              33.901074
            ],
            [
              -118.021473,
              33.901725
            ],
            [
              -118.02198,
              33.901922
            ],
            [
              -118.022493,
              33.902094
            ],
            [
              -118.022635,
              33.902141
            ],
            [
              -118.023085,
              33.902256
            ],
            [
              -118.023304,
              33.902302
            ],
            [
              -118.023736,
              33.902394
            ],
            [
              -118.024277,
              33.902484
            ],
            [
              -118.024881,
              33.902556
            ],
            [
              -118.02562,
              33.902594
            ],
            [
              -118.026806,
              33.902598
            ]
          ],
          [
            [
              -118.029163,
              33.902538
            ],
            [
              -118.02869,
              33.902535
            ],
            [
              -118.029163,
              33.902538
            ],
            [
              -118.029604,
              33.902534
            ]
          ],
          [
            [
              -118.036404,
              33.902543
            ],
            [
              -118.036171,
              33.902487
            ],
            [
              -118.036404,
              33.902543
            ],
            [
              -118.036667,
              33.902541
            ],
            [
              -118.036972,
              33.902538
            ],
            [
              -118.037345,
              33.902536
            ],
            [
              -118.03746,
              33.902535
            ],
            [
              -118.037823,
              33.902532
            ],
            [
              -118.03794,
              33.902532
            ],
            [
              -118.038043,
              33.902531
            ],
            [
              -118.038844,
              33.902518
            ]
          ],
          [
            [
              -118.044547,
              33.90248
            ],
            [
              -118.044344,
              33.902421
            ],
            [
              -118.044547,
              33.90248
            ],
            [
              -118.044929,
              33.902478
            ],
            [
              -118.045926,
              33.902472
            ],
            [
              -118.046633,
              33.902477
            ],
            [
              -118.047083,
              33.902472
            ],
            [
              -118.048083,
              33.902461
            ],
            [
              -118.048353,
              33.902464
            ],
            [
              -118.048956,
              33.902464
            ],
            [
              -118.049212,
              33.902464
            ],
            [
              -118.049785,
              33.902453
            ],
            [
              -118.050053,
              33.902452
            ],
            [
              -118.050676,
              33.902447
            ],
            [
              -118.050726,
              33.902446
            ],
            [
              -118.05095,
              33.902446
            ],
            [
              -118.051644,
              33.902448
            ],
            [
              -118.052339,
              33.90244
            ],
            [
              -118.052722,
              33.902435
            ],
            [
              -118.054211,
              33.902424
            ],
            [
              -118.054257,
              33.902424
            ],
            [
              -118.054759,
              33.902424
            ],
            [
              -118.055324,
              33.902424
            ],
            [
              -118.055732,
              33.902422
            ],
            [
              -118.057453,
              33.902412
            ],
            [
              -118.057539,
              33.902412
            ],
            [
              -118.057792,
              33.902411
            ],
            [
              -118.058379,
              33.902405
            ],
            [
              -118.058572,
              33.902403
            ],
            [
              -118.058906,
              33.9024
            ],
            [
              -118.0593,
              33.902397
            ],
            [
              -118.059318,
              33.902397
            ],
            [
              -118.059538,
              33.902395
            ],
            [
              -118.060029,
              33.902399
            ],
            [
              -118.060382,
              33.902391
            ],
            [
              -118.061334,
              33.902399
            ],
            [
              -118.062073,
              33.902382
            ],
            [
              -118.062239,
              33.902384
            ],
            [
              -118.062778,
              33.902386
            ],
            [
              -118.06287,
              33.902385
            ],
            [
              -118.062977,
              33.902384
            ],
            [
              -118.063176,
              33.902384
            ],
            [
              -118.063969,
              33.902383
            ],
            [
              -118.064109,
              33.902383
            ],
            [
              -118.064813,
              33.902373
            ],
            [
              -118.064952,
              33.902371
            ],
            [
              -118.065272,
              33.902367
            ],
            [
              -118.06571,
              33.902365
            ],
            [
              -118.066141,
              33.902358
            ],
            [
              -118.066478,
              33.902352
            ],
            [
              -118.067911,
              33.902357
            ],
            [
              -118.068185,
              33.902357
            ],
            [
              -118.068878,
              33.902353
            ],
            [
              -118.069145,
              33.902351
            ],
            [
              -118.069468,
              33.902345
            ],
            [
              -118.069876,
              33.902338
            ],
            [
              -118.070052,
              33.902336
            ],
            [
              -118.070686,
              33.902328
            ],
            [
              -118.071082,
              33.902323
            ],
            [
              -118.071449,
              33.902322
            ],
            [
              -118.071593,
              33.902322
            ],
            [
              -118.07253,
              33.902316
            ],
            [
              -118.072998,
              33.902317
            ],
            [
              -118.073228,
              33.902314
            ],
            [
              -118.073802,
              33.902307
            ],
            [
              -118.074167,
              33.902302
            ],
            [
              -118.074952,
              33.902292
            ],
            [
              -118.075299,
              33.902288
            ],
            [
              -118.07607,
              33.902288
            ],
            [
              -118.076211,
              33.902288
            ],
            [
              -118.076814,
              33.902282
            ],
            [
              -118.077123,
              33.902284
            ],
            [
              -118.077627,
              33.902279
            ],
            [
              -118.078024,
              33.902275
            ],
            [
              -118.078716,
              33.902268
            ],
            [
              -118.078923,
              33.902266
            ],
            [
              -118.07928,
              33.902266
            ],
            [
              -118.079566,
              33.902266
            ],
            [
              -118.07984,
              33.902262
            ],
            [
              -118.080008,
              33.90226
            ],
            [
              -118.080227,
              33.902259
            ],
            [
              -118.080538,
              33.902256
            ],
            [
              -118.08074,
              33.902256
            ],
            [
              -118.081121,
              33.902253
            ],
            [
              -118.081456,
              33.902251
            ],
            [
              -118.081639,
              33.902249
            ],
            [
              -118.081768,
              33.902249
            ],
            [
              -118.082432,
              33.902256
            ],
            [
              -118.082582,
              33.902258
            ],
            [
              -118.082668,
              33.902258
            ],
            [
              -118.083158,
              33.902252
            ],
            [
              -118.083517,
              33.902248
            ],
            [
              -118.084228,
              33.902241
            ],
            [
              -118.084453,
              33.902241
            ],
            [
              -118.084997,
              33.902241
            ],
            [
              -118.085292,
              33.90224
            ],
            [
              -118.085391,
              33.90224
            ],
            [
              -118.085699,
              33.902241
            ],
            [
              -118.086395,
              33.902233
            ],
            [
              -118.087715,
              33.90222
            ],
            [
              -118.087991,
              33.902217
            ],
            [
              -118.088419,
              33.902213
            ],
            [
              -118.088753,
              33.90221
            ],
            [
              -118.090142,
              33.902199
            ],
            [
              -118.090978,
              33.902199
            ],
            [
              -118.091325,
              33.902201
            ],
            [
              -118.091742,
              33.902196
            ],
            [
              -118.091895,
              33.902194
            ],
            [
              -118.092259,
              33.902199
            ],
            [
              -118.093138,
              33.902192
            ],
            [
              -118.095293,
              33.902181
            ],
            [
              -118.095681,
              33.902178
            ],
            [
              -118.095906,
              33.902176
            ],
            [
              -118.096993,
              33.902164
            ],
            [
              -118.0974,
              33.902164
            ],
            [
              -118.097706,
              33.902164
            ],
            [
              -118.098955,
              33.902163
            ],
            [
              -118.099621,
              33.902165
            ],
            [
              -118.099958,
              33.902166
            ],
            [
              -118.100089,
              33.902166
            ],
            [
              -118.101056,
              33.902166
            ],
            [
              -118.102335,
              33.902166
            ],
            [
              -118.102714,
              33.902166
            ],
            [
              -118.103449,
              33.902164
            ],
            [
              -118.103679,
              33.902162
            ],
            [
              -118.103878,
              33.902161
            ],
            [
              -118.104151,
              33.902159
            ],
            [
              -118.104642,
              33.902155
            ],
            [
              -118.104772,
              33.9024
            ],
            [
              -118.10491,
              33.903676
            ],
            [
              -118.104961,
              33.904164
            ],
            [
              -118.104968,
              33.905572
            ],
            [
              -118.105009,
              33.906916
            ],
            [
              -118.104905,
              33.909518
            ],
            [
              -118.104798,
              33.910156
            ],
            [
              -118.104722,
              33.910615
            ],
            [
              -118.104679,
              33.910978
            ],
            [
              -118.104601,
              33.911748
            ],
            [
              -118.104541,
              33.912375
            ],
            [
              -118.104469,
              33.913126
            ],
            [
              -118.104429,
              33.913538
            ],
            [
              -118.104403,
              33.91379
            ],
            [
              -118.104361,
              33.91402
            ],
            [
              -118.104301,
              33.914255
            ],
            [
              -118.104206,
              33.914533
            ],
            [
              -118.103777,
              33.915623
            ],
            [
              -118.103717,
              33.915665
            ],
            [
              -118.103657,
              33.915679
            ],
            [
              -118.103597,
              33.915679
            ],
            [
              -118.103546,
              33.915665
            ],
            [
              -118.103503,
              33.915644
            ],
            [
              -118.103468,
              33.915608
            ],
            [
              -118.103443,
              33.915551
            ]
          ],
          [
            [
              -118.103728,
              33.913677
            ],
            [
              -118.103391,
              33.913676
            ],
            [
              -118.103728,
              33.913677
            ],
            [
              -118.103728,
              33.91351
            ]
          ]
        ]
      }
    },
    {
      "type": "Feature",
      "properties": {
        "agency_name": "Norwalk Transit System",
        "route_id": "7",
        "agency_id": "0",
        "route_short_name": "7",
        "route_long_name": "C Line Station/El Monte Station",
        "route_type": 3,
        "route_color": "#cf9f24",
        "route_text_color": "#ffffff",
        "route_sort_order": 7
      },
      "geometry": {
        "type": "MultiLineString",
        "coordinates": [
          [
            [
              -118.044323,
              34.072415
            ],
            [
              -118.04508,
              34.072407
            ],
            [
              -118.044323,
              34.072415
            ],
            [
              -118.044316,
              34.072221
            ],
            [
              -118.044311,
              34.072094
            ],
            [
              -118.044324,
              34.072044
            ],
            [
              -118.044359,
              34.072016
            ],
            [
              -118.044442,
              34.071999
            ],
            [
              -118.044457,
              34.071999
            ],
            [
              -118.044454,
              34.071781
            ],
            [
              -118.04445,
              34.071105
            ],
            [
              -118.042192,
              34.071154
            ],
            [
              -118.042199,
              34.071487
            ],
            [
              -118.04221,
              34.071984
            ],
            [
              -118.041523,
              34.071992
            ],
            [
              -118.041415,
              34.071993
            ],
            [
              -118.040912,
              34.071998
            ],
            [
              -118.040641,
              34.072001
            ],
            [
              -118.04035,
              34.072005
            ],
            [
              -118.039745,
              34.071998
            ],
            [
              -118.039738,
              34.071998
            ],
            [
              -118.039565,
              34.071996
            ],
            [
              -118.039457,
              34.071995
            ],
            [
              -118.039355,
              34.071997
            ],
            [
              -118.039175,
              34.071998
            ],
            [
              -118.038831,
              34.072
            ],
            [
              -118.038234,
              34.072005
            ],
            [
              -118.038217,
              34.072006
            ],
            [
              -118.038015,
              34.072008
            ],
            [
              -118.037644,
              34.072012
            ],
            [
              -118.037076,
              34.072019
            ],
            [
              -118.036901,
              34.072024
            ],
            [
              -118.036696,
              34.072028
            ],
            [
              -118.035994,
              34.072044
            ],
            [
              -118.03565,
              34.07207
            ],
            [
              -118.035513,
              34.072081
            ],
            [
              -118.034736,
              34.072163
            ],
            [
              -118.034511,
              34.07219
            ],
            [
              -118.034149,
              34.072233
            ],
            [
              -118.033524,
              34.072307
            ],
            [
              -118.033411,
              34.072327
            ],
            [
              -118.033371,
              34.072335
            ],
            [
              -118.033282,
              34.07235
            ],
            [
              -118.033187,
              34.072382
            ],
            [
              -118.033046,
              34.072429
            ],
            [
              -118.032862,
              34.072502
            ],
            [
              -118.032513,
              34.072632
            ],
            [
              -118.032365,
              34.072319
            ],
            [
              -118.032282,
              34.072184
            ],
            [
              -118.032182,
              34.072073
            ],
            [
              -118.031988,
              34.071888
            ],
            [
              -118.031908,
              34.071819
            ],
            [
              -118.031741,
              34.07169
            ],
            [
              -118.031556,
              34.071541
            ],
            [
              -118.03135,
              34.07139
            ],
            [
              -118.031115,
              34.071217
            ],
            [
              -118.031028,
              34.071151
            ],
            [
              -118.030598,
              34.070827
            ],
            [
              -118.029838,
              34.070253
            ],
            [
              -118.029582,
              34.07006
            ],
            [
              -118.029337,
              34.069868
            ],
            [
              -118.028843,
              34.06948
            ],
            [
              -118.028487,
              34.069201
            ],
            [
              -118.028084,
              34.068884
            ],
            [
              -118.028301,
              34.068748
            ],
            [
              -118.028692,
              34.068344
            ],
            [
              -118.029062,
              34.068014
            ],
            [
              -118.029363,
              34.067619
            ],
            [
              -118.029472,
              34.067393
            ],
            [
              -118.029829,
              34.066826
            ],
            [
              -118.030135,
              34.066225
            ],
            [
              -118.030211,
              34.066022
            ],
            [
              -118.03025,
              34.065896
            ],
            [
              -118.030361,
              34.065538
            ],
            [
              -118.030421,
              34.065249
            ],
            [
              -118.030483,
              34.064948
            ],
            [
              -118.030514,
              34.064794
            ],
            [
              -118.030551,
              34.06403
            ],
            [
              -118.030558,
              34.063823
            ],
            [
              -118.030547,
              34.063606
            ],
            [
              -118.030538,
              34.063418
            ],
            [
              -118.030532,
              34.063306
            ],
            [
              -118.030534,
              34.063192
            ],
            [
              -118.030538,
              34.062852
            ],
            [
              -118.030536,
              34.062339
            ],
            [
              -118.030533,
              34.061397
            ],
            [
              -118.030532,
              34.061187
            ],
            [
              -118.030532,
              34.060331
            ],
            [
              -118.030533,
              34.060049
            ],
            [
              -118.030537,
              34.059771
            ],
            [
              -118.03055,
              34.058845
            ],
            [
              -118.030554,
              34.058565
            ],
            [
              -118.030555,
              34.058369
            ],
            [
              -118.030555,
              34.058299
            ],
            [
              -118.030559,
              34.057545
            ],
            [
              -118.03056,
              34.05727
            ],
            [
              -118.030562,
              34.057032
            ],
            [
              -118.030566,
              34.056231
            ],
            [
              -118.030567,
              34.056011
            ],
            [
              -118.03057,
              34.055798
            ],
            [
              -118.030571,
              34.05569
            ],
            [
              -118.030571,
              34.055652
            ],
            [
              -118.030575,
              34.055335
            ],
            [
              -118.030575,
              34.055072
            ],
            [
              -118.030575,
              34.055014
            ],
            [
              -118.030575,
              34.054084
            ],
            [
              -118.030593,
              34.052768
            ],
            [
              -118.030599,
              34.051918
            ],
            [
              -118.030601,
              34.05151
            ],
            [
              -118.030603,
              34.051356
            ],
            [
              -118.030605,
              34.051161
            ],
            [
              -118.03061,
              34.050016
            ],
            [
              -118.030648,
              34.047231
            ],
            [
              -118.030669,
              34.047087
            ],
            [
              -118.030659,
              34.046868
            ],
            [
              -118.03063,
              34.046671
            ],
            [
              -118.030582,
              34.046567
            ],
            [
              -118.030517,
              34.046408
            ],
            [
              -118.030447,
              34.046273
            ],
            [
              -118.030359,
              34.046157
            ],
            [
              -118.030256,
              34.046035
            ],
            [
              -118.030139,
              34.04593
            ],
            [
              -118.029892,
              34.045708
            ],
            [
              -118.030316,
              34.045359
            ],
            [
              -118.031478,
              34.044404
            ],
            [
              -118.031999,
              34.043975
            ],
            [
              -118.032728,
              34.043376
            ],
            [
              -118.032986,
              34.043164
            ],
            [
              -118.033331,
              34.042888
            ],
            [
              -118.033626,
              34.042654
            ],
            [
              -118.03382,
              34.042499
            ],
            [
              -118.035562,
              34.041048
            ],
            [
              -118.035735,
              34.040904
            ],
            [
              -118.035852,
              34.040807
            ],
            [
              -118.036064,
              34.04063
            ],
            [
              -118.036223,
              34.040611
            ],
            [
              -118.036452,
              34.040426
            ],
            [
              -118.036809,
              34.040119
            ],
            [
              -118.037124,
              34.039823
            ],
            [
              -118.037138,
              34.03971
            ],
            [
              -118.037225,
              34.039608
            ],
            [
              -118.037324,
              34.039492
            ],
            [
              -118.037444,
              34.039338
            ],
            [
              -118.037568,
              34.039299
            ],
            [
              -118.037743,
              34.039037
            ],
            [
              -118.037939,
              34.038704
            ],
            [
              -118.038005,
              34.038591
            ],
            [
              -118.03812,
              34.038336
            ],
            [
              -118.038319,
              34.037899
            ],
            [
              -118.038377,
              34.037691
            ],
            [
              -118.038447,
              34.037432
            ],
            [
              -118.0385,
              34.037126
            ],
            [
              -118.038525,
              34.0369
            ],
            [
              -118.038528,
              34.036866
            ],
            [
              -118.038534,
              34.036768
            ],
            [
              -118.038553,
              34.036398
            ],
            [
              -118.038488,
              34.036249
            ],
            [
              -118.03846,
              34.035915
            ],
            [
              -118.038458,
              34.035886
            ],
            [
              -118.03845,
              34.035794
            ],
            [
              -118.038442,
              34.035738
            ],
            [
              -118.038399,
              34.035481
            ],
            [
              -118.038376,
              34.035375
            ],
            [
              -118.038343,
              34.035225
            ],
            [
              -118.03821,
              34.034653
            ],
            [
              -118.038185,
              34.034546
            ],
            [
              -118.037776,
              34.032912
            ],
            [
              -118.037693,
              34.032509
            ],
            [
              -118.037591,
              34.032115
            ],
            [
              -118.037378,
              34.031346
            ],
            [
              -118.037309,
              34.030926
            ],
            [
              -118.037299,
              34.030845
            ],
            [
              -118.037258,
              34.030515
            ],
            [
              -118.037258,
              34.030498
            ],
            [
              -118.037264,
              34.030118
            ],
            [
              -118.037295,
              34.029617
            ],
            [
              -118.037317,
              34.029271
            ],
            [
              -118.037353,
              34.028991
            ],
            [
              -118.037395,
              34.028658
            ],
            [
              -118.037531,
              34.027687
            ],
            [
              -118.037675,
              34.026771
            ],
            [
              -118.037835,
              34.02603
            ],
            [
              -118.037873,
              34.025789
            ],
            [
              -118.037875,
              34.025473
            ],
            [
              -118.037864,
              34.02524
            ],
            [
              -118.037832,
              34.024961
            ],
            [
              -118.037799,
              34.024814
            ],
            [
              -118.037764,
              34.024662
            ],
            [
              -118.037545,
              34.024
            ],
            [
              -118.037381,
              34.023443
            ],
            [
              -118.037336,
              34.023202
            ],
            [
              -118.037361,
              34.023064
            ],
            [
              -118.03735,
              34.022727
            ],
            [
              -118.037345,
              34.022625
            ],
            [
              -118.037324,
              34.022175
            ],
            [
              -118.037305,
              34.021781
            ],
            [
              -118.037234,
              34.021638
            ],
            [
              -118.037322,
              34.021159
            ],
            [
              -118.037355,
              34.021048
            ],
            [
              -118.037388,
              34.02094
            ],
            [
              -118.037434,
              34.020788
            ],
            [
              -118.037564,
              34.020476
            ],
            [
              -118.037698,
              34.020228
            ],
            [
              -118.037843,
              34.020009
            ],
            [
              -118.03793,
              34.019881
            ],
            [
              -118.03807,
              34.019668
            ],
            [
              -118.038282,
              34.019434
            ],
            [
              -118.038455,
              34.019277
            ],
            [
              -118.038744,
              34.019015
            ],
            [
              -118.039086,
              34.018759
            ],
            [
              -118.040494,
              34.017655
            ],
            [
              -118.041094,
              34.017172
            ],
            [
              -118.041187,
              34.017097
            ],
            [
              -118.041453,
              34.016883
            ],
            [
              -118.041706,
              34.01668
            ],
            [
              -118.042023,
              34.016425
            ],
            [
              -118.042377,
              34.016177
            ],
            [
              -118.042726,
              34.015934
            ],
            [
              -118.043006,
              34.015737
            ],
            [
              -118.0433,
              34.015595
            ],
            [
              -118.043527,
              34.015497
            ],
            [
              -118.043963,
              34.01531
            ],
            [
              -118.044404,
              34.015125
            ],
            [
              -118.044461,
              34.015101
            ],
            [
              -118.04457,
              34.015044
            ],
            [
              -118.04492,
              34.014863
            ],
            [
              -118.045188,
              34.014686
            ],
            [
              -118.045326,
              34.014583
            ],
            [
              -118.045495,
              34.014443
            ],
            [
              -118.045599,
              34.014357
            ],
            [
              -118.045774,
              34.014182
            ],
            [
              -118.045844,
              34.014111
            ],
            [
              -118.046037,
              34.013908
            ],
            [
              -118.046335,
              34.013597
            ],
            [
              -118.046689,
              34.013235
            ],
            [
              -118.046817,
              34.013104
            ],
            [
              -118.046984,
              34.012933
            ],
            [
              -118.047222,
              34.01269
            ],
            [
              -118.047798,
              34.012115
            ],
            [
              -118.048191,
              34.011722
            ],
            [
              -118.048667,
              34.011438
            ],
            [
              -118.049399,
              34.01109
            ],
            [
              -118.049552,
              34.010984
            ],
            [
              -118.049814,
              34.010803
            ],
            [
              -118.050175,
              34.010553
            ],
            [
              -118.05051,
              34.010322
            ],
            [
              -118.050802,
              34.010195
            ],
            [
              -118.05092,
              34.010156
            ],
            [
              -118.051082,
              34.010103
            ],
            [
              -118.051229,
              34.01007
            ],
            [
              -118.051454,
              34.010021
            ],
            [
              -118.05355,
              34.009758
            ],
            [
              -118.053665,
              34.009791
            ],
            [
              -118.054017,
              34.009728
            ],
            [
              -118.054316,
              34.009615
            ],
            [
              -118.054578,
              34.009473
            ],
            [
              -118.054764,
              34.009332
            ],
            [
              -118.054937,
              34.009178
            ],
            [
              -118.055094,
              34.008993
            ],
            [
              -118.055142,
              34.008909
            ],
            [
              -118.055146,
              34.008748
            ],
            [
              -118.055229,
              34.008491
            ],
            [
              -118.055275,
              34.008349
            ],
            [
              -118.055312,
              34.008234
            ],
            [
              -118.055414,
              34.007962
            ],
            [
              -118.055501,
              34.007728
            ],
            [
              -118.055735,
              34.007105
            ],
            [
              -118.055753,
              34.007034
            ],
            [
              -118.055764,
              34.00699
            ],
            [
              -118.055824,
              34.00675
            ],
            [
              -118.055882,
              34.006391
            ],
            [
              -118.055909,
              34.006162
            ],
            [
              -118.056006,
              34.005369
            ],
            [
              -118.056015,
              34.005295
            ],
            [
              -118.056044,
              34.005054
            ],
            [
              -118.056058,
              34.00494
            ],
            [
              -118.056106,
              34.004562
            ],
            [
              -118.056161,
              34.004142
            ],
            [
              -118.056183,
              34.004
            ],
            [
              -118.05622,
              34.003764
            ],
            [
              -118.056301,
              34.003663
            ],
            [
              -118.056409,
              34.002748
            ],
            [
              -118.056428,
              34.002438
            ],
            [
              -118.056413,
              34.002158
            ],
            [
              -118.056351,
              34.001817
            ],
            [
              -118.05627,
              34.001545
            ],
            [
              -118.056216,
              34.001352
            ],
            [
              -118.056172,
              34.001194
            ],
            [
              -118.055873,
              34.000217
            ],
            [
              -118.055786,
              34.000019
            ],
            [
              -118.05565,
              33.999764
            ],
            [
              -118.055596,
              33.999698
            ],
            [
              -118.05533,
              33.999371
            ],
            [
              -118.055235,
              33.999229
            ],
            [
              -118.055224,
              33.999142
            ],
            [
              -118.055233,
              33.999024
            ],
            [
              -118.055281,
              33.998938
            ],
            [
              -118.055392,
              33.998809
            ],
            [
              -118.055425,
              33.998665
            ],
            [
              -118.055151,
              33.998437
            ],
            [
              -118.055058,
              33.998341
            ],
            [
              -118.055041,
              33.998318
            ],
            [
              -118.054942,
              33.998187
            ],
            [
              -118.05456,
              33.997585
            ],
            [
              -118.054377,
              33.997299
            ],
            [
              -118.052611,
              33.994655
            ],
            [
              -118.05084,
              33.992008
            ],
            [
              -118.050695,
              33.991791
            ],
            [
              -118.050601,
              33.991651
            ],
            [
              -118.050421,
              33.991384
            ],
            [
              -118.050344,
              33.991268
            ],
            [
              -118.050028,
              33.990792
            ],
            [
              -118.049227,
              33.989582
            ],
            [
              -118.048547,
              33.988556
            ],
            [
              -118.048532,
              33.988489
            ],
            [
              -118.048326,
              33.988293
            ],
            [
              -118.048263,
              33.988251
            ],
            [
              -118.048148,
              33.988192
            ],
            [
              -118.048064,
              33.988162
            ],
            [
              -118.047956,
              33.988134
            ],
            [
              -118.047831,
              33.988112
            ],
            [
              -118.047533,
              33.988115
            ],
            [
              -118.047438,
              33.988145
            ],
            [
              -118.047069,
              33.988143
            ],
            [
              -118.046318,
              33.988148
            ],
            [
              -118.045957,
              33.98815
            ],
            [
              -118.045821,
              33.98815
            ],
            [
              -118.045657,
              33.98815
            ],
            [
              -118.042429,
              33.988142
            ],
            [
              -118.042055,
              33.988141
            ],
            [
              -118.041812,
              33.98814
            ],
            [
              -118.041697,
              33.988139
            ],
            [
              -118.041444,
              33.988138
            ],
            [
              -118.040865,
              33.98814
            ],
            [
              -118.04029,
              33.988143
            ],
            [
              -118.039709,
              33.988144
            ],
            [
              -118.039133,
              33.988132
            ],
            [
              -118.03855,
              33.988129
            ],
            [
              -118.037979,
              33.988129
            ],
            [
              -118.037742,
              33.98813
            ],
            [
              -118.03756,
              33.988132
            ],
            [
              -118.037346,
              33.988133
            ],
            [
              -118.037348,
              33.987912
            ],
            [
              -118.037358,
              33.986547
            ],
            [
              -118.03736,
              33.986318
            ],
            [
              -118.03736,
              33.986124
            ],
            [
              -118.03736,
              33.986092
            ],
            [
              -118.037358,
              33.984723
            ],
            [
              -118.037357,
              33.984495
            ],
            [
              -118.037338,
              33.983245
            ],
            [
              -118.037339,
              33.983015
            ],
            [
              -118.037341,
              33.98271
            ],
            [
              -118.036873,
              33.982712
            ],
            [
              -118.036733,
              33.982712
            ],
            [
              -118.036565,
              33.982713
            ],
            [
              -118.036139,
              33.982714
            ],
            [
              -118.035579,
              33.982716
            ],
            [
              -118.035402,
              33.982716
            ],
            [
              -118.035279,
              33.982717
            ],
            [
              -118.034972,
              33.982718
            ],
            [
              -118.034771,
              33.982716
            ],
            [
              -118.03423,
              33.982711
            ],
            [
              -118.033842,
              33.982708
            ],
            [
              -118.033266,
              33.982713
            ],
            [
              -118.032958,
              33.982715
            ],
            [
              -118.032661,
              33.982718
            ],
            [
              -118.03266,
              33.982714
            ],
            [
              -118.032659,
              33.982092
            ],
            [
              -118.032661,
              33.981177
            ],
            [
              -118.032661,
              33.980894
            ],
            [
              -118.03266,
              33.980642
            ],
            [
              -118.032658,
              33.980291
            ],
            [
              -118.032663,
              33.979498
            ],
            [
              -118.032664,
              33.979261
            ],
            [
              -118.032665,
              33.979106
            ],
            [
              -118.032665,
              33.978683
            ],
            [
              -118.032666,
              33.977389
            ],
            [
              -118.032667,
              33.977248
            ],
            [
              -118.032667,
              33.977033
            ],
            [
              -118.03267,
              33.976318
            ],
            [
              -118.032669,
              33.975879
            ],
            [
              -118.032668,
              33.975436
            ],
            [
              -118.03267,
              33.975155
            ],
            [
              -118.032671,
              33.975062
            ],
            [
              -118.032674,
              33.974535
            ],
            [
              -118.032677,
              33.974136
            ],
            [
              -118.032679,
              33.973973
            ],
            [
              -118.032684,
              33.973682
            ],
            [
              -118.032687,
              33.973484
            ],
            [
              -118.033186,
              33.97349
            ],
            [
              -118.033237,
              33.973491
            ],
            [
              -118.033422,
              33.973504
            ],
            [
              -118.033757,
              33.973552
            ],
            [
              -118.034067,
              33.973597
            ],
            [
              -118.034259,
              33.973624
            ],
            [
              -118.034505,
              33.973646
            ],
            [
              -118.034705,
              33.97365
            ],
            [
              -118.035003,
              33.973655
            ],
            [
              -118.035415,
              33.973661
            ],
            [
              -118.035602,
              33.973664
            ],
            [
              -118.036176,
              33.973673
            ],
            [
              -118.036758,
              33.973669
            ],
            [
              -118.036988,
              33.973669
            ],
            [
              -118.03714,
              33.973669
            ],
            [
              -118.037372,
              33.973669
            ],
            [
              -118.037776,
              33.97367
            ],
            [
              -118.03801,
              33.973671
            ],
            [
              -118.038578,
              33.973669
            ],
            [
              -118.039161,
              33.973673
            ],
            [
              -118.039736,
              33.973673
            ],
            [
              -118.040311,
              33.973673
            ],
            [
              -118.040895,
              33.973675
            ],
            [
              -118.041472,
              33.973671
            ],
            [
              -118.041748,
              33.973673
            ],
            [
              -118.042075,
              33.973676
            ],
            [
              -118.042075,
              33.973431
            ],
            [
              -118.042071,
              33.971837
            ],
            [
              -118.042072,
              33.971817
            ],
            [
              -118.042074,
              33.971669
            ],
            [
              -118.042077,
              33.971294
            ],
            [
              -118.042079,
              33.970212
            ],
            [
              -118.04208,
              33.969653
            ],
            [
              -118.042081,
              33.969519
            ],
            [
              -118.042081,
              33.969245
            ],
            [
              -118.042082,
              33.968983
            ],
            [
              -118.042082,
              33.968819
            ],
            [
              -118.042068,
              33.968537
            ],
            [
              -118.042055,
              33.968265
            ],
            [
              -118.04226,
              33.968221
            ],
            [
              -118.042955,
              33.968199
            ],
            [
              -118.043041,
              33.968191
            ],
            [
              -118.043384,
              33.968162
            ],
            [
              -118.043628,
              33.968121
            ],
            [
              -118.04385,
              33.968083
            ],
            [
              -118.044073,
              33.968045
            ],
            [
              -118.044189,
              33.968025
            ],
            [
              -118.044351,
              33.967996
            ],
            [
              -118.044587,
              33.967955
            ],
            [
              -118.045105,
              33.967864
            ],
            [
              -118.046035,
              33.967708
            ],
            [
              -118.046237,
              33.967745
            ],
            [
              -118.046702,
              33.96768
            ],
            [
              -118.04714,
              33.9676
            ],
            [
              -118.047584,
              33.967521
            ],
            [
              -118.048158,
              33.967423
            ],
            [
              -118.048046,
              33.967321
            ],
            [
              -118.048044,
              33.967222
            ],
            [
              -118.047946,
              33.967036
            ],
            [
              -118.047843,
              33.966842
            ],
            [
              -118.047764,
              33.966724
            ],
            [
              -118.047636,
              33.966659
            ],
            [
              -118.046948,
              33.965553
            ],
            [
              -118.046927,
              33.965516
            ],
            [
              -118.046701,
              33.965135
            ],
            [
              -118.0465,
              33.964786
            ],
            [
              -118.04632,
              33.964473
            ],
            [
              -118.046113,
              33.964082
            ],
            [
              -118.045897,
              33.96376
            ],
            [
              -118.046591,
              33.963062
            ],
            [
              -118.046736,
              33.96293
            ],
            [
              -118.047316,
              33.962363
            ],
            [
              -118.047498,
              33.962179
            ],
            [
              -118.047527,
              33.962149
            ],
            [
              -118.048128,
              33.961559
            ],
            [
              -118.048309,
              33.961379
            ],
            [
              -118.048618,
              33.96106
            ],
            [
              -118.049074,
              33.9606
            ],
            [
              -118.049288,
              33.960386
            ],
            [
              -118.049818,
              33.959858
            ],
            [
              -118.050045,
              33.959631
            ],
            [
              -118.05015,
              33.959526
            ],
            [
              -118.0502,
              33.959413
            ],
            [
              -118.050273,
              33.959337
            ],
            [
              -118.050699,
              33.958894
            ],
            [
              -118.050942,
              33.958793
            ],
            [
              -118.05121,
              33.958528
            ],
            [
              -118.052024,
              33.957722
            ],
            [
              -118.052285,
              33.957463
            ],
            [
              -118.05304,
              33.956703
            ],
            [
              -118.053163,
              33.9565
            ],
            [
              -118.054232,
              33.955399
            ],
            [
              -118.054603,
              33.955027
            ],
            [
              -118.054971,
              33.954666
            ],
            [
              -118.057029,
              33.952647
            ],
            [
              -118.057549,
              33.95213
            ],
            [
              -118.059588,
              33.950098
            ],
            [
              -118.059903,
              33.949784
            ],
            [
              -118.060041,
              33.949647
            ],
            [
              -118.06018,
              33.949615
            ],
            [
              -118.060477,
              33.94932
            ],
            [
              -118.060679,
              33.94912
            ],
            [
              -118.060838,
              33.948962
            ],
            [
              -118.060929,
              33.948871
            ],
            [
              -118.061283,
              33.94852
            ],
            [
              -118.06168,
              33.948118
            ],
            [
              -118.062045,
              33.947773
            ],
            [
              -118.062303,
              33.947504
            ],
            [
              -118.062482,
              33.94733
            ],
            [
              -118.062753,
              33.94703
            ],
            [
              -118.062933,
              33.946813
            ],
            [
              -118.063097,
              33.946612
            ],
            [
              -118.063132,
              33.946563
            ],
            [
              -118.063414,
              33.946113
            ],
            [
              -118.063727,
              33.945493
            ],
            [
              -118.063829,
              33.945231
            ],
            [
              -118.063883,
              33.94505
            ],
            [
              -118.06393,
              33.944889
            ],
            [
              -118.063979,
              33.944633
            ],
            [
              -118.064064,
              33.944135
            ],
            [
              -118.0641,
              33.943432
            ],
            [
              -118.064101,
              33.942859
            ],
            [
              -118.064097,
              33.94246
            ],
            [
              -118.064097,
              33.942083
            ],
            [
              -118.064097,
              33.942045
            ],
            [
              -118.064097,
              33.941912
            ],
            [
              -118.064096,
              33.941794
            ],
            [
              -118.064103,
              33.941099
            ],
            [
              -118.064092,
              33.940737
            ],
            [
              -118.064091,
              33.940269
            ],
            [
              -118.06409,
              33.940117
            ],
            [
              -118.064089,
              33.9394
            ],
            [
              -118.064088,
              33.938973
            ],
            [
              -118.064084,
              33.937885
            ],
            [
              -118.064082,
              33.937169
            ],
            [
              -118.064079,
              33.936348
            ],
            [
              -118.064077,
              33.936045
            ],
            [
              -118.06408,
              33.935469
            ],
            [
              -118.064079,
              33.935359
            ],
            [
              -118.064077,
              33.935078
            ],
            [
              -118.064074,
              33.934163
            ],
            [
              -118.064072,
              33.933646
            ],
            [
              -118.064067,
              33.932423
            ],
            [
              -118.064065,
              33.93187
            ],
            [
              -118.063982,
              33.931715
            ],
            [
              -118.063978,
              33.9313
            ],
            [
              -118.063978,
              33.931212
            ],
            [
              -118.063957,
              33.92852
            ],
            [
              -118.063954,
              33.928342
            ],
            [
              -118.063954,
              33.928088
            ],
            [
              -118.063953,
              33.925985
            ],
            [
              -118.063948,
              33.924248
            ],
            [
              -118.06396,
              33.922289
            ],
            [
              -118.063965,
              33.921573
            ],
            [
              -118.063954,
              33.919637
            ],
            [
              -118.063945,
              33.918905
            ],
            [
              -118.063938,
              33.918272
            ],
            [
              -118.063936,
              33.918151
            ],
            [
              -118.063931,
              33.917642
            ],
            [
              -118.063929,
              33.917528
            ],
            [
              -118.063926,
              33.917221
            ],
            [
              -118.063991,
              33.917104
            ],
            [
              -118.06399,
              33.916983
            ],
            [
              -118.063991,
              33.916768
            ],
            [
              -118.063992,
              33.916646
            ],
            [
              -118.064024,
              33.916366
            ],
            [
              -118.064147,
              33.915945
            ],
            [
              -118.064186,
              33.915842
            ],
            [
              -118.064249,
              33.915695
            ],
            [
              -118.064282,
              33.915636
            ],
            [
              -118.064435,
              33.915361
            ],
            [
              -118.064491,
              33.915239
            ],
            [
              -118.064531,
              33.91513
            ],
            [
              -118.064602,
              33.914908
            ],
            [
              -118.064661,
              33.914613
            ],
            [
              -118.064879,
              33.914563
            ],
            [
              -118.065102,
              33.914513
            ],
            [
              -118.066319,
              33.91426
            ],
            [
              -118.066755,
              33.91415
            ],
            [
              -118.0671,
              33.914051
            ],
            [
              -118.067918,
              33.913868
            ],
            [
              -118.068441,
              33.913755
            ],
            [
              -118.068495,
              33.913743
            ],
            [
              -118.068723,
              33.913692
            ],
            [
              -118.06896,
              33.913632
            ],
            [
              -118.069256,
              33.913572
            ],
            [
              -118.069318,
              33.913563
            ],
            [
              -118.06941,
              33.913551
            ],
            [
              -118.069536,
              33.913547
            ],
            [
              -118.069672,
              33.91356
            ],
            [
              -118.069805,
              33.91361
            ],
            [
              -118.07009,
              33.913761
            ],
            [
              -118.070411,
              33.913968
            ],
            [
              -118.070674,
              33.914089
            ],
            [
              -118.070951,
              33.914156
            ],
            [
              -118.070959,
              33.914158
            ],
            [
              -118.071118,
              33.914184
            ],
            [
              -118.071497,
              33.914184
            ],
            [
              -118.071866,
              33.914183
            ],
            [
              -118.072509,
              33.914189
            ],
            [
              -118.072658,
              33.91419
            ],
            [
              -118.072661,
              33.914085
            ],
            [
              -118.072665,
              33.913922
            ],
            [
              -118.072773,
              33.913558
            ],
            [
              -118.072886,
              33.913232
            ],
            [
              -118.072955,
              33.913088
            ],
            [
              -118.073102,
              33.912834
            ],
            [
              -118.073296,
              33.912622
            ],
            [
              -118.073866,
              33.911848
            ],
            [
              -118.073887,
              33.91182
            ],
            [
              -118.07425,
              33.911323
            ],
            [
              -118.074376,
              33.911153
            ],
            [
              -118.074427,
              33.911081
            ],
            [
              -118.074699,
              33.910733
            ],
            [
              -118.074888,
              33.910492
            ],
            [
              -118.075018,
              33.91033
            ],
            [
              -118.075379,
              33.909869
            ],
            [
              -118.075683,
              33.909486
            ],
            [
              -118.076941,
              33.910153
            ],
            [
              -118.077191,
              33.910286
            ],
            [
              -118.078465,
              33.910973
            ],
            [
              -118.078716,
              33.911108
            ],
            [
              -118.079008,
              33.911268
            ],
            [
              -118.079214,
              33.911381
            ],
            [
              -118.079787,
              33.911695
            ],
            [
              -118.080615,
              33.912149
            ],
            [
              -118.08113,
              33.912432
            ],
            [
              -118.081746,
              33.912769
            ],
            [
              -118.081884,
              33.912837
            ],
            [
              -118.082683,
              33.913262
            ],
            [
              -118.083357,
              33.913621
            ],
            [
              -118.083924,
              33.913927
            ],
            [
              -118.084219,
              33.914095
            ],
            [
              -118.084738,
              33.914376
            ],
            [
              -118.085915,
              33.914991
            ],
            [
              -118.08611,
              33.915094
            ],
            [
              -118.08717,
              33.915653
            ],
            [
              -118.088498,
              33.916365
            ],
            [
              -118.088996,
              33.916635
            ],
            [
              -118.089294,
              33.916803
            ],
            [
              -118.089723,
              33.917035
            ],
            [
              -118.089979,
              33.917162
            ],
            [
              -118.090276,
              33.917173
            ],
            [
              -118.090543,
              33.917177
            ],
            [
              -118.090745,
              33.917177
            ],
            [
              -118.091065,
              33.917176
            ],
            [
              -118.091712,
              33.917177
            ],
            [
              -118.092576,
              33.917179
            ],
            [
              -118.094334,
              33.917152
            ],
            [
              -118.094595,
              33.917147
            ],
            [
              -118.0948,
              33.917144
            ],
            [
              -118.09484,
              33.917144
            ],
            [
              -118.09486,
              33.917143
            ],
            [
              -118.095955,
              33.917143
            ],
            [
              -118.098065,
              33.917141
            ],
            [
              -118.098479,
              33.917144
            ],
            [
              -118.099177,
              33.917146
            ],
            [
              -118.099321,
              33.91715
            ],
            [
              -118.09932,
              33.917052
            ],
            [
              -118.099322,
              33.916659
            ],
            [
              -118.099323,
              33.916223
            ],
            [
              -118.099323,
              33.915916
            ],
            [
              -118.099324,
              33.915825
            ],
            [
              -118.099309,
              33.914388
            ],
            [
              -118.09949,
              33.914391
            ],
            [
              -118.100132,
              33.914402
            ],
            [
              -118.100855,
              33.914491
            ],
            [
              -118.101151,
              33.914526
            ],
            [
              -118.10146,
              33.914547
            ],
            [
              -118.101984,
              33.914561
            ],
            [
              -118.1034,
              33.914533
            ],
            [
              -118.1034,
              33.914419
            ],
            [
              -118.103395,
              33.914174
            ],
            [
              -118.103392,
              33.913984
            ],
            [
              -118.103391,
              33.913879
            ],
            [
              -118.103393,
              33.913833
            ],
            [
              -118.103392,
              33.913762
            ],
            [
              -118.103391,
              33.913676
            ],
            [
              -118.103728,
              33.913677
            ],
            [
              -118.103728,
              33.91351
            ]
          ],
          [
            [
              -118.063929,
              33.917528
            ],
            [
              -118.063928,
              33.917473
            ]
          ],
          [
            [
              -118.063978,
              33.9313
            ],
            [
              -118.063957,
              33.92852
            ],
            [
              -118.063978,
              33.9313
            ],
            [
              -118.063981,
              33.931542
            ],
            [
              -118.063982,
              33.931715
            ],
            [
              -118.063917,
              33.931866
            ],
            [
              -118.06392,
              33.933645
            ],
            [
              -118.063926,
              33.934689
            ],
            [
              -118.063923,
              33.935357
            ],
            [
              -118.063924,
              33.935465
            ],
            [
              -118.063929,
              33.935837
            ],
            [
              -118.063935,
              33.936358
            ],
            [
              -118.063936,
              33.937166
            ],
            [
              -118.063936,
              33.938286
            ],
            [
              -118.063936,
              33.938975
            ],
            [
              -118.063934,
              33.93966
            ],
            [
              -118.063935,
              33.940118
            ],
            [
              -118.063938,
              33.940998
            ],
            [
              -118.063922,
              33.941647
            ],
            [
              -118.063918,
              33.941794
            ],
            [
              -118.063917,
              33.94191
            ],
            [
              -118.063932,
              33.942857
            ],
            [
              -118.06395,
              33.943528
            ],
            [
              -118.063953,
              33.943799
            ],
            [
              -118.063913,
              33.944239
            ],
            [
              -118.063839,
              33.94469
            ],
            [
              -118.063803,
              33.944858
            ],
            [
              -118.063688,
              33.945204
            ],
            [
              -118.063592,
              33.945461
            ],
            [
              -118.063492,
              33.945714
            ],
            [
              -118.063284,
              33.946095
            ],
            [
              -118.062975,
              33.94656
            ],
            [
              -118.062508,
              33.947101
            ],
            [
              -118.062054,
              33.947561
            ],
            [
              -118.061591,
              33.948029
            ],
            [
              -118.061063,
              33.94856
            ],
            [
              -118.060733,
              33.948893
            ],
            [
              -118.060425,
              33.949203
            ],
            [
              -118.060129,
              33.949475
            ],
            [
              -118.06006,
              33.949538
            ],
            [
              -118.060041,
              33.949647
            ]
          ],
          [
            [
              -118.052874,
              33.956676
            ],
            [
              -118.053163,
              33.9565
            ],
            [
              -118.052874,
              33.956676
            ],
            [
              -118.052175,
              33.957384
            ],
            [
              -118.051229,
              33.958313
            ],
            [
              -118.050821,
              33.958714
            ],
            [
              -118.050699,
              33.958894
            ],
            [
              -118.050473,
              33.959129
            ]
          ],
          [
            [
              -118.050068,
              33.959457
            ],
            [
              -118.0502,
              33.959413
            ],
            [
              -118.050068,
              33.959457
            ],
            [
              -118.049393,
              33.960116
            ],
            [
              -118.049189,
              33.960314
            ],
            [
              -118.048213,
              33.961304
            ],
            [
              -118.047821,
              33.961694
            ],
            [
              -118.047428,
              33.962085
            ],
            [
              -118.047029,
              33.962475
            ],
            [
              -118.046645,
              33.96285
            ],
            [
              -118.046489,
              33.962989
            ],
            [
              -118.046238,
              33.963242
            ],
            [
              -118.046156,
              33.963325
            ],
            [
              -118.046032,
              33.96345
            ],
            [
              -118.045827,
              33.963656
            ]
          ],
          [
            [
              -118.046188,
              33.964224
            ],
            [
              -118.046113,
              33.964082
            ],
            [
              -118.046188,
              33.964224
            ]
          ],
          [
            [
              -118.047682,
              33.96678
            ],
            [
              -118.047636,
              33.966659
            ],
            [
              -118.047682,
              33.96678
            ],
            [
              -118.047795,
              33.966984
            ],
            [
              -118.047946,
              33.967256
            ],
            [
              -118.048046,
              33.967321
            ],
            [
              -118.047446,
              33.967423
            ],
            [
              -118.047105,
              33.967482
            ],
            [
              -118.046652,
              33.967564
            ],
            [
              -118.046613,
              33.96757
            ],
            [
              -118.046201,
              33.967634
            ]
          ],
          [
            [
              -118.044288,
              33.968007
            ],
            [
              -118.044587,
              33.967955
            ],
            [
              -118.044288,
              33.968007
            ]
          ],
          [
            [
              -118.042082,
              33.969045
            ],
            [
              -118.042082,
              33.968983
            ],
            [
              -118.042082,
              33.969045
            ]
          ],
          [
            [
              -118.042073,
              33.971739
            ],
            [
              -118.042074,
              33.971669
            ],
            [
              -118.042073,
              33.971739
            ],
            [
              -118.042071,
              33.971837
            ],
            [
              -118.042075,
              33.973522
            ]
          ],
          [
            [
              -118.03774,
              33.97367
            ],
            [
              -118.037776,
              33.97367
            ],
            [
              -118.03774,
              33.97367
            ],
            [
              -118.037372,
              33.973669
            ]
          ],
          [
            [
              -118.034662,
              33.973649
            ],
            [
              -118.034705,
              33.97365
            ],
            [
              -118.034662,
              33.973649
            ]
          ],
          [
            [
              -118.032679,
              33.973973
            ],
            [
              -118.032687,
              33.973484
            ]
          ],
          [
            [
              -118.03267,
              33.975236
            ],
            [
              -118.032671,
              33.975062
            ],
            [
              -118.03267,
              33.975236
            ]
          ],
          [
            [
              -118.032667,
              33.977177
            ],
            [
              -118.032667,
              33.977033
            ],
            [
              -118.032667,
              33.977177
            ],
            [
              -118.032667,
              33.977248
            ]
          ],
          [
            [
              -118.032663,
              33.979498
            ],
            [
              -118.032665,
              33.979106
            ],
            [
              -118.032663,
              33.979498
            ],
            [
              -118.032662,
              33.979526
            ]
          ],
          [
            [
              -118.033266,
              33.982713
            ],
            [
              -118.032661,
              33.982718
            ],
            [
              -118.033266,
              33.982713
            ],
            [
              -118.033667,
              33.98271
            ]
          ],
          [
            [
              -118.035402,
              33.982716
            ],
            [
              -118.034972,
              33.982718
            ]
          ],
          [
            [
              -118.037339,
              33.982945
            ],
            [
              -118.037341,
              33.98271
            ],
            [
              -118.037339,
              33.982945
            ]
          ],
          [
            [
              -118.03736,
              33.98604
            ],
            [
              -118.037358,
              33.984723
            ],
            [
              -118.03736,
              33.98604
            ],
            [
              -118.03736,
              33.986092
            ]
          ],
          [
            [
              -118.037347,
              33.988012
            ],
            [
              -118.037348,
              33.987912
            ],
            [
              -118.037347,
              33.988012
            ],
            [
              -118.037346,
              33.988133
            ]
          ],
          [
            [
              -118.042055,
              33.988141
            ],
            [
              -118.041697,
              33.988139
            ],
            [
              -118.042055,
              33.988141
            ],
            [
              -118.04237,
              33.988142
            ]
          ],
          [
            [
              -118.045957,
              33.98815
            ],
            [
              -118.045657,
              33.98815
            ],
            [
              -118.045957,
              33.98815
            ],
            [
              -118.046145,
              33.988149
            ]
          ],
          [
            [
              -118.047482,
              33.98818
            ],
            [
              -118.047438,
              33.988145
            ],
            [
              -118.047482,
              33.98818
            ],
            [
              -118.047732,
              33.988182
            ],
            [
              -118.04788,
              33.988207
            ],
            [
              -118.048023,
              33.988238
            ],
            [
              -118.048151,
              33.988285
            ],
            [
              -118.048293,
              33.988362
            ],
            [
              -118.04839,
              33.988441
            ],
            [
              -118.04848,
              33.988524
            ]
          ],
          [
            [
              -118.050586,
              33.991629
            ],
            [
              -118.050421,
              33.991384
            ],
            [
              -118.050586,
              33.991629
            ]
          ],
          [
            [
              -118.054634,
              33.997702
            ],
            [
              -118.05456,
              33.997585
            ],
            [
              -118.054634,
              33.997702
            ],
            [
              -118.054942,
              33.998187
            ]
          ],
          [
            [
              -118.055262,
              33.998725
            ],
            [
              -118.055425,
              33.998665
            ],
            [
              -118.055262,
              33.998725
            ],
            [
              -118.055146,
              33.998882
            ],
            [
              -118.055108,
              33.998965
            ],
            [
              -118.055085,
              33.999097
            ],
            [
              -118.055097,
              33.999211
            ],
            [
              -118.055144,
              33.999341
            ],
            [
              -118.055256,
              33.999515
            ],
            [
              -118.055354,
              33.999626
            ],
            [
              -118.055477,
              33.999768
            ],
            [
              -118.055533,
              33.999832
            ],
            [
              -118.055682,
              34.000099
            ],
            [
              -118.055787,
              34.000377
            ],
            [
              -118.056017,
              34.001218
            ],
            [
              -118.056054,
              34.00134
            ],
            [
              -118.056125,
              34.001569
            ],
            [
              -118.056201,
              34.001844
            ],
            [
              -118.056256,
              34.002137
            ],
            [
              -118.05627,
              34.002439
            ],
            [
              -118.056197,
              34.00311
            ],
            [
              -118.056175,
              34.003291
            ],
            [
              -118.056134,
              34.003624
            ]
          ],
          [
            [
              -118.056015,
              34.005295
            ],
            [
              -118.056058,
              34.00494
            ]
          ],
          [
            [
              -118.055972,
              34.005645
            ],
            [
              -118.056006,
              34.005369
            ],
            [
              -118.055972,
              34.005645
            ]
          ],
          [
            [
              -118.055239,
              34.008459
            ],
            [
              -118.055275,
              34.008349
            ],
            [
              -118.055239,
              34.008459
            ],
            [
              -118.055146,
              34.008748
            ],
            [
              -118.055044,
              34.008826
            ],
            [
              -118.05483,
              34.009115
            ],
            [
              -118.054614,
              34.009326
            ],
            [
              -118.05435,
              34.009495
            ],
            [
              -118.054001,
              34.009635
            ],
            [
              -118.05362,
              34.009715
            ]
          ],
          [
            [
              -118.047949,
              34.011964
            ],
            [
              -118.048191,
              34.011722
            ],
            [
              -118.047949,
              34.011964
            ]
          ],
          [
            [
              -118.046335,
              34.013597
            ],
            [
              -118.046817,
              34.013104
            ],
            [
              -118.046335,
              34.013597
            ],
            [
              -118.046082,
              34.01386
            ]
          ],
          [
            [
              -118.044143,
              34.015235
            ],
            [
              -118.044461,
              34.015101
            ],
            [
              -118.044143,
              34.015235
            ]
          ],
          [
            [
              -118.041453,
              34.016883
            ],
            [
              -118.042023,
              34.016425
            ]
          ],
          [
            [
              -118.040808,
              34.017402
            ],
            [
              -118.041094,
              34.017172
            ],
            [
              -118.040808,
              34.017402
            ]
          ],
          [
            [
              -118.038282,
              34.019434
            ],
            [
              -118.038744,
              34.019015
            ]
          ],
          [
            [
              -118.037716,
              34.020201
            ],
            [
              -118.037843,
              34.020009
            ],
            [
              -118.037716,
              34.020201
            ]
          ],
          [
            [
              -118.03715,
              34.021809
            ],
            [
              -118.037234,
              34.021638
            ],
            [
              -118.03715,
              34.021809
            ],
            [
              -118.037155,
              34.022202
            ],
            [
              -118.037176,
              34.022418
            ],
            [
              -118.03726,
              34.023051
            ]
          ],
          [
            [
              -118.037258,
              34.030515
            ],
            [
              -118.037264,
              34.030118
            ],
            [
              -118.037258,
              34.030515
            ],
            [
              -118.037263,
              34.030557
            ]
          ],
          [
            [
              -118.03846,
              34.035915
            ],
            [
              -118.03845,
              34.035794
            ]
          ],
          [
            [
              -118.038412,
              34.036402
            ],
            [
              -118.038488,
              34.036249
            ],
            [
              -118.038412,
              34.036402
            ],
            [
              -118.038406,
              34.036624
            ],
            [
              -118.038405,
              34.036679
            ],
            [
              -118.038388,
              34.036856
            ],
            [
              -118.038349,
              34.037116
            ],
            [
              -118.038293,
              34.037407
            ],
            [
              -118.038214,
              34.037666
            ],
            [
              -118.03806,
              34.038115
            ],
            [
              -118.038027,
              34.03822
            ],
            [
              -118.03797,
              34.038387
            ],
            [
              -118.037892,
              34.038547
            ],
            [
              -118.037824,
              34.038664
            ],
            [
              -118.037646,
              34.038963
            ],
            [
              -118.037444,
              34.03924
            ]
          ],
          [
            [
              -118.037022,
              34.039743
            ],
            [
              -118.037138,
              34.03971
            ],
            [
              -118.037022,
              34.039743
            ],
            [
              -118.03662,
              34.040129
            ],
            [
              -118.036388,
              34.040331
            ],
            [
              -118.036136,
              34.040532
            ],
            [
              -118.036064,
              34.04063
            ],
            [
              -118.035818,
              34.040836
            ]
          ],
          [
            [
              -118.032747,
              34.04336
            ],
            [
              -118.032986,
              34.043164
            ],
            [
              -118.032747,
              34.04336
            ]
          ],
          [
            [
              -118.030256,
              34.046035
            ],
            [
              -118.029892,
              34.045708
            ],
            [
              -118.030256,
              34.046035
            ],
            [
              -118.03034,
              34.046134
            ]
          ],
          [
            [
              -118.030601,
              34.05151
            ],
            [
              -118.030605,
              34.051161
            ]
          ],
          [
            [
              -118.030598,
              34.052086
            ],
            [
              -118.030599,
              34.051918
            ],
            [
              -118.030598,
              34.052086
            ]
          ],
          [
            [
              -118.03057,
              34.055798
            ],
            [
              -118.030571,
              34.055652
            ]
          ],
          [
            [
              -118.030565,
              34.056315
            ],
            [
              -118.030566,
              34.056231
            ],
            [
              -118.030565,
              34.056315
            ]
          ],
          [
            [
              -118.030554,
              34.058565
            ],
            [
              -118.030555,
              34.058299
            ],
            [
              -118.030554,
              34.058565
            ],
            [
              -118.030551,
              34.058809
            ]
          ],
          [
            [
              -118.030535,
              34.063127
            ],
            [
              -118.030538,
              34.062852
            ],
            [
              -118.030535,
              34.063127
            ]
          ],
          [
            [
              -118.030361,
              34.065538
            ],
            [
              -118.030483,
              34.064948
            ],
            [
              -118.030361,
              34.065538
            ],
            [
              -118.030292,
              34.065761
            ]
          ],
          [
            [
              -118.029273,
              34.067553
            ],
            [
              -118.029472,
              34.067393
            ],
            [
              -118.029273,
              34.067553
            ],
            [
              -118.029184,
              34.067651
            ],
            [
              -118.028886,
              34.068011
            ],
            [
              -118.028551,
              34.068322
            ],
            [
              -118.028377,
              34.068484
            ],
            [
              -118.028186,
              34.06869
            ],
            [
              -118.028084,
              34.068884
            ],
            [
              -118.028387,
              34.069122
            ]
          ],
          [
            [
              -118.030939,
              34.071084
            ],
            [
              -118.030598,
              34.070827
            ],
            [
              -118.030939,
              34.071084
            ]
          ],
          [
            [
              -118.033282,
              34.07235
            ],
            [
              -118.033046,
              34.072429
            ]
          ],
          [
            [
              -118.035994,
              34.072044
            ],
            [
              -118.035513,
              34.072081
            ],
            [
              -118.035994,
              34.072044
            ],
            [
              -118.036371,
              34.072035
            ]
          ],
          [
            [
              -118.039745,
              34.071998
            ],
            [
              -118.039565,
              34.071996
            ],
            [
              -118.039745,
              34.071998
            ],
            [
              -118.040079,
              34.072002
            ]
          ],
          [
            [
              -118.041523,
              34.071992
            ],
            [
              -118.040912,
              34.071998
            ]
          ],
          [
            [
              -118.044542,
              34.072003
            ],
            [
              -118.044457,
              34.071999
            ],
            [
              -118.044542,
              34.072003
            ],
            [
              -118.044786,
              34.072029
            ],
            [
              -118.045798,
              34.072014
            ],
            [
              -118.045876,
              34.072038
            ],
            [
              -118.04594,
              34.072089
            ],
            [
              -118.045965,
              34.072153
            ],
            [
              -118.045965,
              34.072261
            ],
            [
              -118.045916,
              34.072333
            ],
            [
              -118.045837,
              34.072399
            ]
          ],
          [
            [
              -118.103727,
              33.913345
            ],
            [
              -118.103727,
              33.913359
            ],
            [
              -118.103727,
              33.913345
            ],
            [
              -118.103727,
              33.913167
            ],
            [
              -118.103726,
              33.913003
            ],
            [
              -118.103726,
              33.912829
            ],
            [
              -118.103725,
              33.912653
            ],
            [
              -118.103725,
              33.912496
            ],
            [
              -118.103379,
              33.912496
            ],
            [
              -118.103381,
              33.912673
            ],
            [
              -118.103382,
              33.912831
            ],
            [
              -118.103384,
              33.913003
            ],
            [
              -118.103386,
              33.913168
            ],
            [
              -118.103388,
              33.913346
            ],
            [
              -118.103389,
              33.913509
            ]
          ],
          [
            [
              -118.102679,
              33.914006
            ],
            [
              -118.103391,
              33.913879
            ],
            [
              -118.102679,
              33.914006
            ],
            [
              -118.102189,
              33.914105
            ],
            [
              -118.101829,
              33.914169
            ],
            [
              -118.101537,
              33.914209
            ],
            [
              -118.100801,
              33.914241
            ],
            [
              -118.099486,
              33.914232
            ],
            [
              -118.099306,
              33.914231
            ],
            [
              -118.099183,
              33.914233
            ],
            [
              -118.09918,
              33.914385
            ],
            [
              -118.099176,
              33.914594
            ],
            [
              -118.099173,
              33.914709
            ],
            [
              -118.099178,
              33.914878
            ],
            [
              -118.099178,
              33.914892
            ],
            [
              -118.099183,
              33.915607
            ],
            [
              -118.099191,
              33.915826
            ],
            [
              -118.09919,
              33.915912
            ],
            [
              -118.099185,
              33.91641
            ],
            [
              -118.099179,
              33.917052
            ],
            [
              -118.098669,
              33.917051
            ],
            [
              -118.098439,
              33.91705
            ],
            [
              -118.098064,
              33.917049
            ],
            [
              -118.098009,
              33.917049
            ],
            [
              -118.095397,
              33.91705
            ],
            [
              -118.094857,
              33.91705
            ],
            [
              -118.09453,
              33.917048
            ],
            [
              -118.09257,
              33.917037
            ],
            [
              -118.092278,
              33.917038
            ],
            [
              -118.091721,
              33.917043
            ],
            [
              -118.090791,
              33.917043
            ],
            [
              -118.090544,
              33.917043
            ],
            [
              -118.090265,
              33.917049
            ],
            [
              -118.090032,
              33.91704
            ],
            [
              -118.08908,
              33.916531
            ],
            [
              -118.088097,
              33.916002
            ],
            [
              -118.087518,
              33.915692
            ],
            [
              -118.087248,
              33.915547
            ],
            [
              -118.085959,
              33.914852
            ],
            [
              -118.085576,
              33.914658
            ],
            [
              -118.08483,
              33.914266
            ],
            [
              -118.083983,
              33.913799
            ],
            [
              -118.083489,
              33.913534
            ],
            [
              -118.083006,
              33.913286
            ],
            [
              -118.082941,
              33.913253
            ],
            [
              -118.082574,
              33.913065
            ],
            [
              -118.081885,
              33.91271
            ],
            [
              -118.081743,
              33.912629
            ],
            [
              -118.081308,
              33.912394
            ],
            [
              -118.080844,
              33.912143
            ],
            [
              -118.080685,
              33.912058
            ],
            [
              -118.079276,
              33.911294
            ],
            [
              -118.079057,
              33.911175
            ],
            [
              -118.07878,
              33.911025
            ],
            [
              -118.078617,
              33.910937
            ],
            [
              -118.077486,
              33.910327
            ],
            [
              -118.077253,
              33.910202
            ],
            [
              -118.076767,
              33.909944
            ],
            [
              -118.076149,
              33.909617
            ],
            [
              -118.07575,
              33.909405
            ],
            [
              -118.075639,
              33.909336
            ],
            [
              -118.075575,
              33.909417
            ],
            [
              -118.075106,
              33.910033
            ],
            [
              -118.074922,
              33.910276
            ],
            [
              -118.074535,
              33.910807
            ],
            [
              -118.074355,
              33.91104
            ],
            [
              -118.074302,
              33.911105
            ],
            [
              -118.074156,
              33.911276
            ],
            [
              -118.073744,
              33.911759
            ],
            [
              -118.073187,
              33.912544
            ],
            [
              -118.073006,
              33.912787
            ],
            [
              -118.072825,
              33.913025
            ],
            [
              -118.072711,
              33.91317
            ],
            [
              -118.072586,
              33.913527
            ],
            [
              -118.072518,
              33.913903
            ]
          ],
          [
            [
              -118.071637,
              33.914183
            ],
            [
              -118.071866,
              33.914183
            ],
            [
              -118.071637,
              33.914183
            ]
          ],
          [
            [
              -118.070951,
              33.914156
            ],
            [
              -118.071118,
              33.914184
            ]
          ],
          [
            [
              -118.068504,
              33.913741
            ],
            [
              -118.068723,
              33.913692
            ],
            [
              -118.068504,
              33.913741
            ]
          ],
          [
            [
              -118.066056,
              33.914315
            ],
            [
              -118.066319,
              33.91426
            ],
            [
              -118.066056,
              33.914315
            ],
            [
              -118.065102,
              33.914513
            ],
            [
              -118.064661,
              33.914613
            ],
            [
              -118.064528,
              33.914643
            ],
            [
              -118.064434,
              33.914989
            ],
            [
              -118.064391,
              33.915147
            ],
            [
              -118.064324,
              33.915321
            ],
            [
              -118.064178,
              33.915591
            ],
            [
              -118.064053,
              33.915841
            ],
            [
              -118.064037,
              33.915886
            ],
            [
              -118.063967,
              33.916087
            ],
            [
              -118.063899,
              33.916354
            ],
            [
              -118.063876,
              33.916582
            ],
            [
              -118.06387,
              33.916712
            ],
            [
              -118.063866,
              33.916851
            ],
            [
              -118.063862,
              33.917105
            ],
            [
              -118.063926,
              33.917221
            ]
          ]
        ]
      }
    },
    {
      "type": "Feature",
      "properties": {
        "stop_id": "1001",
        "stop_code": "1001",
        "stop_name": "183rd Street and Alburtis Avenue- N/E Co",
        "location_type": 0,
        "wheelchair_boarding": 0,
        "routes": [
          {
            "route_id": "2",
            "agency_id": "0",
            "route_short_name": "2",
            "route_long_name": "NSQ/C Line/Cerritos College/Cerritos Mal",
            "route_type": 3,
            "route_color": "#0083A8",
            "route_text_color": "#ffffff",
            "route_sort_order": 2
          }
        ],
        "agency_name": "Norwalk Transit System"
      },
      "geometry": {
        "type": "Point",
        "coordinates": [
          -118.084187,
          33.865822
        ]
      }
    },
    {
      "type": "Feature",
      "properties": {
        "stop_id": "1002",
        "stop_code": "1002",
        "stop_name": "183rd Street and Alburtis Avenue- S/E Co",
        "location_type": 0,
        "wheelchair_boarding": 0,
        "routes": [
          {
            "route_id": "2",
            "agency_id": "0",
            "route_short_name": "2",
            "route_long_name": "NSQ/C Line/Cerritos College/Cerritos Mal",
            "route_type": 3,
            "route_color": "#0083A8",
            "route_text_color": "#ffffff",
            "route_sort_order": 2
          }
        ],
        "agency_name": "Norwalk Transit System"
      },
      "geometry": {
        "type": "Point",
        "coordinates": [
          -118.083883,
          33.865644
        ]
      }
    },
    {
      "type": "Feature",
      "properties": {
        "stop_id": "1003",
        "stop_code": "1003",
        "stop_name": "183rd Street and Best Plaza- N/W Corner",
        "location_type": 0,
        "wheelchair_boarding": 0,
        "routes": [
          {
            "route_id": "2",
            "agency_id": "0",
            "route_short_name": "2",
            "route_long_name": "NSQ/C Line/Cerritos College/Cerritos Mal",
            "route_type": 3,
            "route_color": "#0083A8",
            "route_text_color": "#ffffff",
            "route_sort_order": 2
          }
        ],
        "agency_name": "Norwalk Transit System"
      },
      "geometry": {
        "type": "Point",
        "coordinates": [
          -118.095114,
          33.865777
        ]
      }
    },
    {
      "type": "Feature",
      "properties": {
        "stop_id": "1004",
        "stop_code": "1004",
        "stop_name": "183rd Street and Los Cerritos Center- S/",
        "location_type": 0,
        "wheelchair_boarding": 0,
        "routes": [
          {
            "route_id": "2",
            "agency_id": "0",
            "route_short_name": "2",
            "route_long_name": "NSQ/C Line/Cerritos College/Cerritos Mal",
            "route_type": 3,
            "route_color": "#0083A8",
            "route_text_color": "#ffffff",
            "route_sort_order": 2
          }
        ],
        "agency_name": "Norwalk Transit System"
      },
      "geometry": {
        "type": "Point",
        "coordinates": [
          -118.094335,
          33.86553
        ]
      }
    },
    {
      "type": "Feature",
      "properties": {
        "stop_id": "1005",
        "stop_code": "1005",
        "stop_name": "183rd Street and Studebaker Road- S/E Co",
        "location_type": 0,
        "wheelchair_boarding": 0,
        "routes": [
          {
            "route_id": "2",
            "agency_id": "0",
            "route_short_name": "2",
            "route_long_name": "NSQ/C Line/Cerritos College/Cerritos Mal",
            "route_type": 3,
            "route_color": "#0083A8",
            "route_text_color": "#ffffff",
            "route_sort_order": 2
          }
        ],
        "agency_name": "Norwalk Transit System"
      },
      "geometry": {
        "type": "Point",
        "coordinates": [
          -118.099091,
          33.865494
        ]
      }
    },
    {
      "type": "Feature",
      "properties": {
        "stop_id": "1006",
        "stop_code": "1006",
        "stop_name": "183rd/Gridley",
        "location_type": 0,
        "wheelchair_boarding": 0,
        "routes": [
          {
            "route_id": "2",
            "agency_id": "0",
            "route_short_name": "2",
            "route_long_name": "NSQ/C Line/Cerritos College/Cerritos Mal",
            "route_type": 3,
            "route_color": "#0083A8",
            "route_text_color": "#ffffff",
            "route_sort_order": 2
          }
        ],
        "agency_name": "Norwalk Transit System"
      },
      "geometry": {
        "type": "Point",
        "coordinates": [
          -118.091825,
          33.865801
        ]
      }
    },
    {
      "type": "Feature",
      "properties": {
        "stop_id": "1007",
        "stop_code": "1007",
        "stop_name": "Adelfa and Santa Gertrudes",
        "location_type": 0,
        "wheelchair_boarding": 0,
        "routes": [
          {
            "route_id": "5",
            "agency_id": "0",
            "route_short_name": "5",
            "route_long_name": "C Line Station To/From La Mirada Via Ros",
            "route_type": 3,
            "route_color": "#00a0af",
            "route_text_color": "#ffffff",
            "route_sort_order": 5
          }
        ],
        "agency_name": "Norwalk Transit System"
      },
      "geometry": {
        "type": "Point",
        "coordinates": [
          -118.001019,
          33.894324
        ]
      }
    },
    {
      "type": "Feature",
      "properties": {
        "stop_id": "1008",
        "stop_code": "1008",
        "stop_name": "Alondra Boulevard and Elmcroft Avenue- N",
        "location_type": 0,
        "wheelchair_boarding": 0,
        "routes": [
          {
            "route_id": "1",
            "agency_id": "0",
            "route_short_name": "1",
            "route_long_name": "Rio Hondo/Bellflower",
            "route_type": 3,
            "route_color": "#D11141",
            "route_text_color": "#ffffff",
            "route_sort_order": 1
          }
        ],
        "agency_name": "Norwalk Transit System"
      },
      "geometry": {
        "type": "Point",
        "coordinates": [
          -118.095826,
          33.887681
        ]
      }
    },
    {
      "type": "Feature",
      "properties": {
        "stop_id": "1009",
        "stop_code": "1009",
        "stop_name": "Alondra Boulevard opposite Elmcroft Aven",
        "location_type": 0,
        "wheelchair_boarding": 0,
        "routes": [
          {
            "route_id": "1",
            "agency_id": "0",
            "route_short_name": "1",
            "route_long_name": "Rio Hondo/Bellflower",
            "route_type": 3,
            "route_color": "#D11141",
            "route_text_color": "#ffffff",
            "route_sort_order": 1
          }
        ],
        "agency_name": "Norwalk Transit System"
      },
      "geometry": {
        "type": "Point",
        "coordinates": [
          -118.095207,
          33.887432
        ]
      }
    },
    {
      "type": "Feature",
      "properties": {
        "stop_id": "1010",
        "stop_code": "1010",
        "stop_name": "Alondra Boulevard and Graystone Avenue",
        "location_type": 0,
        "wheelchair_boarding": 0,
        "routes": [
          {
            "route_id": "1",
            "agency_id": "0",
            "route_short_name": "1",
            "route_long_name": "Rio Hondo/Bellflower",
            "route_type": 3,
            "route_color": "#D11141",
            "route_text_color": "#ffffff",
            "route_sort_order": 1
          }
        ],
        "agency_name": "Norwalk Transit System"
      },
      "geometry": {
        "type": "Point",
        "coordinates": [
          -118.093853,
          33.887696
        ]
      }
    },
    {
      "type": "Feature",
      "properties": {
        "stop_id": "1011",
        "stop_code": "1011",
        "stop_name": "Alondra Boulevard and Gridley Road- N/W",
        "location_type": 0,
        "wheelchair_boarding": 0,
        "routes": [
          {
            "route_id": "1",
            "agency_id": "0",
            "route_short_name": "1",
            "route_long_name": "Rio Hondo/Bellflower",
            "route_type": 3,
            "route_color": "#D11141",
            "route_text_color": "#ffffff",
            "route_sort_order": 1
          }
        ],
        "agency_name": "Norwalk Transit System"
      },
      "geometry": {
        "type": "Point",
        "coordinates": [
          -118.091418,
          33.887705
        ]
      }
    },
    {
      "type": "Feature",
      "properties": {
        "stop_id": "1012",
        "stop_code": "1012",
        "stop_name": "Alondra Boulevard and Madris Avenue - N/",
        "location_type": 0,
        "wheelchair_boarding": 0,
        "routes": [
          {
            "route_id": "3",
            "agency_id": "0",
            "route_short_name": "3",
            "route_long_name": "Gateway Plaza/Norwalk/166th Street",
            "route_type": 3,
            "route_color": "#333092",
            "route_text_color": "#ffffff",
            "route_sort_order": 3
          }
        ],
        "agency_name": "Norwalk Transit System"
      },
      "geometry": {
        "type": "Point",
        "coordinates": [
          -118.069332,
          33.887827
        ]
      }
    },
    {
      "type": "Feature",
      "properties": {
        "stop_id": "1013",
        "stop_code": "1013",
        "stop_name": "Alondra Boulevard and Madris Avenue",
        "location_type": 0,
        "wheelchair_boarding": 0,
        "routes": [
          {
            "route_id": "3",
            "agency_id": "0",
            "route_short_name": "3",
            "route_long_name": "Gateway Plaza/Norwalk/166th Street",
            "route_type": 3,
            "route_color": "#333092",
            "route_text_color": "#ffffff",
            "route_sort_order": 3
          }
        ],
        "agency_name": "Norwalk Transit System"
      },
      "geometry": {
        "type": "Point",
        "coordinates": [
          -118.069674,
          33.887567
        ]
      }
    },
    {
      "type": "Feature",
      "properties": {
        "stop_id": "1014",
        "stop_code": "1014",
        "stop_name": "Alondra Boulevard and Maidstone Avenue-N",
        "location_type": 0,
        "wheelchair_boarding": 0,
        "routes": [
          {
            "route_id": "1",
            "agency_id": "0",
            "route_short_name": "1",
            "route_long_name": "Rio Hondo/Bellflower",
            "route_type": 3,
            "route_color": "#D11141",
            "route_text_color": "#ffffff",
            "route_sort_order": 1
          }
        ],
        "agency_name": "Norwalk Transit System"
      },
      "geometry": {
        "type": "Point",
        "coordinates": [
          -118.086653,
          33.887739
        ]
      }
    },
    {
      "type": "Feature",
      "properties": {
        "stop_id": "1015",
        "stop_code": "1015",
        "stop_name": "Alondra/Maidstone",
        "location_type": 0,
        "wheelchair_boarding": 0,
        "routes": [
          {
            "route_id": "1",
            "agency_id": "0",
            "route_short_name": "1",
            "route_long_name": "Rio Hondo/Bellflower",
            "route_type": 3,
            "route_color": "#D11141",
            "route_text_color": "#ffffff",
            "route_sort_order": 1
          }
        ],
        "agency_name": "Norwalk Transit System"
      },
      "geometry": {
        "type": "Point",
        "coordinates": [
          -118.086502,
          33.887483
        ]
      }
    },
    {
      "type": "Feature",
      "properties": {
        "stop_id": "1016",
        "stop_code": "1016",
        "stop_name": "Alondra Boulevard and Mc Nab Avenue- N/W",
        "location_type": 0,
        "wheelchair_boarding": 0,
        "routes": [
          {
            "route_id": "1",
            "agency_id": "0",
            "route_short_name": "1",
            "route_long_name": "Rio Hondo/Bellflower",
            "route_type": 3,
            "route_color": "#D11141",
            "route_text_color": "#ffffff",
            "route_sort_order": 1
          }
        ],
        "agency_name": "Norwalk Transit System"
      },
      "geometry": {
        "type": "Point",
        "coordinates": [
          -118.113655,
          33.888776
        ]
      }
    },
    {
      "type": "Feature",
      "properties": {
        "stop_id": "1017",
        "stop_code": "1017",
        "stop_name": "Alondra Boulevard and Mc Nab Avenue- S/E",
        "location_type": 0,
        "wheelchair_boarding": 0,
        "routes": [
          {
            "route_id": "1",
            "agency_id": "0",
            "route_short_name": "1",
            "route_long_name": "Rio Hondo/Bellflower",
            "route_type": 3,
            "route_color": "#D11141",
            "route_text_color": "#ffffff",
            "route_sort_order": 1
          }
        ],
        "agency_name": "Norwalk Transit System"
      },
      "geometry": {
        "type": "Point",
        "coordinates": [
          -118.113241,
          33.888304
        ]
      }
    },
    {
      "type": "Feature",
      "properties": {
        "stop_id": "1018",
        "stop_code": "1018",
        "stop_name": "Alondra Boulevard and Piuma Avenue- N/W",
        "location_type": 0,
        "wheelchair_boarding": 0,
        "routes": [
          {
            "route_id": "1",
            "agency_id": "0",
            "route_short_name": "1",
            "route_long_name": "Rio Hondo/Bellflower",
            "route_type": 3,
            "route_color": "#D11141",
            "route_text_color": "#ffffff",
            "route_sort_order": 1
          }
        ],
        "agency_name": "Norwalk Transit System"
      },
      "geometry": {
        "type": "Point",
        "coordinates": [
          -118.106344,
          33.887771
        ]
      }
    },
    {
      "type": "Feature",
      "properties": {
        "stop_id": "1019",
        "stop_code": "1019",
        "stop_name": "Alondra Boulevard and Piuma Avenue- S/W",
        "location_type": 0,
        "wheelchair_boarding": 0,
        "routes": [
          {
            "route_id": "1",
            "agency_id": "0",
            "route_short_name": "1",
            "route_long_name": "Rio Hondo/Bellflower",
            "route_type": 3,
            "route_color": "#D11141",
            "route_text_color": "#ffffff",
            "route_sort_order": 1
          }
        ],
        "agency_name": "Norwalk Transit System"
      },
      "geometry": {
        "type": "Point",
        "coordinates": [
          -118.106277,
          33.887503
        ]
      }
    },
    {
      "type": "Feature",
      "properties": {
        "stop_id": "1020",
        "stop_code": "1020",
        "stop_name": "Alondra Boulevard and Studebaker Road- N",
        "location_type": 0,
        "wheelchair_boarding": 0,
        "routes": [
          {
            "route_id": "1",
            "agency_id": "0",
            "route_short_name": "1",
            "route_long_name": "Rio Hondo/Bellflower",
            "route_type": 3,
            "route_color": "#D11141",
            "route_text_color": "#ffffff",
            "route_sort_order": 1
          }
        ],
        "agency_name": "Norwalk Transit System"
      },
      "geometry": {
        "type": "Point",
        "coordinates": [
          -118.099589,
          33.887664
        ]
      }
    },
    {
      "type": "Feature",
      "properties": {
        "stop_id": "1021",
        "stop_code": "1021",
        "stop_name": "Alondra Boulevard and Studebaker Road- S",
        "location_type": 0,
        "wheelchair_boarding": 0,
        "routes": [
          {
            "route_id": "1",
            "agency_id": "0",
            "route_short_name": "1",
            "route_long_name": "Rio Hondo/Bellflower",
            "route_type": 3,
            "route_color": "#D11141",
            "route_text_color": "#ffffff",
            "route_sort_order": 1
          }
        ],
        "agency_name": "Norwalk Transit System"
      },
      "geometry": {
        "type": "Point",
        "coordinates": [
          -118.099461,
          33.887409
        ]
      }
    },
    {
      "type": "Feature",
      "properties": {
        "stop_id": "1022",
        "stop_code": "1022",
        "stop_name": "Alondra Boulevard opposite Gridley Road",
        "location_type": 0,
        "wheelchair_boarding": 0,
        "routes": [
          {
            "route_id": "1",
            "agency_id": "0",
            "route_short_name": "1",
            "route_long_name": "Rio Hondo/Bellflower",
            "route_type": 3,
            "route_color": "#D11141",
            "route_text_color": "#ffffff",
            "route_sort_order": 1
          }
        ],
        "agency_name": "Norwalk Transit System"
      },
      "geometry": {
        "type": "Point",
        "coordinates": [
          -118.09083,
          33.887461
        ]
      }
    },
    {
      "type": "Feature",
      "properties": {
        "stop_id": "1023",
        "stop_code": "1023",
        "stop_name": "Alondra Boulevard opposite Leibacher Ave",
        "location_type": 0,
        "wheelchair_boarding": 0,
        "routes": [
          {
            "route_id": "1",
            "agency_id": "0",
            "route_short_name": "1",
            "route_long_name": "Rio Hondo/Bellflower",
            "route_type": 3,
            "route_color": "#D11141",
            "route_text_color": "#ffffff",
            "route_sort_order": 1
          }
        ],
        "agency_name": "Norwalk Transit System"
      },
      "geometry": {
        "type": "Point",
        "coordinates": [
          -118.102848,
          33.887385
        ]
      }
    },
    {
      "type": "Feature",
      "properties": {
        "stop_id": "1024",
        "stop_code": "1024",
        "stop_name": "Beach Boulevard and Fashion Square Lane-",
        "location_type": 0,
        "wheelchair_boarding": 0,
        "routes": [
          {
            "route_id": "4",
            "agency_id": "0",
            "route_short_name": "4",
            "route_long_name": "Imperial Highway/Metrolink Station/C Lin",
            "route_type": 3,
            "route_color": "#9d3393",
            "route_text_color": "#ffffff",
            "route_sort_order": 4
          }
        ],
        "agency_name": "Norwalk Transit System"
      },
      "geometry": {
        "type": "Point",
        "coordinates": [
          -117.967546,
          33.919717
        ]
      }
    },
    {
      "type": "Feature",
      "properties": {
        "stop_id": "1025",
        "stop_code": "1025",
        "stop_name": "Beverley Boulevard and Citrus Avenue",
        "location_type": 0,
        "wheelchair_boarding": 0,
        "routes": [
          {
            "route_id": "7",
            "agency_id": "0",
            "route_short_name": "7",
            "route_long_name": "C Line Station/El Monte Station",
            "route_type": 3,
            "route_color": "#cf9f24",
            "route_text_color": "#ffffff",
            "route_sort_order": 7
          }
        ],
        "agency_name": "Norwalk Transit System"
      },
      "geometry": {
        "type": "Point",
        "coordinates": [
          -118.046145,
          33.988228
        ]
      }
    },
    {
      "type": "Feature",
      "properties": {
        "stop_id": "1026",
        "stop_code": "1026",
        "stop_name": "Beverley Boulevard and Floral Drive",
        "location_type": 0,
        "wheelchair_boarding": 0,
        "routes": [
          {
            "route_id": "7",
            "agency_id": "0",
            "route_short_name": "7",
            "route_long_name": "C Line Station/El Monte Station",
            "route_type": 3,
            "route_color": "#cf9f24",
            "route_text_color": "#ffffff",
            "route_sort_order": 7
          }
        ],
        "agency_name": "Norwalk Transit System"
      },
      "geometry": {
        "type": "Point",
        "coordinates": [
          -118.050489,
          33.991674
        ]
      }
    },
    {
      "type": "Feature",
      "properties": {
        "stop_id": "1027",
        "stop_code": "1027",
        "stop_name": "Beverley Boulevard and Pickering Avenue",
        "location_type": 0,
        "wheelchair_boarding": 0,
        "routes": [
          {
            "route_id": "7",
            "agency_id": "0",
            "route_short_name": "7",
            "route_long_name": "C Line Station/El Monte Station",
            "route_type": 3,
            "route_color": "#cf9f24",
            "route_text_color": "#ffffff",
            "route_sort_order": 7
          }
        ],
        "agency_name": "Norwalk Transit System"
      },
      "geometry": {
        "type": "Point",
        "coordinates": [
          -118.042369,
          33.988231
        ]
      }
    },
    {
      "type": "Feature",
      "properties": {
        "stop_id": "1028",
        "stop_code": "1028",
        "stop_name": "Beverly Boulevard and Citrus Avenue",
        "location_type": 0,
        "wheelchair_boarding": 0,
        "routes": [
          {
            "route_id": "7",
            "agency_id": "0",
            "route_short_name": "7",
            "route_long_name": "C Line Station/El Monte Station",
            "route_type": 3,
            "route_color": "#cf9f24",
            "route_text_color": "#ffffff",
            "route_sort_order": 7
          }
        ],
        "agency_name": "Norwalk Transit System"
      },
      "geometry": {
        "type": "Point",
        "coordinates": [
          -118.04582,
          33.988071
        ]
      }
    },
    {
      "type": "Feature",
      "properties": {
        "stop_id": "1029",
        "stop_code": "1029",
        "stop_name": "Beverly Boulevard and Floral Drive",
        "location_type": 0,
        "wheelchair_boarding": 0,
        "routes": [
          {
            "route_id": "7",
            "agency_id": "0",
            "route_short_name": "7",
            "route_long_name": "C Line Station/El Monte Station",
            "route_type": 3,
            "route_color": "#cf9f24",
            "route_text_color": "#ffffff",
            "route_sort_order": 7
          }
        ],
        "agency_name": "Norwalk Transit System"
      },
      "geometry": {
        "type": "Point",
        "coordinates": [
          -118.050689,
          33.991609
        ]
      }
    },
    {
      "type": "Feature",
      "properties": {
        "stop_id": "1030",
        "stop_code": "1030",
        "stop_name": "Beverly Boulevard and Greenleaf Avenue",
        "location_type": 0,
        "wheelchair_boarding": 0,
        "routes": [
          {
            "route_id": "7",
            "agency_id": "0",
            "route_short_name": "7",
            "route_long_name": "C Line Station/El Monte Station",
            "route_type": 3,
            "route_color": "#cf9f24",
            "route_text_color": "#ffffff",
            "route_sort_order": 7
          }
        ],
        "agency_name": "Norwalk Transit System"
      },
      "geometry": {
        "type": "Point",
        "coordinates": [
          -118.037248,
          33.98801
        ]
      }
    },
    {
      "type": "Feature",
      "properties": {
        "stop_id": "1031",
        "stop_code": "1031",
        "stop_name": "Beverly Boulevard and Greenleaf Avenue",
        "location_type": 0,
        "wheelchair_boarding": 0,
        "routes": [
          {
            "route_id": "7",
            "agency_id": "0",
            "route_short_name": "7",
            "route_long_name": "C Line Station/El Monte Station",
            "route_type": 3,
            "route_color": "#cf9f24",
            "route_text_color": "#ffffff",
            "route_sort_order": 7
          }
        ],
        "agency_name": "Norwalk Transit System"
      },
      "geometry": {
        "type": "Point",
        "coordinates": [
          -118.037558,
          33.988069
        ]
      }
    },
    {
      "type": "Feature",
      "properties": {
        "stop_id": "1032",
        "stop_code": "1032",
        "stop_name": "Beverly Boulevard and Norwalk Boulevard",
        "location_type": 0,
        "wheelchair_boarding": 0,
        "routes": [
          {
            "route_id": "7",
            "agency_id": "0",
            "route_short_name": "7",
            "route_long_name": "C Line Station/El Monte Station",
            "route_type": 3,
            "route_color": "#cf9f24",
            "route_text_color": "#ffffff",
            "route_sort_order": 7
          }
        ],
        "agency_name": "Norwalk Transit System"
      },
      "geometry": {
        "type": "Point",
        "coordinates": [
          -118.055192,
          33.998238
        ]
      }
    },
    {
      "type": "Feature",
      "properties": {
        "stop_id": "1033",
        "stop_code": "1033",
        "stop_name": "Beverly Boulevard and Palm Avenue",
        "location_type": 0,
        "wheelchair_boarding": 0,
        "routes": [
          {
            "route_id": "7",
            "agency_id": "0",
            "route_short_name": "7",
            "route_long_name": "C Line Station/El Monte Station",
            "route_type": 3,
            "route_color": "#cf9f24",
            "route_text_color": "#ffffff",
            "route_sort_order": 7
          }
        ],
        "agency_name": "Norwalk Transit System"
      },
      "geometry": {
        "type": "Point",
        "coordinates": [
          -118.0545,
          33.997761
        ]
      }
    },
    {
      "type": "Feature",
      "properties": {
        "stop_id": "1034",
        "stop_code": "1034",
        "stop_name": "Beverly Boulevard and Pickering Avenue",
        "location_type": 0,
        "wheelchair_boarding": 0,
        "routes": [
          {
            "route_id": "7",
            "agency_id": "0",
            "route_short_name": "7",
            "route_long_name": "C Line Station/El Monte Station",
            "route_type": 3,
            "route_color": "#cf9f24",
            "route_text_color": "#ffffff",
            "route_sort_order": 7
          }
        ],
        "agency_name": "Norwalk Transit System"
      },
      "geometry": {
        "type": "Point",
        "coordinates": [
          -118.041812,
          33.988068
        ]
      }
    },
    {
      "type": "Feature",
      "properties": {
        "stop_id": "1035",
        "stop_code": "1035",
        "stop_name": "Bloomfield Avenue and Alondra Boulevard",
        "location_type": 0,
        "wheelchair_boarding": 0,
        "routes": [
          {
            "route_id": "3",
            "agency_id": "0",
            "route_short_name": "3",
            "route_long_name": "Gateway Plaza/Norwalk/166th Street",
            "route_type": 3,
            "route_color": "#333092",
            "route_text_color": "#ffffff",
            "route_sort_order": 3
          }
        ],
        "agency_name": "Norwalk Transit System"
      },
      "geometry": {
        "type": "Point",
        "coordinates": [
          -118.064256,
          33.887963
        ]
      }
    },
    {
      "type": "Feature",
      "properties": {
        "stop_id": "1036",
        "stop_code": "1036",
        "stop_name": "Bloomfield Avenue and Alondra Boulevard",
        "location_type": 0,
        "wheelchair_boarding": 0,
        "routes": [
          {
            "route_id": "3",
            "agency_id": "0",
            "route_short_name": "3",
            "route_long_name": "Gateway Plaza/Norwalk/166th Street",
            "route_type": 3,
            "route_color": "#333092",
            "route_text_color": "#ffffff",
            "route_sort_order": 3
          }
        ],
        "agency_name": "Norwalk Transit System"
      },
      "geometry": {
        "type": "Point",
        "coordinates": [
          -118.063959,
          33.888008
        ]
      }
    },
    {
      "type": "Feature",
      "properties": {
        "stop_id": "1037",
        "stop_code": "1037",
        "stop_name": "Bloomfield Avenue and Civic Center Drive",
        "location_type": 0,
        "wheelchair_boarding": 0,
        "routes": [
          {
            "route_id": "7",
            "agency_id": "0",
            "route_short_name": "7",
            "route_long_name": "C Line Station/El Monte Station",
            "route_type": 3,
            "route_color": "#cf9f24",
            "route_text_color": "#ffffff",
            "route_sort_order": 7
          }
        ],
        "agency_name": "Norwalk Transit System"
      },
      "geometry": {
        "type": "Point",
        "coordinates": [
          -118.064359,
          33.914975
        ]
      }
    },
    {
      "type": "Feature",
      "properties": {
        "stop_id": "1038",
        "stop_code": "1038",
        "stop_name": "Bloomfield Avenue and Anabella Street",
        "location_type": 0,
        "wheelchair_boarding": 0,
        "routes": [
          {
            "route_id": "3",
            "agency_id": "0",
            "route_short_name": "3",
            "route_long_name": "Gateway Plaza/Norwalk/166th Street",
            "route_type": 3,
            "route_color": "#333092",
            "route_text_color": "#ffffff",
            "route_sort_order": 3
          }
        ],
        "agency_name": "Norwalk Transit System"
      },
      "geometry": {
        "type": "Point",
        "coordinates": [
          -118.064766,
          33.914077
        ]
      }
    },
    {
      "type": "Feature",
      "properties": {
        "stop_id": "1039",
        "stop_code": "1039",
        "stop_name": "Bloomfield Avenue and Dante Street",
        "location_type": 0,
        "wheelchair_boarding": 0,
        "routes": [
          {
            "route_id": "3",
            "agency_id": "0",
            "route_short_name": "3",
            "route_long_name": "Gateway Plaza/Norwalk/166th Street",
            "route_type": 3,
            "route_color": "#333092",
            "route_text_color": "#ffffff",
            "route_sort_order": 3
          }
        ],
        "agency_name": "Norwalk Transit System"
      },
      "geometry": {
        "type": "Point",
        "coordinates": [
          -118.06473,
          33.910642
        ]
      }
    },
    {
      "type": "Feature",
      "properties": {
        "stop_id": "1040",
        "stop_code": "1040",
        "stop_name": "Bloomfield Avenue and Excelsior Drive",
        "location_type": 0,
        "wheelchair_boarding": 0,
        "routes": [
          {
            "route_id": "3",
            "agency_id": "0",
            "route_short_name": "3",
            "route_long_name": "Gateway Plaza/Norwalk/166th Street",
            "route_type": 3,
            "route_color": "#333092",
            "route_text_color": "#ffffff",
            "route_sort_order": 3
          }
        ],
        "agency_name": "Norwalk Transit System"
      },
      "geometry": {
        "type": "Point",
        "coordinates": [
          -118.064226,
          33.895234
        ]
      }
    },
    {
      "type": "Feature",
      "properties": {
        "stop_id": "1041",
        "stop_code": "1041",
        "stop_name": "Bloomfield Avenue and Excelsior Drive",
        "location_type": 0,
        "wheelchair_boarding": 0,
        "routes": [
          {
            "route_id": "3",
            "agency_id": "0",
            "route_short_name": "3",
            "route_long_name": "Gateway Plaza/Norwalk/166th Street",
            "route_type": 3,
            "route_color": "#333092",
            "route_text_color": "#ffffff",
            "route_sort_order": 3
          }
        ],
        "agency_name": "Norwalk Transit System"
      },
      "geometry": {
        "type": "Point",
        "coordinates": [
          -118.063938,
          33.895571
        ]
      }
    },
    {
      "type": "Feature",
      "properties": {
        "stop_id": "1042",
        "stop_code": "1042",
        "stop_name": "Bloomfield Avenue and Florence Avenue",
        "location_type": 0,
        "wheelchair_boarding": 0,
        "routes": [
          {
            "route_id": "7",
            "agency_id": "0",
            "route_short_name": "7",
            "route_long_name": "C Line Station/El Monte Station",
            "route_type": 3,
            "route_color": "#cf9f24",
            "route_text_color": "#ffffff",
            "route_sort_order": 7
          }
        ],
        "agency_name": "Norwalk Transit System"
      },
      "geometry": {
        "type": "Point",
        "coordinates": [
          -118.064152,
          33.935078
        ]
      }
    },
    {
      "type": "Feature",
      "properties": {
        "stop_id": "1043",
        "stop_code": "1043",
        "stop_name": "Bloomfield Avenue and Florence Avenue",
        "location_type": 0,
        "wheelchair_boarding": 0,
        "routes": [
          {
            "route_id": "7",
            "agency_id": "0",
            "route_short_name": "7",
            "route_long_name": "C Line Station/El Monte Station",
            "route_type": 3,
            "route_color": "#cf9f24",
            "route_text_color": "#ffffff",
            "route_sort_order": 7
          }
        ],
        "agency_name": "Norwalk Transit System"
      },
      "geometry": {
        "type": "Point",
        "coordinates": [
          -118.063835,
          33.935838
        ]
      }
    },
    {
      "type": "Feature",
      "properties": {
        "stop_id": "1044",
        "stop_code": "1044",
        "stop_name": "Bloomfield Avenue and Hacienda Drive",
        "location_type": 0,
        "wheelchair_boarding": 0,
        "routes": [
          {
            "route_id": "3",
            "agency_id": "0",
            "route_short_name": "3",
            "route_long_name": "Gateway Plaza/Norwalk/166th Street",
            "route_type": 3,
            "route_color": "#333092",
            "route_text_color": "#ffffff",
            "route_sort_order": 3
          }
        ],
        "agency_name": "Norwalk Transit System"
      },
      "geometry": {
        "type": "Point",
        "coordinates": [
          -118.064474,
          33.913483
        ]
      }
    },
    {
      "type": "Feature",
      "properties": {
        "stop_id": "1045",
        "stop_code": "1045",
        "stop_name": "Bloomfield Avenue and Lakeland Road",
        "location_type": 0,
        "wheelchair_boarding": 0,
        "routes": [
          {
            "route_id": "7",
            "agency_id": "0",
            "route_short_name": "7",
            "route_long_name": "C Line Station/El Monte Station",
            "route_type": 3,
            "route_color": "#cf9f24",
            "route_text_color": "#ffffff",
            "route_sort_order": 7
          }
        ],
        "agency_name": "Norwalk Transit System"
      },
      "geometry": {
        "type": "Point",
        "coordinates": [
          -118.064127,
          33.93121
        ]
      }
    },
    {
      "type": "Feature",
      "properties": {
        "stop_id": "1046",
        "stop_code": "1046",
        "stop_name": "Bloomfield Avenue and Lakeland Road",
        "location_type": 0,
        "wheelchair_boarding": 0,
        "routes": [
          {
            "route_id": "7",
            "agency_id": "0",
            "route_short_name": "7",
            "route_long_name": "C Line Station/El Monte Station",
            "route_type": 3,
            "route_color": "#cf9f24",
            "route_text_color": "#ffffff",
            "route_sort_order": 7
          }
        ],
        "agency_name": "Norwalk Transit System"
      },
      "geometry": {
        "type": "Point",
        "coordinates": [
          -118.063829,
          33.931542
        ]
      }
    },
    {
      "type": "Feature",
      "properties": {
        "stop_id": "1047",
        "stop_code": "1047",
        "stop_name": "Bloomfield Avenue at Hospital",
        "location_type": 0,
        "wheelchair_boarding": 0,
        "routes": [
          {
            "route_id": "3",
            "agency_id": "0",
            "route_short_name": "3",
            "route_long_name": "Gateway Plaza/Norwalk/166th Street",
            "route_type": 3,
            "route_color": "#333092",
            "route_text_color": "#ffffff",
            "route_sort_order": 3
          }
        ],
        "agency_name": "Norwalk Transit System"
      },
      "geometry": {
        "type": "Point",
        "coordinates": [
          -118.064445,
          33.910177
        ]
      }
    },
    {
      "type": "Feature",
      "properties": {
        "stop_id": "1048",
        "stop_code": "1048",
        "stop_name": "Bloomfield/Imperial",
        "location_type": 0,
        "wheelchair_boarding": 0,
        "routes": [
          {
            "route_id": "7",
            "agency_id": "0",
            "route_short_name": "7",
            "route_long_name": "C Line Station/El Monte Station",
            "route_type": 3,
            "route_color": "#cf9f24",
            "route_text_color": "#ffffff",
            "route_sort_order": 7
          }
        ],
        "agency_name": "Norwalk Transit System"
      },
      "geometry": {
        "type": "Point",
        "coordinates": [
          -118.06407,
          33.916768
        ]
      }
    },
    {
      "type": "Feature",
      "properties": {
        "stop_id": "1049",
        "stop_code": "1049",
        "stop_name": "Bloomfield/Imperial",
        "location_type": 0,
        "wheelchair_boarding": 0,
        "routes": [
          {
            "route_id": "7",
            "agency_id": "0",
            "route_short_name": "7",
            "route_long_name": "C Line Station/El Monte Station",
            "route_type": 3,
            "route_color": "#cf9f24",
            "route_text_color": "#ffffff",
            "route_sort_order": 7
          }
        ],
        "agency_name": "Norwalk Transit System"
      },
      "geometry": {
        "type": "Point",
        "coordinates": [
          -118.0638,
          33.917474
        ]
      }
    },
    {
      "type": "Feature",
      "properties": {
        "stop_id": "1050",
        "stop_code": "1050",
        "stop_name": "Bloomfield/Telegraph",
        "location_type": 0,
        "wheelchair_boarding": 0,
        "routes": [
          {
            "route_id": "7",
            "agency_id": "0",
            "route_short_name": "7",
            "route_long_name": "C Line Station/El Monte Station",
            "route_type": 3,
            "route_color": "#cf9f24",
            "route_text_color": "#ffffff",
            "route_sort_order": 7
          }
        ],
        "agency_name": "Norwalk Transit System"
      },
      "geometry": {
        "type": "Point",
        "coordinates": [
          -118.063844,
          33.941646
        ]
      }
    },
    {
      "type": "Feature",
      "properties": {
        "stop_id": "1051",
        "stop_code": "1051",
        "stop_name": "Bloomfield/Telegraph",
        "location_type": 0,
        "wheelchair_boarding": 0,
        "routes": [
          {
            "route_id": "7",
            "agency_id": "0",
            "route_short_name": "7",
            "route_long_name": "C Line Station/El Monte Station",
            "route_type": 3,
            "route_color": "#cf9f24",
            "route_text_color": "#ffffff",
            "route_sort_order": 7
          }
        ],
        "agency_name": "Norwalk Transit System"
      },
      "geometry": {
        "type": "Point",
        "coordinates": [
          -118.064159,
          33.942083
        ]
      }
    },
    {
      "type": "Feature",
      "properties": {
        "stop_id": "1052",
        "stop_code": "1052",
        "stop_name": "Civic Center Drive and Bloomfield Avenue",
        "location_type": 0,
        "wheelchair_boarding": 0,
        "routes": [
          {
            "route_id": "7",
            "agency_id": "0",
            "route_short_name": "7",
            "route_long_name": "C Line Station/El Monte Station",
            "route_type": 3,
            "route_color": "#cf9f24",
            "route_text_color": "#ffffff",
            "route_sort_order": 7
          }
        ],
        "agency_name": "Norwalk Transit System"
      },
      "geometry": {
        "type": "Point",
        "coordinates": [
          -118.064916,
          33.914677
        ]
      }
    },
    {
      "type": "Feature",
      "properties": {
        "stop_id": "1053",
        "stop_code": "1053",
        "stop_name": "Civic Center Drive and Silverbow Avenue",
        "location_type": 0,
        "wheelchair_boarding": 0,
        "routes": [
          {
            "route_id": "3",
            "agency_id": "0",
            "route_short_name": "3",
            "route_long_name": "Gateway Plaza/Norwalk/166th Street",
            "route_type": 3,
            "route_color": "#333092",
            "route_text_color": "#ffffff",
            "route_sort_order": 3
          },
          {
            "route_id": "7",
            "agency_id": "0",
            "route_short_name": "7",
            "route_long_name": "C Line Station/El Monte Station",
            "route_type": 3,
            "route_color": "#cf9f24",
            "route_text_color": "#ffffff",
            "route_sort_order": 7
          }
        ],
        "agency_name": "Norwalk Transit System"
      },
      "geometry": {
        "type": "Point",
        "coordinates": [
          -118.066028,
          33.91422
        ]
      }
    },
    {
      "type": "Feature",
      "properties": {
        "stop_id": "1054",
        "stop_code": "1054",
        "stop_name": "Civic Center Drive and Volunteer Avenue",
        "location_type": 0,
        "wheelchair_boarding": 0,
        "routes": [
          {
            "route_id": "3",
            "agency_id": "0",
            "route_short_name": "3",
            "route_long_name": "Gateway Plaza/Norwalk/166th Street",
            "route_type": 3,
            "route_color": "#333092",
            "route_text_color": "#ffffff",
            "route_sort_order": 3
          },
          {
            "route_id": "7",
            "agency_id": "0",
            "route_short_name": "7",
            "route_long_name": "C Line Station/El Monte Station",
            "route_type": 3,
            "route_color": "#cf9f24",
            "route_text_color": "#ffffff",
            "route_sort_order": 7
          }
        ],
        "agency_name": "Norwalk Transit System"
      },
      "geometry": {
        "type": "Point",
        "coordinates": [
          -118.068477,
          33.913657
        ]
      }
    },
    {
      "type": "Feature",
      "properties": {
        "stop_id": "1055",
        "stop_code": "1055",
        "stop_name": "Civic Center Drive and Volunteer Avenue-",
        "location_type": 0,
        "wheelchair_boarding": 0,
        "routes": [
          {
            "route_id": "3",
            "agency_id": "0",
            "route_short_name": "3",
            "route_long_name": "Gateway Plaza/Norwalk/166th Street",
            "route_type": 3,
            "route_color": "#333092",
            "route_text_color": "#ffffff",
            "route_sort_order": 3
          },
          {
            "route_id": "7",
            "agency_id": "0",
            "route_short_name": "7",
            "route_long_name": "C Line Station/El Monte Station",
            "route_type": 3,
            "route_color": "#cf9f24",
            "route_text_color": "#ffffff",
            "route_sort_order": 7
          }
        ],
        "agency_name": "Norwalk Transit System"
      },
      "geometry": {
        "type": "Point",
        "coordinates": [
          -118.068526,
          33.913841
        ]
      }
    },
    {
      "type": "Feature",
      "properties": {
        "stop_id": "1056",
        "stop_code": "1056",
        "stop_name": "Civic Center Drive at AMC Theaters",
        "location_type": 0,
        "wheelchair_boarding": 0,
        "routes": [
          {
            "route_id": "3",
            "agency_id": "0",
            "route_short_name": "3",
            "route_long_name": "Gateway Plaza/Norwalk/166th Street",
            "route_type": 3,
            "route_color": "#333092",
            "route_text_color": "#ffffff",
            "route_sort_order": 3
          },
          {
            "route_id": "7",
            "agency_id": "0",
            "route_short_name": "7",
            "route_long_name": "C Line Station/El Monte Station",
            "route_type": 3,
            "route_color": "#cf9f24",
            "route_text_color": "#ffffff",
            "route_sort_order": 7
          }
        ],
        "agency_name": "Norwalk Transit System"
      },
      "geometry": {
        "type": "Point",
        "coordinates": [
          -118.071637,
          33.914096
        ]
      }
    },
    {
      "type": "Feature",
      "properties": {
        "stop_id": "1057",
        "stop_code": "1057",
        "stop_name": "Civic Center Drive opposite AMC Theaters",
        "location_type": 0,
        "wheelchair_boarding": 0,
        "routes": [
          {
            "route_id": "7",
            "agency_id": "0",
            "route_short_name": "7",
            "route_long_name": "C Line Station/El Monte Station",
            "route_type": 3,
            "route_color": "#cf9f24",
            "route_text_color": "#ffffff",
            "route_sort_order": 7
          }
        ],
        "agency_name": "Norwalk Transit System"
      },
      "geometry": {
        "type": "Point",
        "coordinates": [
          -118.070931,
          33.914273
        ]
      }
    },
    {
      "type": "Feature",
      "properties": {
        "stop_id": "1059",
        "stop_code": "1059",
        "stop_name": "Clark Avenue and Alondra Boulevard - S/E",
        "location_type": 0,
        "wheelchair_boarding": 0,
        "routes": [
          {
            "route_id": "1",
            "agency_id": "0",
            "route_short_name": "1",
            "route_long_name": "Rio Hondo/Bellflower",
            "route_type": 3,
            "route_color": "#D11141",
            "route_text_color": "#ffffff",
            "route_sort_order": 1
          }
        ],
        "agency_name": "Norwalk Transit System"
      },
      "geometry": {
        "type": "Point",
        "coordinates": [
          -118.133885,
          33.888998
        ]
      }
    },
    {
      "type": "Feature",
      "properties": {
        "stop_id": "1060",
        "stop_code": "1060",
        "stop_name": "Clark Avenue and Ives Street - N/E  Corn",
        "location_type": 0,
        "wheelchair_boarding": 0,
        "routes": [
          {
            "route_id": "1",
            "agency_id": "0",
            "route_short_name": "1",
            "route_long_name": "Rio Hondo/Bellflower",
            "route_type": 3,
            "route_color": "#D11141",
            "route_text_color": "#ffffff",
            "route_sort_order": 1
          }
        ],
        "agency_name": "Norwalk Transit System"
      },
      "geometry": {
        "type": "Point",
        "coordinates": [
          -118.133918,
          33.894483
        ]
      }
    },
    {
      "type": "Feature",
      "properties": {
        "stop_id": "1061",
        "stop_code": "1061",
        "stop_name": "Clark Avenue and Linden Street - N/E  Co",
        "location_type": 0,
        "wheelchair_boarding": 0,
        "routes": [
          {
            "route_id": "1",
            "agency_id": "0",
            "route_short_name": "1",
            "route_long_name": "Rio Hondo/Bellflower",
            "route_type": 3,
            "route_color": "#D11141",
            "route_text_color": "#ffffff",
            "route_sort_order": 1
          }
        ],
        "agency_name": "Norwalk Transit System"
      },
      "geometry": {
        "type": "Point",
        "coordinates": [
          -118.133901,
          33.891665
        ]
      }
    },
    {
      "type": "Feature",
      "properties": {
        "stop_id": "1062",
        "stop_code": "1062",
        "stop_name": "Clark Avenue and Oak Street at Youth Emp",
        "location_type": 0,
        "wheelchair_boarding": 0,
        "routes": [
          {
            "route_id": "1",
            "agency_id": "0",
            "route_short_name": "1",
            "route_long_name": "Rio Hondo/Bellflower",
            "route_type": 3,
            "route_color": "#D11141",
            "route_text_color": "#ffffff",
            "route_sort_order": 1
          }
        ],
        "agency_name": "Norwalk Transit System"
      },
      "geometry": {
        "type": "Point",
        "coordinates": [
          -118.133855,
          33.883957
        ]
      }
    },
    {
      "type": "Feature",
      "properties": {
        "stop_id": "1063",
        "stop_code": "1063",
        "stop_name": "Clark Avenue and Somerset Boulevard- N/E",
        "location_type": 0,
        "wheelchair_boarding": 0,
        "routes": [
          {
            "route_id": "1",
            "agency_id": "0",
            "route_short_name": "1",
            "route_long_name": "Rio Hondo/Bellflower",
            "route_type": 3,
            "route_color": "#D11141",
            "route_text_color": "#ffffff",
            "route_sort_order": 1
          }
        ],
        "agency_name": "Norwalk Transit System"
      },
      "geometry": {
        "type": "Point",
        "coordinates": [
          -118.133929,
          33.896779
        ]
      }
    },
    {
      "type": "Feature",
      "properties": {
        "stop_id": "1064",
        "stop_code": "1064",
        "stop_name": "Clark/Rosecrans",
        "location_type": 0,
        "wheelchair_boarding": 0,
        "routes": [
          {
            "route_id": "1",
            "agency_id": "0",
            "route_short_name": "1",
            "route_long_name": "Rio Hondo/Bellflower",
            "route_type": 3,
            "route_color": "#D11141",
            "route_text_color": "#ffffff",
            "route_sort_order": 1
          }
        ],
        "agency_name": "Norwalk Transit System"
      },
      "geometry": {
        "type": "Point",
        "coordinates": [
          -118.133963,
          33.903836
        ]
      }
    },
    {
      "type": "Feature",
      "properties": {
        "stop_id": "1065",
        "stop_code": "1065",
        "stop_name": "Durfee Avenue and Michael Hunt Drive",
        "location_type": 0,
        "wheelchair_boarding": 0,
        "routes": [
          {
            "route_id": "7",
            "agency_id": "0",
            "route_short_name": "7",
            "route_long_name": "C Line Station/El Monte Station",
            "route_type": 3,
            "route_color": "#cf9f24",
            "route_text_color": "#ffffff",
            "route_sort_order": 7
          }
        ],
        "agency_name": "Norwalk Transit System"
      },
      "geometry": {
        "type": "Point",
        "coordinates": [
          -118.035721,
          34.040754
        ]
      }
    },
    {
      "type": "Feature",
      "properties": {
        "stop_id": "1066",
        "stop_code": "1066",
        "stop_name": "Durfee Avenue and Michael Hunt Drive",
        "location_type": 0,
        "wheelchair_boarding": 0,
        "routes": [
          {
            "route_id": "7",
            "agency_id": "0",
            "route_short_name": "7",
            "route_long_name": "C Line Station/El Monte Station",
            "route_type": 3,
            "route_color": "#cf9f24",
            "route_text_color": "#ffffff",
            "route_sort_order": 7
          }
        ],
        "agency_name": "Norwalk Transit System"
      },
      "geometry": {
        "type": "Point",
        "coordinates": [
          -118.035993,
          34.040925
        ]
      }
    },
    {
      "type": "Feature",
      "properties": {
        "stop_id": "1067",
        "stop_code": "1067",
        "stop_name": "Durfee Avenue and Thienes Avenue",
        "location_type": 0,
        "wheelchair_boarding": 0,
        "routes": [
          {
            "route_id": "7",
            "agency_id": "0",
            "route_short_name": "7",
            "route_long_name": "C Line Station/El Monte Station",
            "route_type": 3,
            "route_color": "#cf9f24",
            "route_text_color": "#ffffff",
            "route_sort_order": 7
          }
        ],
        "agency_name": "Norwalk Transit System"
      },
      "geometry": {
        "type": "Point",
        "coordinates": [
          -118.032689,
          34.043311
        ]
      }
    },
    {
      "type": "Feature",
      "properties": {
        "stop_id": "1068",
        "stop_code": "1068",
        "stop_name": "Durfee Avenue and Thienes Avenue",
        "location_type": 0,
        "wheelchair_boarding": 0,
        "routes": [
          {
            "route_id": "7",
            "agency_id": "0",
            "route_short_name": "7",
            "route_long_name": "C Line Station/El Monte Station",
            "route_type": 3,
            "route_color": "#cf9f24",
            "route_text_color": "#ffffff",
            "route_sort_order": 7
          }
        ],
        "agency_name": "Norwalk Transit System"
      },
      "geometry": {
        "type": "Point",
        "coordinates": [
          -118.03285,
          34.043477
        ]
      }
    },
    {
      "type": "Feature",
      "properties": {
        "stop_id": "1069",
        "stop_code": "1069",
        "stop_name": "El Monte Station - Lower Bay 3/4",
        "location_type": 0,
        "wheelchair_boarding": 0,
        "routes": [
          {
            "route_id": "7",
            "agency_id": "0",
            "route_short_name": "7",
            "route_long_name": "C Line Station/El Monte Station",
            "route_type": 3,
            "route_color": "#cf9f24",
            "route_text_color": "#ffffff",
            "route_sort_order": 7
          }
        ],
        "agency_name": "Norwalk Transit System"
      },
      "geometry": {
        "type": "Point",
        "coordinates": [
          -118.045078,
          34.072283
        ]
      }
    },
    {
      "type": "Feature",
      "properties": {
        "stop_id": "1071",
        "stop_code": "1071",
        "stop_name": "Firestone Boulevard and Paddison Avenue",
        "location_type": 0,
        "wheelchair_boarding": 0,
        "routes": [
          {
            "route_id": "7",
            "agency_id": "0",
            "route_short_name": "7",
            "route_long_name": "C Line Station/El Monte Station",
            "route_type": 3,
            "route_color": "#cf9f24",
            "route_text_color": "#ffffff",
            "route_sort_order": 7
          }
        ],
        "agency_name": "Norwalk Transit System"
      },
      "geometry": {
        "type": "Point",
        "coordinates": [
          -118.078656,
          33.910885
        ]
      }
    },
    {
      "type": "Feature",
      "properties": {
        "stop_id": "1072",
        "stop_code": "1072",
        "stop_name": "Firestone Boulevard and Paddison Avenue",
        "location_type": 0,
        "wheelchair_boarding": 0,
        "routes": [
          {
            "route_id": "7",
            "agency_id": "0",
            "route_short_name": "7",
            "route_long_name": "C Line Station/El Monte Station",
            "route_type": 3,
            "route_color": "#cf9f24",
            "route_text_color": "#ffffff",
            "route_sort_order": 7
          }
        ],
        "agency_name": "Norwalk Transit System"
      },
      "geometry": {
        "type": "Point",
        "coordinates": [
          -118.07896,
          33.911326
        ]
      }
    },
    {
      "type": "Feature",
      "properties": {
        "stop_id": "1073",
        "stop_code": "1073",
        "stop_name": "Firestone Boulevard and Pioneer Boulevar",
        "location_type": 0,
        "wheelchair_boarding": 0,
        "routes": [
          {
            "route_id": "7",
            "agency_id": "0",
            "route_short_name": "7",
            "route_long_name": "C Line Station/El Monte Station",
            "route_type": 3,
            "route_color": "#cf9f24",
            "route_text_color": "#ffffff",
            "route_sort_order": 7
          }
        ],
        "agency_name": "Norwalk Transit System"
      },
      "geometry": {
        "type": "Point",
        "coordinates": [
          -118.08136,
          33.912327
        ]
      }
    },
    {
      "type": "Feature",
      "properties": {
        "stop_id": "1074",
        "stop_code": "1074",
        "stop_name": "Firestone Boulevard and Pioneer Boulevar",
        "location_type": 0,
        "wheelchair_boarding": 0,
        "routes": [
          {
            "route_id": "7",
            "agency_id": "0",
            "route_short_name": "7",
            "route_long_name": "C Line Station/El Monte Station",
            "route_type": 3,
            "route_color": "#cf9f24",
            "route_text_color": "#ffffff",
            "route_sort_order": 7
          }
        ],
        "agency_name": "Norwalk Transit System"
      },
      "geometry": {
        "type": "Point",
        "coordinates": [
          -118.082643,
          33.913313
        ]
      }
    },
    {
      "type": "Feature",
      "properties": {
        "stop_id": "1075",
        "stop_code": "1075",
        "stop_name": "Florence Avenue and Fulton Wells Avenue-",
        "location_type": 0,
        "wheelchair_boarding": 0,
        "routes": [
          {
            "route_id": "1",
            "agency_id": "0",
            "route_short_name": "1",
            "route_long_name": "Rio Hondo/Bellflower",
            "route_type": 3,
            "route_color": "#D11141",
            "route_text_color": "#ffffff",
            "route_sort_order": 1
          }
        ],
        "agency_name": "Norwalk Transit System"
      },
      "geometry": {
        "type": "Point",
        "coordinates": [
          -118.076666,
          33.935188
        ]
      }
    },
    {
      "type": "Feature",
      "properties": {
        "stop_id": "1076",
        "stop_code": "1076",
        "stop_name": "Florence Avenue and Norwalk Boulevard- N",
        "location_type": 0,
        "wheelchair_boarding": 0,
        "routes": [
          {
            "route_id": "1",
            "agency_id": "0",
            "route_short_name": "1",
            "route_long_name": "Rio Hondo/Bellflower",
            "route_type": 3,
            "route_color": "#D11141",
            "route_text_color": "#ffffff",
            "route_sort_order": 1
          }
        ],
        "agency_name": "Norwalk Transit System"
      },
      "geometry": {
        "type": "Point",
        "coordinates": [
          -118.073427,
          33.935447
        ]
      }
    },
    {
      "type": "Feature",
      "properties": {
        "stop_id": "1077",
        "stop_code": "1077",
        "stop_name": "Florence Avenue at Kid Zone",
        "location_type": 0,
        "wheelchair_boarding": 0,
        "routes": [
          {
            "route_id": "1",
            "agency_id": "0",
            "route_short_name": "1",
            "route_long_name": "Rio Hondo/Bellflower",
            "route_type": 3,
            "route_color": "#D11141",
            "route_text_color": "#ffffff",
            "route_sort_order": 1
          },
          {
            "route_id": "3",
            "agency_id": "0",
            "route_short_name": "3",
            "route_long_name": "Gateway Plaza/Norwalk/166th Street",
            "route_type": 3,
            "route_color": "#333092",
            "route_text_color": "#ffffff",
            "route_sort_order": 3
          }
        ],
        "agency_name": "Norwalk Transit System"
      },
      "geometry": {
        "type": "Point",
        "coordinates": [
          -118.089406,
          33.935427
        ]
      }
    },
    {
      "type": "Feature",
      "properties": {
        "stop_id": "1078",
        "stop_code": "1078",
        "stop_name": "Florence/Orr & Day",
        "location_type": 0,
        "wheelchair_boarding": 0,
        "routes": [
          {
            "route_id": "1",
            "agency_id": "0",
            "route_short_name": "1",
            "route_long_name": "Rio Hondo/Bellflower",
            "route_type": 3,
            "route_color": "#D11141",
            "route_text_color": "#ffffff",
            "route_sort_order": 1
          },
          {
            "route_id": "3",
            "agency_id": "0",
            "route_short_name": "3",
            "route_long_name": "Gateway Plaza/Norwalk/166th Street",
            "route_type": 3,
            "route_color": "#333092",
            "route_text_color": "#ffffff",
            "route_sort_order": 3
          }
        ],
        "agency_name": "Norwalk Transit System"
      },
      "geometry": {
        "type": "Point",
        "coordinates": [
          -118.088555,
          33.935178
        ]
      }
    },
    {
      "type": "Feature",
      "properties": {
        "stop_id": "1079",
        "stop_code": "1079",
        "stop_name": "Florence Avenue and Pioneer Boulevard- S",
        "location_type": 0,
        "wheelchair_boarding": 0,
        "routes": [
          {
            "route_id": "1",
            "agency_id": "0",
            "route_short_name": "1",
            "route_long_name": "Rio Hondo/Bellflower",
            "route_type": 3,
            "route_color": "#D11141",
            "route_text_color": "#ffffff",
            "route_sort_order": 1
          }
        ],
        "agency_name": "Norwalk Transit System"
      },
      "geometry": {
        "type": "Point",
        "coordinates": [
          -118.08148,
          33.935181
        ]
      }
    },
    {
      "type": "Feature",
      "properties": {
        "stop_id": "1080",
        "stop_code": "1080",
        "stop_name": "Florence Avenue and Ringwood Avenue- S/W",
        "location_type": 0,
        "wheelchair_boarding": 0,
        "routes": [
          {
            "route_id": "1",
            "agency_id": "0",
            "route_short_name": "1",
            "route_long_name": "Rio Hondo/Bellflower",
            "route_type": 3,
            "route_color": "#D11141",
            "route_text_color": "#ffffff",
            "route_sort_order": 1
          },
          {
            "route_id": "3",
            "agency_id": "0",
            "route_short_name": "3",
            "route_long_name": "Gateway Plaza/Norwalk/166th Street",
            "route_type": 3,
            "route_color": "#333092",
            "route_text_color": "#ffffff",
            "route_sort_order": 3
          }
        ],
        "agency_name": "Norwalk Transit System"
      },
      "geometry": {
        "type": "Point",
        "coordinates": [
          -118.084657,
          33.935221
        ]
      }
    },
    {
      "type": "Feature",
      "properties": {
        "stop_id": "1081",
        "stop_code": "1081",
        "stop_name": "Florence Avenue at Lake Center Athletic",
        "location_type": 0,
        "wheelchair_boarding": 0,
        "routes": [
          {
            "route_id": "1",
            "agency_id": "0",
            "route_short_name": "1",
            "route_long_name": "Rio Hondo/Bellflower",
            "route_type": 3,
            "route_color": "#D11141",
            "route_text_color": "#ffffff",
            "route_sort_order": 1
          },
          {
            "route_id": "3",
            "agency_id": "0",
            "route_short_name": "3",
            "route_long_name": "Gateway Plaza/Norwalk/166th Street",
            "route_type": 3,
            "route_color": "#333092",
            "route_text_color": "#ffffff",
            "route_sort_order": 3
          }
        ],
        "agency_name": "Norwalk Transit System"
      },
      "geometry": {
        "type": "Point",
        "coordinates": [
          -118.085243,
          33.935422
        ]
      }
    },
    {
      "type": "Feature",
      "properties": {
        "stop_id": "1082",
        "stop_code": "1082",
        "stop_name": "Orr and Day/Florence",
        "location_type": 0,
        "wheelchair_boarding": 0,
        "routes": [
          {
            "route_id": "1",
            "agency_id": "0",
            "route_short_name": "1",
            "route_long_name": "Rio Hondo/Bellflower",
            "route_type": 3,
            "route_color": "#D11141",
            "route_text_color": "#ffffff",
            "route_sort_order": 1
          },
          {
            "route_id": "3",
            "agency_id": "0",
            "route_short_name": "3",
            "route_long_name": "Gateway Plaza/Norwalk/166th Street",
            "route_type": 3,
            "route_color": "#333092",
            "route_text_color": "#ffffff",
            "route_sort_order": 3
          }
        ],
        "agency_name": "Norwalk Transit System"
      },
      "geometry": {
        "type": "Point",
        "coordinates": [
          -118.09042,
          33.935824
        ]
      }
    },
    {
      "type": "Feature",
      "properties": {
        "stop_id": "1083",
        "stop_code": "1083",
        "stop_name": "Florence/Pioneer",
        "location_type": 0,
        "wheelchair_boarding": 0,
        "routes": [
          {
            "route_id": "1",
            "agency_id": "0",
            "route_short_name": "1",
            "route_long_name": "Rio Hondo/Bellflower",
            "route_type": 3,
            "route_color": "#D11141",
            "route_text_color": "#ffffff",
            "route_sort_order": 1
          },
          {
            "route_id": "3",
            "agency_id": "0",
            "route_short_name": "3",
            "route_long_name": "Gateway Plaza/Norwalk/166th Street",
            "route_type": 3,
            "route_color": "#333092",
            "route_text_color": "#ffffff",
            "route_sort_order": 3
          }
        ],
        "agency_name": "Norwalk Transit System"
      },
      "geometry": {
        "type": "Point",
        "coordinates": [
          -118.082188,
          33.935442
        ]
      }
    },
    {
      "type": "Feature",
      "properties": {
        "stop_id": "1084",
        "stop_code": "1084",
        "stop_name": "Flower Street and Ardmore Avenue - N/E",
        "location_type": 0,
        "wheelchair_boarding": 0,
        "routes": [
          {
            "route_id": "1",
            "agency_id": "0",
            "route_short_name": "1",
            "route_long_name": "Rio Hondo/Bellflower",
            "route_type": 3,
            "route_color": "#D11141",
            "route_text_color": "#ffffff",
            "route_sort_order": 1
          }
        ],
        "agency_name": "Norwalk Transit System"
      },
      "geometry": {
        "type": "Point",
        "coordinates": [
          -118.128932,
          33.88216
        ]
      }
    },
    {
      "type": "Feature",
      "properties": {
        "stop_id": "1085",
        "stop_code": "1085",
        "stop_name": "Flower Street and Civic Center Drive- N/",
        "location_type": 0,
        "wheelchair_boarding": 0,
        "routes": [
          {
            "route_id": "1",
            "agency_id": "0",
            "route_short_name": "1",
            "route_long_name": "Rio Hondo/Bellflower",
            "route_type": 3,
            "route_color": "#D11141",
            "route_text_color": "#ffffff",
            "route_sort_order": 1
          }
        ],
        "agency_name": "Norwalk Transit System"
      },
      "geometry": {
        "type": "Point",
        "coordinates": [
          -118.12208,
          33.882184
        ]
      }
    },
    {
      "type": "Feature",
      "properties": {
        "stop_id": "1086",
        "stop_code": "1086",
        "stop_name": "Flower/Bellflower",
        "location_type": 0,
        "wheelchair_boarding": 0,
        "routes": [
          {
            "route_id": "1",
            "agency_id": "0",
            "route_short_name": "1",
            "route_long_name": "Rio Hondo/Bellflower",
            "route_type": 3,
            "route_color": "#D11141",
            "route_text_color": "#ffffff",
            "route_sort_order": 1
          }
        ],
        "agency_name": "Norwalk Transit System"
      },
      "geometry": {
        "type": "Point",
        "coordinates": [
          -118.126061,
          33.882168
        ]
      }
    },
    {
      "type": "Feature",
      "properties": {
        "stop_id": "1087",
        "stop_code": "1087",
        "stop_name": "Foster Road and Bechard Avenue - S/W Cor",
        "location_type": 0,
        "wheelchair_boarding": 0,
        "routes": [
          {
            "route_id": "3",
            "agency_id": "0",
            "route_short_name": "3",
            "route_long_name": "Gateway Plaza/Norwalk/166th Street",
            "route_type": 3,
            "route_color": "#333092",
            "route_text_color": "#ffffff",
            "route_sort_order": 3
          }
        ],
        "agency_name": "Norwalk Transit System"
      },
      "geometry": {
        "type": "Point",
        "coordinates": [
          -118.062525,
          33.909511
        ]
      }
    },
    {
      "type": "Feature",
      "properties": {
        "stop_id": "1088",
        "stop_code": "1088",
        "stop_name": "Foster Road and Bechard Avenue (Soropt.",
        "location_type": 0,
        "wheelchair_boarding": 0,
        "routes": [
          {
            "route_id": "3",
            "agency_id": "0",
            "route_short_name": "3",
            "route_long_name": "Gateway Plaza/Norwalk/166th Street",
            "route_type": 3,
            "route_color": "#333092",
            "route_text_color": "#ffffff",
            "route_sort_order": 3
          }
        ],
        "agency_name": "Norwalk Transit System"
      },
      "geometry": {
        "type": "Point",
        "coordinates": [
          -118.062607,
          33.909646
        ]
      }
    },
    {
      "type": "Feature",
      "properties": {
        "stop_id": "1089",
        "stop_code": "1089",
        "stop_name": "Foster Road and Greenstone Avenue",
        "location_type": 0,
        "wheelchair_boarding": 0,
        "routes": [
          {
            "route_id": "3",
            "agency_id": "0",
            "route_short_name": "3",
            "route_long_name": "Gateway Plaza/Norwalk/166th Street",
            "route_type": 3,
            "route_color": "#333092",
            "route_text_color": "#ffffff",
            "route_sort_order": 3
          }
        ],
        "agency_name": "Norwalk Transit System"
      },
      "geometry": {
        "type": "Point",
        "coordinates": [
          -118.058513,
          33.909673
        ]
      }
    },
    {
      "type": "Feature",
      "properties": {
        "stop_id": "1090",
        "stop_code": "1090",
        "stop_name": "Foster Road and Greenstone Avenue -S/E C",
        "location_type": 0,
        "wheelchair_boarding": 0,
        "routes": [
          {
            "route_id": "3",
            "agency_id": "0",
            "route_short_name": "3",
            "route_long_name": "Gateway Plaza/Norwalk/166th Street",
            "route_type": 3,
            "route_color": "#333092",
            "route_text_color": "#ffffff",
            "route_sort_order": 3
          }
        ],
        "agency_name": "Norwalk Transit System"
      },
      "geometry": {
        "type": "Point",
        "coordinates": [
          -118.058182,
          33.909538
        ]
      }
    },
    {
      "type": "Feature",
      "properties": {
        "stop_id": "1091",
        "stop_code": "1091",
        "stop_name": "Foster Road and San Antonio Drive- S/W C",
        "location_type": 0,
        "wheelchair_boarding": 0,
        "routes": [
          {
            "route_id": "1",
            "agency_id": "0",
            "route_short_name": "1",
            "route_long_name": "Rio Hondo/Bellflower",
            "route_type": 3,
            "route_color": "#D11141",
            "route_text_color": "#ffffff",
            "route_sort_order": 1
          },
          {
            "route_id": "2",
            "agency_id": "0",
            "route_short_name": "2",
            "route_long_name": "NSQ/C Line/Cerritos College/Cerritos Mal",
            "route_type": 3,
            "route_color": "#0083A8",
            "route_text_color": "#ffffff",
            "route_sort_order": 2
          }
        ],
        "agency_name": "Norwalk Transit System"
      },
      "geometry": {
        "type": "Point",
        "coordinates": [
          -118.076776,
          33.907614
        ]
      }
    },
    {
      "type": "Feature",
      "properties": {
        "stop_id": "1092",
        "stop_code": "1092",
        "stop_name": "Foster Road and Shoemaker Avenue - S/W C",
        "location_type": 0,
        "wheelchair_boarding": 0,
        "routes": [
          {
            "route_id": "3",
            "agency_id": "0",
            "route_short_name": "3",
            "route_long_name": "Gateway Plaza/Norwalk/166th Street",
            "route_type": 3,
            "route_color": "#333092",
            "route_text_color": "#ffffff",
            "route_sort_order": 3
          }
        ],
        "agency_name": "Norwalk Transit System"
      },
      "geometry": {
        "type": "Point",
        "coordinates": [
          -118.055802,
          33.909558
        ]
      }
    },
    {
      "type": "Feature",
      "properties": {
        "stop_id": "1093",
        "stop_code": "1093",
        "stop_name": "Foster Road and Stanstead Avenue -S/W Co",
        "location_type": 0,
        "wheelchair_boarding": 0,
        "routes": [
          {
            "route_id": "3",
            "agency_id": "0",
            "route_short_name": "3",
            "route_long_name": "Gateway Plaza/Norwalk/166th Street",
            "route_type": 3,
            "route_color": "#333092",
            "route_text_color": "#ffffff",
            "route_sort_order": 3
          }
        ],
        "agency_name": "Norwalk Transit System"
      },
      "geometry": {
        "type": "Point",
        "coordinates": [
          -118.064177,
          33.909505
        ]
      }
    },
    {
      "type": "Feature",
      "properties": {
        "stop_id": "1095",
        "stop_code": "1095",
        "stop_name": "C Line Station",
        "location_type": 0,
        "wheelchair_boarding": 0,
        "routes": [
          {
            "route_id": "2",
            "agency_id": "0",
            "route_short_name": "2",
            "route_long_name": "NSQ/C Line/Cerritos College/Cerritos Mal",
            "route_type": 3,
            "route_color": "#0083A8",
            "route_text_color": "#ffffff",
            "route_sort_order": 2
          },
          {
            "route_id": "4",
            "agency_id": "0",
            "route_short_name": "4",
            "route_long_name": "Imperial Highway/Metrolink Station/C Lin",
            "route_type": 3,
            "route_color": "#9d3393",
            "route_text_color": "#ffffff",
            "route_sort_order": 4
          },
          {
            "route_id": "5",
            "agency_id": "0",
            "route_short_name": "5",
            "route_long_name": "C Line Station To/From La Mirada Via Ros",
            "route_type": 3,
            "route_color": "#00a0af",
            "route_text_color": "#ffffff",
            "route_sort_order": 5
          },
          {
            "route_id": "7",
            "agency_id": "0",
            "route_short_name": "7",
            "route_long_name": "C Line Station/El Monte Station",
            "route_type": 3,
            "route_color": "#cf9f24",
            "route_text_color": "#ffffff",
            "route_sort_order": 7
          }
        ],
        "agency_name": "Norwalk Transit System"
      },
      "geometry": {
        "type": "Point",
        "coordinates": [
          -118.103808,
          33.913358
        ]
      }
    },
    {
      "type": "Feature",
      "properties": {
        "stop_id": "1098",
        "stop_code": "1098",
        "stop_name": "Greenleaf Avenue and Broadway",
        "location_type": 0,
        "wheelchair_boarding": 0,
        "routes": [
          {
            "route_id": "7",
            "agency_id": "0",
            "route_short_name": "7",
            "route_long_name": "C Line Station/El Monte Station",
            "route_type": 3,
            "route_color": "#cf9f24",
            "route_text_color": "#ffffff",
            "route_sort_order": 7
          }
        ],
        "agency_name": "Norwalk Transit System"
      },
      "geometry": {
        "type": "Point",
        "coordinates": [
          -118.037248,
          33.98604
        ]
      }
    },
    {
      "type": "Feature",
      "properties": {
        "stop_id": "1099",
        "stop_code": "1099",
        "stop_name": "Greenleaf Avenue and Broadway",
        "location_type": 0,
        "wheelchair_boarding": 0,
        "routes": [
          {
            "route_id": "7",
            "agency_id": "0",
            "route_short_name": "7",
            "route_long_name": "C Line Station/El Monte Station",
            "route_type": 3,
            "route_color": "#cf9f24",
            "route_text_color": "#ffffff",
            "route_sort_order": 7
          }
        ],
        "agency_name": "Norwalk Transit System"
      },
      "geometry": {
        "type": "Point",
        "coordinates": [
          -118.037457,
          33.986124
        ]
      }
    },
    {
      "type": "Feature",
      "properties": {
        "stop_id": "1100",
        "stop_code": "1100",
        "stop_name": "Greenleaf Avenue and Hadley Street",
        "location_type": 0,
        "wheelchair_boarding": 0,
        "routes": [
          {
            "route_id": "7",
            "agency_id": "0",
            "route_short_name": "7",
            "route_long_name": "C Line Station/El Monte Station",
            "route_type": 3,
            "route_color": "#cf9f24",
            "route_text_color": "#ffffff",
            "route_sort_order": 7
          }
        ],
        "agency_name": "Norwalk Transit System"
      },
      "geometry": {
        "type": "Point",
        "coordinates": [
          -118.037249,
          33.982944
        ]
      }
    },
    {
      "type": "Feature",
      "properties": {
        "stop_id": "1101",
        "stop_code": "1101",
        "stop_name": "Hadley Street and Friends Avenue",
        "location_type": 0,
        "wheelchair_boarding": 0,
        "routes": [
          {
            "route_id": "7",
            "agency_id": "0",
            "route_short_name": "7",
            "route_long_name": "C Line Station/El Monte Station",
            "route_type": 3,
            "route_color": "#cf9f24",
            "route_text_color": "#ffffff",
            "route_sort_order": 7
          }
        ],
        "agency_name": "Norwalk Transit System"
      },
      "geometry": {
        "type": "Point",
        "coordinates": [
          -118.033668,
          33.982812
        ]
      }
    },
    {
      "type": "Feature",
      "properties": {
        "stop_id": "1102",
        "stop_code": "1102",
        "stop_name": "Hadley Street and Painter Avenue",
        "location_type": 0,
        "wheelchair_boarding": 0,
        "routes": [
          {
            "route_id": "7",
            "agency_id": "0",
            "route_short_name": "7",
            "route_long_name": "C Line Station/El Monte Station",
            "route_type": 3,
            "route_color": "#cf9f24",
            "route_text_color": "#ffffff",
            "route_sort_order": 7
          }
        ],
        "agency_name": "Norwalk Transit System"
      },
      "geometry": {
        "type": "Point",
        "coordinates": [
          -118.032956,
          33.982614
        ]
      }
    },
    {
      "type": "Feature",
      "properties": {
        "stop_id": "1103",
        "stop_code": "1103",
        "stop_name": "Hadley Street and Washington Boulevard",
        "location_type": 0,
        "wheelchair_boarding": 0,
        "routes": [
          {
            "route_id": "7",
            "agency_id": "0",
            "route_short_name": "7",
            "route_long_name": "C Line Station/El Monte Station",
            "route_type": 3,
            "route_color": "#cf9f24",
            "route_text_color": "#ffffff",
            "route_sort_order": 7
          }
        ],
        "agency_name": "Norwalk Transit System"
      },
      "geometry": {
        "type": "Point",
        "coordinates": [
          -118.035278,
          33.98262
        ]
      }
    },
    {
      "type": "Feature",
      "properties": {
        "stop_id": "1104",
        "stop_code": "1104",
        "stop_name": "Idaho Street opposite Las Lomas",
        "location_type": 0,
        "wheelchair_boarding": 0,
        "routes": [
          {
            "route_id": "4",
            "agency_id": "0",
            "route_short_name": "4",
            "route_long_name": "Imperial Highway/Metrolink Station/C Lin",
            "route_type": 3,
            "route_color": "#9d3393",
            "route_text_color": "#ffffff",
            "route_sort_order": 4
          }
        ],
        "agency_name": "Norwalk Transit System"
      },
      "geometry": {
        "type": "Point",
        "coordinates": [
          -117.959303,
          33.921625
        ]
      }
    },
    {
      "type": "Feature",
      "properties": {
        "stop_id": "1105",
        "stop_code": "1105",
        "stop_name": "Imperial Highway and 12501 Imperial High",
        "location_type": 0,
        "wheelchair_boarding": 0,
        "routes": [
          {
            "route_id": "4",
            "agency_id": "0",
            "route_short_name": "4",
            "route_long_name": "Imperial Highway/Metrolink Station/C Lin",
            "route_type": 3,
            "route_color": "#9d3393",
            "route_text_color": "#ffffff",
            "route_sort_order": 4
          }
        ],
        "agency_name": "Norwalk Transit System"
      },
      "geometry": {
        "type": "Point",
        "coordinates": [
          -118.067055,
          33.917271
        ]
      }
    },
    {
      "type": "Feature",
      "properties": {
        "stop_id": "1106",
        "stop_code": "1106",
        "stop_name": "Imperial Highway and 1st Avenue- N/W Cor",
        "location_type": 0,
        "wheelchair_boarding": 0,
        "routes": [
          {
            "route_id": "4",
            "agency_id": "0",
            "route_short_name": "4",
            "route_long_name": "Imperial Highway/Metrolink Station/C Lin",
            "route_type": 3,
            "route_color": "#9d3393",
            "route_text_color": "#ffffff",
            "route_sort_order": 4
          }
        ],
        "agency_name": "Norwalk Transit System"
      },
      "geometry": {
        "type": "Point",
        "coordinates": [
          -117.986022,
          33.917444
        ]
      }
    },
    {
      "type": "Feature",
      "properties": {
        "stop_id": "1107",
        "stop_code": "1107",
        "stop_name": "Imperial Highway and 1st Avenue- S/W Cor",
        "location_type": 0,
        "wheelchair_boarding": 0,
        "routes": [
          {
            "route_id": "4",
            "agency_id": "0",
            "route_short_name": "4",
            "route_long_name": "Imperial Highway/Metrolink Station/C Lin",
            "route_type": 3,
            "route_color": "#9d3393",
            "route_text_color": "#ffffff",
            "route_sort_order": 4
          }
        ],
        "agency_name": "Norwalk Transit System"
      },
      "geometry": {
        "type": "Point",
        "coordinates": [
          -117.985781,
          33.917206
        ]
      }
    },
    {
      "type": "Feature",
      "properties": {
        "stop_id": "1108",
        "stop_code": "1108",
        "stop_name": "Imperial Highway and Beach Boulevard- N/",
        "location_type": 0,
        "wheelchair_boarding": 0,
        "routes": [
          {
            "route_id": "4",
            "agency_id": "0",
            "route_short_name": "4",
            "route_long_name": "Imperial Highway/Metrolink Station/C Lin",
            "route_type": 3,
            "route_color": "#9d3393",
            "route_text_color": "#ffffff",
            "route_sort_order": 4
          }
        ],
        "agency_name": "Norwalk Transit System"
      },
      "geometry": {
        "type": "Point",
        "coordinates": [
          -117.96858,
          33.917482
        ]
      }
    },
    {
      "type": "Feature",
      "properties": {
        "stop_id": "1109",
        "stop_code": "1109",
        "stop_name": "Imperial Highway and Biola Avenue- S/W C",
        "location_type": 0,
        "wheelchair_boarding": 0,
        "routes": [
          {
            "route_id": "4",
            "agency_id": "0",
            "route_short_name": "4",
            "route_long_name": "Imperial Highway/Metrolink Station/C Lin",
            "route_type": 3,
            "route_color": "#9d3393",
            "route_text_color": "#ffffff",
            "route_sort_order": 4
          }
        ],
        "agency_name": "Norwalk Transit System"
      },
      "geometry": {
        "type": "Point",
        "coordinates": [
          -118.019231,
          33.917026
        ]
      }
    },
    {
      "type": "Feature",
      "properties": {
        "stop_id": "1110",
        "stop_code": "1110",
        "stop_name": "Imperial Highway and Bloomfield Avenue-",
        "location_type": 0,
        "wheelchair_boarding": 0,
        "routes": [
          {
            "route_id": "4",
            "agency_id": "0",
            "route_short_name": "4",
            "route_long_name": "Imperial Highway/Metrolink Station/C Lin",
            "route_type": 3,
            "route_color": "#9d3393",
            "route_text_color": "#ffffff",
            "route_sort_order": 4
          }
        ],
        "agency_name": "Norwalk Transit System"
      },
      "geometry": {
        "type": "Point",
        "coordinates": [
          -118.063511,
          33.917277
        ]
      }
    },
    {
      "type": "Feature",
      "properties": {
        "stop_id": "1111",
        "stop_code": "1111",
        "stop_name": "Imperial Highway and Bloomfield Avenue-",
        "location_type": 0,
        "wheelchair_boarding": 0,
        "routes": [
          {
            "route_id": "4",
            "agency_id": "0",
            "route_short_name": "4",
            "route_long_name": "Imperial Highway/Metrolink Station/C Lin",
            "route_type": 3,
            "route_color": "#9d3393",
            "route_text_color": "#ffffff",
            "route_sort_order": 4
          }
        ],
        "agency_name": "Norwalk Transit System"
      },
      "geometry": {
        "type": "Point",
        "coordinates": [
          -118.063411,
          33.917031
        ]
      }
    },
    {
      "type": "Feature",
      "properties": {
        "stop_id": "1112",
        "stop_code": "1112",
        "stop_name": "Imperial Highway and Burgess Avenue- N/W",
        "location_type": 0,
        "wheelchair_boarding": 0,
        "routes": [
          {
            "route_id": "4",
            "agency_id": "0",
            "route_short_name": "4",
            "route_long_name": "Imperial Highway/Metrolink Station/C Lin",
            "route_type": 3,
            "route_color": "#9d3393",
            "route_text_color": "#ffffff",
            "route_sort_order": 4
          }
        ],
        "agency_name": "Norwalk Transit System"
      },
      "geometry": {
        "type": "Point",
        "coordinates": [
          -118.024187,
          33.91724
        ]
      }
    },
    {
      "type": "Feature",
      "properties": {
        "stop_id": "1113",
        "stop_code": "1113",
        "stop_name": "Imperial Highway and Burgess Avenue- S/W",
        "location_type": 0,
        "wheelchair_boarding": 0,
        "routes": [
          {
            "route_id": "4",
            "agency_id": "0",
            "route_short_name": "4",
            "route_long_name": "Imperial Highway/Metrolink Station/C Lin",
            "route_type": 3,
            "route_color": "#9d3393",
            "route_text_color": "#ffffff",
            "route_sort_order": 4
          }
        ],
        "agency_name": "Norwalk Transit System"
      },
      "geometry": {
        "type": "Point",
        "coordinates": [
          -118.024189,
          33.917
        ]
      }
    },
    {
      "type": "Feature",
      "properties": {
        "stop_id": "1114",
        "stop_code": "1114",
        "stop_name": "Imperial Highway and Carmenita Road- N/E",
        "location_type": 0,
        "wheelchair_boarding": 0,
        "routes": [
          {
            "route_id": "4",
            "agency_id": "0",
            "route_short_name": "4",
            "route_long_name": "Imperial Highway/Metrolink Station/C Lin",
            "route_type": 3,
            "route_color": "#9d3393",
            "route_text_color": "#ffffff",
            "route_sort_order": 4
          }
        ],
        "agency_name": "Norwalk Transit System"
      },
      "geometry": {
        "type": "Point",
        "coordinates": [
          -118.046454,
          33.917118
        ]
      }
    },
    {
      "type": "Feature",
      "properties": {
        "stop_id": "1115",
        "stop_code": "1115",
        "stop_name": "Imperial Highway and Carmenita Road- S/W",
        "location_type": 0,
        "wheelchair_boarding": 0,
        "routes": [
          {
            "route_id": "4",
            "agency_id": "0",
            "route_short_name": "4",
            "route_long_name": "Imperial Highway/Metrolink Station/C Lin",
            "route_type": 3,
            "route_color": "#9d3393",
            "route_text_color": "#ffffff",
            "route_sort_order": 4
          }
        ],
        "agency_name": "Norwalk Transit System"
      },
      "geometry": {
        "type": "Point",
        "coordinates": [
          -118.047234,
          33.916865
        ]
      }
    },
    {
      "type": "Feature",
      "properties": {
        "stop_id": "1116",
        "stop_code": "1116",
        "stop_name": "Imperial Highway opposite Fairford Avenu",
        "location_type": 0,
        "wheelchair_boarding": 0,
        "routes": [
          {
            "route_id": "2",
            "agency_id": "0",
            "route_short_name": "2",
            "route_long_name": "NSQ/C Line/Cerritos College/Cerritos Mal",
            "route_type": 3,
            "route_color": "#0083A8",
            "route_text_color": "#ffffff",
            "route_sort_order": 2
          },
          {
            "route_id": "4",
            "agency_id": "0",
            "route_short_name": "4",
            "route_long_name": "Imperial Highway/Metrolink Station/C Lin",
            "route_type": 3,
            "route_color": "#9d3393",
            "route_text_color": "#ffffff",
            "route_sort_order": 4
          },
          {
            "route_id": "7",
            "agency_id": "0",
            "route_short_name": "7",
            "route_long_name": "C Line Station/El Monte Station",
            "route_type": 3,
            "route_color": "#cf9f24",
            "route_text_color": "#ffffff",
            "route_sort_order": 7
          }
        ],
        "agency_name": "Norwalk Transit System"
      },
      "geometry": {
        "type": "Point",
        "coordinates": [
          -118.094597,
          33.917227
        ]
      }
    },
    {
      "type": "Feature",
      "properties": {
        "stop_id": "1117",
        "stop_code": "1117",
        "stop_name": "Imperial Highway and Fairford Avenue-S/E",
        "location_type": 0,
        "wheelchair_boarding": 0,
        "routes": [
          {
            "route_id": "2",
            "agency_id": "0",
            "route_short_name": "2",
            "route_long_name": "NSQ/C Line/Cerritos College/Cerritos Mal",
            "route_type": 3,
            "route_color": "#0083A8",
            "route_text_color": "#ffffff",
            "route_sort_order": 2
          },
          {
            "route_id": "4",
            "agency_id": "0",
            "route_short_name": "4",
            "route_long_name": "Imperial Highway/Metrolink Station/C Lin",
            "route_type": 3,
            "route_color": "#9d3393",
            "route_text_color": "#ffffff",
            "route_sort_order": 4
          },
          {
            "route_id": "7",
            "agency_id": "0",
            "route_short_name": "7",
            "route_long_name": "C Line Station/El Monte Station",
            "route_type": 3,
            "route_color": "#cf9f24",
            "route_text_color": "#ffffff",
            "route_sort_order": 7
          }
        ],
        "agency_name": "Norwalk Transit System"
      },
      "geometry": {
        "type": "Point",
        "coordinates": [
          -118.09453,
          33.91697
        ]
      }
    },
    {
      "type": "Feature",
      "properties": {
        "stop_id": "1118",
        "stop_code": "1118",
        "stop_name": "Imperial Highway and Grovedale Drive- N/",
        "location_type": 0,
        "wheelchair_boarding": 0,
        "routes": [
          {
            "route_id": "4",
            "agency_id": "0",
            "route_short_name": "4",
            "route_long_name": "Imperial Highway/Metrolink Station/C Lin",
            "route_type": 3,
            "route_color": "#9d3393",
            "route_text_color": "#ffffff",
            "route_sort_order": 4
          }
        ],
        "agency_name": "Norwalk Transit System"
      },
      "geometry": {
        "type": "Point",
        "coordinates": [
          -117.988567,
          33.917425
        ]
      }
    },
    {
      "type": "Feature",
      "properties": {
        "stop_id": "1119",
        "stop_code": "1119",
        "stop_name": "Imperial Highway and Grovedale Drive- S/",
        "location_type": 0,
        "wheelchair_boarding": 0,
        "routes": [
          {
            "route_id": "4",
            "agency_id": "0",
            "route_short_name": "4",
            "route_long_name": "Imperial Highway/Metrolink Station/C Lin",
            "route_type": 3,
            "route_color": "#9d3393",
            "route_text_color": "#ffffff",
            "route_sort_order": 4
          }
        ],
        "agency_name": "Norwalk Transit System"
      },
      "geometry": {
        "type": "Point",
        "coordinates": [
          -117.989015,
          33.917188
        ]
      }
    },
    {
      "type": "Feature",
      "properties": {
        "stop_id": "1120",
        "stop_code": "1120",
        "stop_name": "Imperial Highway and Hoxie Avenue- S/E C",
        "location_type": 0,
        "wheelchair_boarding": 0,
        "routes": [
          {
            "route_id": "2",
            "agency_id": "0",
            "route_short_name": "2",
            "route_long_name": "NSQ/C Line/Cerritos College/Cerritos Mal",
            "route_type": 3,
            "route_color": "#0083A8",
            "route_text_color": "#ffffff",
            "route_sort_order": 2
          },
          {
            "route_id": "4",
            "agency_id": "0",
            "route_short_name": "4",
            "route_long_name": "Imperial Highway/Metrolink Station/C Lin",
            "route_type": 3,
            "route_color": "#9d3393",
            "route_text_color": "#ffffff",
            "route_sort_order": 4
          }
        ],
        "agency_name": "Norwalk Transit System"
      },
      "geometry": {
        "type": "Point",
        "coordinates": [
          -118.103323,
          33.916342
        ]
      }
    },
    {
      "type": "Feature",
      "properties": {
        "stop_id": "1121",
        "stop_code": "1121",
        "stop_name": "Imperial Highway opposite Jersey Avenue",
        "location_type": 0,
        "wheelchair_boarding": 0,
        "routes": [
          {
            "route_id": "2",
            "agency_id": "0",
            "route_short_name": "2",
            "route_long_name": "NSQ/C Line/Cerritos College/Cerritos Mal",
            "route_type": 3,
            "route_color": "#0083A8",
            "route_text_color": "#ffffff",
            "route_sort_order": 2
          },
          {
            "route_id": "4",
            "agency_id": "0",
            "route_short_name": "4",
            "route_long_name": "Imperial Highway/Metrolink Station/C Lin",
            "route_type": 3,
            "route_color": "#9d3393",
            "route_text_color": "#ffffff",
            "route_sort_order": 4
          }
        ],
        "agency_name": "Norwalk Transit System"
      },
      "geometry": {
        "type": "Point",
        "coordinates": [
          -118.086466,
          33.916979
        ]
      }
    },
    {
      "type": "Feature",
      "properties": {
        "stop_id": "1122",
        "stop_code": "1122",
        "stop_name": "Imperial Highway and Jersey Avenue- N/E",
        "location_type": 0,
        "wheelchair_boarding": 0,
        "routes": [
          {
            "route_id": "2",
            "agency_id": "0",
            "route_short_name": "2",
            "route_long_name": "NSQ/C Line/Cerritos College/Cerritos Mal",
            "route_type": 3,
            "route_color": "#0083A8",
            "route_text_color": "#ffffff",
            "route_sort_order": 2
          },
          {
            "route_id": "4",
            "agency_id": "0",
            "route_short_name": "4",
            "route_long_name": "Imperial Highway/Metrolink Station/C Lin",
            "route_type": 3,
            "route_color": "#9d3393",
            "route_text_color": "#ffffff",
            "route_sort_order": 4
          }
        ],
        "agency_name": "Norwalk Transit System"
      },
      "geometry": {
        "type": "Point",
        "coordinates": [
          -118.08595,
          33.91721
        ]
      }
    },
    {
      "type": "Feature",
      "properties": {
        "stop_id": "1123",
        "stop_code": "1123",
        "stop_name": "Imperial Highway and La Mirada Boulevard",
        "location_type": 0,
        "wheelchair_boarding": 0,
        "routes": [
          {
            "route_id": "4",
            "agency_id": "0",
            "route_short_name": "4",
            "route_long_name": "Imperial Highway/Metrolink Station/C Lin",
            "route_type": 3,
            "route_color": "#9d3393",
            "route_text_color": "#ffffff",
            "route_sort_order": 4
          }
        ],
        "agency_name": "Norwalk Transit System"
      },
      "geometry": {
        "type": "Point",
        "coordinates": [
          -118.011448,
          33.91732
        ]
      }
    },
    {
      "type": "Feature",
      "properties": {
        "stop_id": "1124",
        "stop_code": "1124",
        "stop_name": "Imperial Highway and La Mirada Boulevard",
        "location_type": 0,
        "wheelchair_boarding": 0,
        "routes": [
          {
            "route_id": "4",
            "agency_id": "0",
            "route_short_name": "4",
            "route_long_name": "Imperial Highway/Metrolink Station/C Lin",
            "route_type": 3,
            "route_color": "#9d3393",
            "route_text_color": "#ffffff",
            "route_sort_order": 4
          }
        ],
        "agency_name": "Norwalk Transit System"
      },
      "geometry": {
        "type": "Point",
        "coordinates": [
          -118.011445,
          33.917071
        ]
      }
    },
    {
      "type": "Feature",
      "properties": {
        "stop_id": "1125",
        "stop_code": "1125",
        "stop_name": "Imperial Highway and Leffingwell Road -",
        "location_type": 0,
        "wheelchair_boarding": 0,
        "routes": [
          {
            "route_id": "4",
            "agency_id": "0",
            "route_short_name": "4",
            "route_long_name": "Imperial Highway/Metrolink Station/C Lin",
            "route_type": 3,
            "route_color": "#9d3393",
            "route_text_color": "#ffffff",
            "route_sort_order": 4
          }
        ],
        "agency_name": "Norwalk Transit System"
      },
      "geometry": {
        "type": "Point",
        "coordinates": [
          -118.049748,
          33.91682
        ]
      }
    },
    {
      "type": "Feature",
      "properties": {
        "stop_id": "1126",
        "stop_code": "1126",
        "stop_name": "Imperial Highway and Leffingwell Road- N",
        "location_type": 0,
        "wheelchair_boarding": 0,
        "routes": [
          {
            "route_id": "4",
            "agency_id": "0",
            "route_short_name": "4",
            "route_long_name": "Imperial Highway/Metrolink Station/C Lin",
            "route_type": 3,
            "route_color": "#9d3393",
            "route_text_color": "#ffffff",
            "route_sort_order": 4
          }
        ],
        "agency_name": "Norwalk Transit System"
      },
      "geometry": {
        "type": "Point",
        "coordinates": [
          -118.049812,
          33.917105
        ]
      }
    },
    {
      "type": "Feature",
      "properties": {
        "stop_id": "1128",
        "stop_code": "1128",
        "stop_name": "Imperial Highway and Market Place (West)",
        "location_type": 0,
        "wheelchair_boarding": 0,
        "routes": [
          {
            "route_id": "4",
            "agency_id": "0",
            "route_short_name": "4",
            "route_long_name": "Imperial Highway/Metrolink Station/C Lin",
            "route_type": 3,
            "route_color": "#9d3393",
            "route_text_color": "#ffffff",
            "route_sort_order": 4
          }
        ],
        "agency_name": "Norwalk Transit System"
      },
      "geometry": {
        "type": "Point",
        "coordinates": [
          -117.962654,
          33.917484
        ]
      }
    },
    {
      "type": "Feature",
      "properties": {
        "stop_id": "1129",
        "stop_code": "1129",
        "stop_name": "Imperial Highway and Meyer Road- N/W Cor",
        "location_type": 0,
        "wheelchair_boarding": 0,
        "routes": [
          {
            "route_id": "4",
            "agency_id": "0",
            "route_short_name": "4",
            "route_long_name": "Imperial Highway/Metrolink Station/C Lin",
            "route_type": 3,
            "route_color": "#9d3393",
            "route_text_color": "#ffffff",
            "route_sort_order": 4
          }
        ],
        "agency_name": "Norwalk Transit System"
      },
      "geometry": {
        "type": "Point",
        "coordinates": [
          -118.034523,
          33.917186
        ]
      }
    },
    {
      "type": "Feature",
      "properties": {
        "stop_id": "1130",
        "stop_code": "1130",
        "stop_name": "Imperial Highway and Meyer Road- S/W Cor",
        "location_type": 0,
        "wheelchair_boarding": 0,
        "routes": [
          {
            "route_id": "4",
            "agency_id": "0",
            "route_short_name": "4",
            "route_long_name": "Imperial Highway/Metrolink Station/C Lin",
            "route_type": 3,
            "route_color": "#9d3393",
            "route_text_color": "#ffffff",
            "route_sort_order": 4
          }
        ],
        "agency_name": "Norwalk Transit System"
      },
      "geometry": {
        "type": "Point",
        "coordinates": [
          -118.034084,
          33.916944
        ]
      }
    },
    {
      "type": "Feature",
      "properties": {
        "stop_id": "1131",
        "stop_code": "1131",
        "stop_name": "Imperial Highway and Ocaso Avenue- N/W C",
        "location_type": 0,
        "wheelchair_boarding": 0,
        "routes": [
          {
            "route_id": "4",
            "agency_id": "0",
            "route_short_name": "4",
            "route_long_name": "Imperial Highway/Metrolink Station/C Lin",
            "route_type": 3,
            "route_color": "#9d3393",
            "route_text_color": "#ffffff",
            "route_sort_order": 4
          }
        ],
        "agency_name": "Norwalk Transit System"
      },
      "geometry": {
        "type": "Point",
        "coordinates": [
          -118.003529,
          33.916634
        ]
      }
    },
    {
      "type": "Feature",
      "properties": {
        "stop_id": "1132",
        "stop_code": "1132",
        "stop_name": "Imperial Highway and Ocaso Avenue- S/W C",
        "location_type": 0,
        "wheelchair_boarding": 0,
        "routes": [
          {
            "route_id": "4",
            "agency_id": "0",
            "route_short_name": "4",
            "route_long_name": "Imperial Highway/Metrolink Station/C Lin",
            "route_type": 3,
            "route_color": "#9d3393",
            "route_text_color": "#ffffff",
            "route_sort_order": 4
          }
        ],
        "agency_name": "Norwalk Transit System"
      },
      "geometry": {
        "type": "Point",
        "coordinates": [
          -118.003385,
          33.916409
        ]
      }
    },
    {
      "type": "Feature",
      "properties": {
        "stop_id": "1133",
        "stop_code": "1133",
        "stop_name": "Imperial Highway and Orr and Day Road",
        "location_type": 0,
        "wheelchair_boarding": 0,
        "routes": [
          {
            "route_id": "2",
            "agency_id": "0",
            "route_short_name": "2",
            "route_long_name": "NSQ/C Line/Cerritos College/Cerritos Mal",
            "route_type": 3,
            "route_color": "#0083A8",
            "route_text_color": "#ffffff",
            "route_sort_order": 2
          },
          {
            "route_id": "4",
            "agency_id": "0",
            "route_short_name": "4",
            "route_long_name": "Imperial Highway/Metrolink Station/C Lin",
            "route_type": 3,
            "route_color": "#9d3393",
            "route_text_color": "#ffffff",
            "route_sort_order": 4
          },
          {
            "route_id": "7",
            "agency_id": "0",
            "route_short_name": "7",
            "route_long_name": "C Line Station/El Monte Station",
            "route_type": 3,
            "route_color": "#cf9f24",
            "route_text_color": "#ffffff",
            "route_sort_order": 7
          }
        ],
        "agency_name": "Norwalk Transit System"
      },
      "geometry": {
        "type": "Point",
        "coordinates": [
          -118.09079,
          33.916974
        ]
      }
    },
    {
      "type": "Feature",
      "properties": {
        "stop_id": "1134",
        "stop_code": "1134",
        "stop_name": "Imperial Highway and Oxford Drive- N/E C",
        "location_type": 0,
        "wheelchair_boarding": 0,
        "routes": [
          {
            "route_id": "4",
            "agency_id": "0",
            "route_short_name": "4",
            "route_long_name": "Imperial Highway/Metrolink Station/C Lin",
            "route_type": 3,
            "route_color": "#9d3393",
            "route_text_color": "#ffffff",
            "route_sort_order": 4
          }
        ],
        "agency_name": "Norwalk Transit System"
      },
      "geometry": {
        "type": "Point",
        "coordinates": [
          -117.998781,
          33.917388
        ]
      }
    },
    {
      "type": "Feature",
      "properties": {
        "stop_id": "1135",
        "stop_code": "1135",
        "stop_name": "Imperial Highway and Oxford Drive- S/W C",
        "location_type": 0,
        "wheelchair_boarding": 0,
        "routes": [
          {
            "route_id": "4",
            "agency_id": "0",
            "route_short_name": "4",
            "route_long_name": "Imperial Highway/Metrolink Station/C Lin",
            "route_type": 3,
            "route_color": "#9d3393",
            "route_text_color": "#ffffff",
            "route_sort_order": 4
          }
        ],
        "agency_name": "Norwalk Transit System"
      },
      "geometry": {
        "type": "Point",
        "coordinates": [
          -117.999129,
          33.91713
        ]
      }
    },
    {
      "type": "Feature",
      "properties": {
        "stop_id": "1136",
        "stop_code": "1136",
        "stop_name": "Imperial Highway and Paddison Avenue- N/",
        "location_type": 0,
        "wheelchair_boarding": 0,
        "routes": [
          {
            "route_id": "2",
            "agency_id": "0",
            "route_short_name": "2",
            "route_long_name": "NSQ/C Line/Cerritos College/Cerritos Mal",
            "route_type": 3,
            "route_color": "#0083A8",
            "route_text_color": "#ffffff",
            "route_sort_order": 2
          },
          {
            "route_id": "4",
            "agency_id": "0",
            "route_short_name": "4",
            "route_long_name": "Imperial Highway/Metrolink Station/C Lin",
            "route_type": 3,
            "route_color": "#9d3393",
            "route_text_color": "#ffffff",
            "route_sort_order": 4
          }
        ],
        "agency_name": "Norwalk Transit System"
      },
      "geometry": {
        "type": "Point",
        "coordinates": [
          -118.076615,
          33.91727
        ]
      }
    },
    {
      "type": "Feature",
      "properties": {
        "stop_id": "1137",
        "stop_code": "1137",
        "stop_name": "Imperial Highway and Paddison Avenue- S/",
        "location_type": 0,
        "wheelchair_boarding": 0,
        "routes": [
          {
            "route_id": "2",
            "agency_id": "0",
            "route_short_name": "2",
            "route_long_name": "NSQ/C Line/Cerritos College/Cerritos Mal",
            "route_type": 3,
            "route_color": "#0083A8",
            "route_text_color": "#ffffff",
            "route_sort_order": 2
          },
          {
            "route_id": "4",
            "agency_id": "0",
            "route_short_name": "4",
            "route_long_name": "Imperial Highway/Metrolink Station/C Lin",
            "route_type": 3,
            "route_color": "#9d3393",
            "route_text_color": "#ffffff",
            "route_sort_order": 4
          }
        ],
        "agency_name": "Norwalk Transit System"
      },
      "geometry": {
        "type": "Point",
        "coordinates": [
          -118.077197,
          33.916962
        ]
      }
    },
    {
      "type": "Feature",
      "properties": {
        "stop_id": "1138",
        "stop_code": "1138",
        "stop_name": "Imperial Highway and Shoemaker Avenue- N",
        "location_type": 0,
        "wheelchair_boarding": 0,
        "routes": [
          {
            "route_id": "4",
            "agency_id": "0",
            "route_short_name": "4",
            "route_long_name": "Imperial Highway/Metrolink Station/C Lin",
            "route_type": 3,
            "route_color": "#9d3393",
            "route_text_color": "#ffffff",
            "route_sort_order": 4
          }
        ],
        "agency_name": "Norwalk Transit System"
      },
      "geometry": {
        "type": "Point",
        "coordinates": [
          -118.054974,
          33.917178
        ]
      }
    },
    {
      "type": "Feature",
      "properties": {
        "stop_id": "1139",
        "stop_code": "1139",
        "stop_name": "Imperial Highway and Shoemaker Avenue- S",
        "location_type": 0,
        "wheelchair_boarding": 0,
        "routes": [
          {
            "route_id": "4",
            "agency_id": "0",
            "route_short_name": "4",
            "route_long_name": "Imperial Highway/Metrolink Station/C Lin",
            "route_type": 3,
            "route_color": "#9d3393",
            "route_text_color": "#ffffff",
            "route_sort_order": 4
          }
        ],
        "agency_name": "Norwalk Transit System"
      },
      "geometry": {
        "type": "Point",
        "coordinates": [
          -118.054857,
          33.916913
        ]
      }
    },
    {
      "type": "Feature",
      "properties": {
        "stop_id": "1140",
        "stop_code": "1140",
        "stop_name": "Imperial Highway and Springview Drive- N",
        "location_type": 0,
        "wheelchair_boarding": 0,
        "routes": [
          {
            "route_id": "4",
            "agency_id": "0",
            "route_short_name": "4",
            "route_long_name": "Imperial Highway/Metrolink Station/C Lin",
            "route_type": 3,
            "route_color": "#9d3393",
            "route_text_color": "#ffffff",
            "route_sort_order": 4
          }
        ],
        "agency_name": "Norwalk Transit System"
      },
      "geometry": {
        "type": "Point",
        "coordinates": [
          -118.020442,
          33.917256
        ]
      }
    },
    {
      "type": "Feature",
      "properties": {
        "stop_id": "1141",
        "stop_code": "1141",
        "stop_name": "Imperial Highway and Studebaker Road- N/",
        "location_type": 0,
        "wheelchair_boarding": 0,
        "routes": [
          {
            "route_id": "2",
            "agency_id": "0",
            "route_short_name": "2",
            "route_long_name": "NSQ/C Line/Cerritos College/Cerritos Mal",
            "route_type": 3,
            "route_color": "#0083A8",
            "route_text_color": "#ffffff",
            "route_sort_order": 2
          },
          {
            "route_id": "4",
            "agency_id": "0",
            "route_short_name": "4",
            "route_long_name": "Imperial Highway/Metrolink Station/C Lin",
            "route_type": 3,
            "route_color": "#9d3393",
            "route_text_color": "#ffffff",
            "route_sort_order": 4
          }
        ],
        "agency_name": "Norwalk Transit System"
      },
      "geometry": {
        "type": "Point",
        "coordinates": [
          -118.100004,
          33.917219
        ]
      }
    },
    {
      "type": "Feature",
      "properties": {
        "stop_id": "1142",
        "stop_code": "1142",
        "stop_name": "Imperial Highway and Studebaker Road-S/E",
        "location_type": 0,
        "wheelchair_boarding": 0,
        "routes": [
          {
            "route_id": "2",
            "agency_id": "0",
            "route_short_name": "2",
            "route_long_name": "NSQ/C Line/Cerritos College/Cerritos Mal",
            "route_type": 3,
            "route_color": "#0083A8",
            "route_text_color": "#ffffff",
            "route_sort_order": 2
          },
          {
            "route_id": "4",
            "agency_id": "0",
            "route_short_name": "4",
            "route_long_name": "Imperial Highway/Metrolink Station/C Lin",
            "route_type": 3,
            "route_color": "#9d3393",
            "route_text_color": "#ffffff",
            "route_sort_order": 4
          },
          {
            "route_id": "7",
            "agency_id": "0",
            "route_short_name": "7",
            "route_long_name": "C Line Station/El Monte Station",
            "route_type": 3,
            "route_color": "#cf9f24",
            "route_text_color": "#ffffff",
            "route_sort_order": 7
          }
        ],
        "agency_name": "Norwalk Transit System"
      },
      "geometry": {
        "type": "Point",
        "coordinates": [
          -118.09867,
          33.91694
        ]
      }
    },
    {
      "type": "Feature",
      "properties": {
        "stop_id": "1143",
        "stop_code": "1143",
        "stop_name": "Imperial Highway and Tigrina Avenue- N/E",
        "location_type": 0,
        "wheelchair_boarding": 0,
        "routes": [
          {
            "route_id": "4",
            "agency_id": "0",
            "route_short_name": "4",
            "route_long_name": "Imperial Highway/Metrolink Station/C Lin",
            "route_type": 3,
            "route_color": "#9d3393",
            "route_text_color": "#ffffff",
            "route_sort_order": 4
          }
        ],
        "agency_name": "Norwalk Transit System"
      },
      "geometry": {
        "type": "Point",
        "coordinates": [
          -117.98053,
          33.917465
        ]
      }
    },
    {
      "type": "Feature",
      "properties": {
        "stop_id": "1144",
        "stop_code": "1144",
        "stop_name": "Imperial Highway and Tigrina Avenue- S/W",
        "location_type": 0,
        "wheelchair_boarding": 0,
        "routes": [
          {
            "route_id": "4",
            "agency_id": "0",
            "route_short_name": "4",
            "route_long_name": "Imperial Highway/Metrolink Station/C Lin",
            "route_type": 3,
            "route_color": "#9d3393",
            "route_text_color": "#ffffff",
            "route_sort_order": 4
          }
        ],
        "agency_name": "Norwalk Transit System"
      },
      "geometry": {
        "type": "Point",
        "coordinates": [
          -117.980998,
          33.917229
        ]
      }
    },
    {
      "type": "Feature",
      "properties": {
        "stop_id": "1145",
        "stop_code": "1145",
        "stop_name": "Imperial Highway and Valley View Avenue-",
        "location_type": 0,
        "wheelchair_boarding": 0,
        "routes": [
          {
            "route_id": "4",
            "agency_id": "0",
            "route_short_name": "4",
            "route_long_name": "Imperial Highway/Metrolink Station/C Lin",
            "route_type": 3,
            "route_color": "#9d3393",
            "route_text_color": "#ffffff",
            "route_sort_order": 4
          }
        ],
        "agency_name": "Norwalk Transit System"
      },
      "geometry": {
        "type": "Point",
        "coordinates": [
          -118.02977,
          33.917214
        ]
      }
    },
    {
      "type": "Feature",
      "properties": {
        "stop_id": "1146",
        "stop_code": "1146",
        "stop_name": "Imperial Highway and Valley View Avenue-",
        "location_type": 0,
        "wheelchair_boarding": 0,
        "routes": [
          {
            "route_id": "4",
            "agency_id": "0",
            "route_short_name": "4",
            "route_long_name": "Imperial Highway/Metrolink Station/C Lin",
            "route_type": 3,
            "route_color": "#9d3393",
            "route_text_color": "#ffffff",
            "route_sort_order": 4
          }
        ],
        "agency_name": "Norwalk Transit System"
      },
      "geometry": {
        "type": "Point",
        "coordinates": [
          -118.029779,
          33.916963
        ]
      }
    },
    {
      "type": "Feature",
      "properties": {
        "stop_id": "1147",
        "stop_code": "1147",
        "stop_name": "Imperial Highway and Volunteer Avenue- N",
        "location_type": 0,
        "wheelchair_boarding": 0,
        "routes": [
          {
            "route_id": "4",
            "agency_id": "0",
            "route_short_name": "4",
            "route_long_name": "Imperial Highway/Metrolink Station/C Lin",
            "route_type": 3,
            "route_color": "#9d3393",
            "route_text_color": "#ffffff",
            "route_sort_order": 4
          }
        ],
        "agency_name": "Norwalk Transit System"
      },
      "geometry": {
        "type": "Point",
        "coordinates": [
          -118.069018,
          33.917259
        ]
      }
    },
    {
      "type": "Feature",
      "properties": {
        "stop_id": "1148",
        "stop_code": "1148",
        "stop_name": "Imperial Highway and Volunteer Avenue- S",
        "location_type": 0,
        "wheelchair_boarding": 0,
        "routes": [
          {
            "route_id": "4",
            "agency_id": "0",
            "route_short_name": "4",
            "route_long_name": "Imperial Highway/Metrolink Station/C Lin",
            "route_type": 3,
            "route_color": "#9d3393",
            "route_text_color": "#ffffff",
            "route_sort_order": 4
          }
        ],
        "agency_name": "Norwalk Transit System"
      },
      "geometry": {
        "type": "Point",
        "coordinates": [
          -118.068395,
          33.917018
        ]
      }
    },
    {
      "type": "Feature",
      "properties": {
        "stop_id": "1149",
        "stop_code": "1149",
        "stop_name": "Beach/Imperial",
        "location_type": 0,
        "wheelchair_boarding": 0,
        "routes": [
          {
            "route_id": "4",
            "agency_id": "0",
            "route_short_name": "4",
            "route_long_name": "Imperial Highway/Metrolink Station/C Lin",
            "route_type": 3,
            "route_color": "#9d3393",
            "route_text_color": "#ffffff",
            "route_sort_order": 4
          }
        ],
        "agency_name": "Norwalk Transit System"
      },
      "geometry": {
        "type": "Point",
        "coordinates": [
          -117.967741,
          33.91779
        ]
      }
    },
    {
      "type": "Feature",
      "properties": {
        "stop_id": "1150",
        "stop_code": "1150",
        "stop_name": "Imperial/Firestone",
        "location_type": 0,
        "wheelchair_boarding": 0,
        "routes": [
          {
            "route_id": "2",
            "agency_id": "0",
            "route_short_name": "2",
            "route_long_name": "NSQ/C Line/Cerritos College/Cerritos Mal",
            "route_type": 3,
            "route_color": "#0083A8",
            "route_text_color": "#ffffff",
            "route_sort_order": 2
          },
          {
            "route_id": "4",
            "agency_id": "0",
            "route_short_name": "4",
            "route_long_name": "Imperial Highway/Metrolink Station/C Lin",
            "route_type": 3,
            "route_color": "#9d3393",
            "route_text_color": "#ffffff",
            "route_sort_order": 4
          },
          {
            "route_id": "7",
            "agency_id": "0",
            "route_short_name": "7",
            "route_long_name": "C Line Station/El Monte Station",
            "route_type": 3,
            "route_color": "#cf9f24",
            "route_text_color": "#ffffff",
            "route_sort_order": 7
          }
        ],
        "agency_name": "Norwalk Transit System"
      },
      "geometry": {
        "type": "Point",
        "coordinates": [
          -118.090745,
          33.917221
        ]
      }
    },
    {
      "type": "Feature",
      "properties": {
        "stop_id": "1151",
        "stop_code": "1151",
        "stop_name": "Imperial/Idaho",
        "location_type": 0,
        "wheelchair_boarding": 0,
        "routes": [
          {
            "route_id": "4",
            "agency_id": "0",
            "route_short_name": "4",
            "route_long_name": "Imperial Highway/Metrolink Station/C Lin",
            "route_type": 3,
            "route_color": "#9d3393",
            "route_text_color": "#ffffff",
            "route_sort_order": 4
          }
        ],
        "agency_name": "Norwalk Transit System"
      },
      "geometry": {
        "type": "Point",
        "coordinates": [
          -117.959928,
          33.917482
        ]
      }
    },
    {
      "type": "Feature",
      "properties": {
        "stop_id": "1152",
        "stop_code": "1152",
        "stop_name": "Imperial/Norwalk",
        "location_type": 0,
        "wheelchair_boarding": 0,
        "routes": [
          {
            "route_id": "2",
            "agency_id": "0",
            "route_short_name": "2",
            "route_long_name": "NSQ/C Line/Cerritos College/Cerritos Mal",
            "route_type": 3,
            "route_color": "#0083A8",
            "route_text_color": "#ffffff",
            "route_sort_order": 2
          },
          {
            "route_id": "4",
            "agency_id": "0",
            "route_short_name": "4",
            "route_long_name": "Imperial Highway/Metrolink Station/C Lin",
            "route_type": 3,
            "route_color": "#9d3393",
            "route_text_color": "#ffffff",
            "route_sort_order": 4
          }
        ],
        "agency_name": "Norwalk Transit System"
      },
      "geometry": {
        "type": "Point",
        "coordinates": [
          -118.074493,
          33.916998
        ]
      }
    },
    {
      "type": "Feature",
      "properties": {
        "stop_id": "1153",
        "stop_code": "1153",
        "stop_name": "Imperial/Norwalk",
        "location_type": 0,
        "wheelchair_boarding": 0,
        "routes": [
          {
            "route_id": "2",
            "agency_id": "0",
            "route_short_name": "2",
            "route_long_name": "NSQ/C Line/Cerritos College/Cerritos Mal",
            "route_type": 3,
            "route_color": "#0083A8",
            "route_text_color": "#ffffff",
            "route_sort_order": 2
          },
          {
            "route_id": "4",
            "agency_id": "0",
            "route_short_name": "4",
            "route_long_name": "Imperial Highway/Metrolink Station/C Lin",
            "route_type": 3,
            "route_color": "#9d3393",
            "route_text_color": "#ffffff",
            "route_sort_order": 4
          }
        ],
        "agency_name": "Norwalk Transit System"
      },
      "geometry": {
        "type": "Point",
        "coordinates": [
          -118.074008,
          33.917278
        ]
      }
    },
    {
      "type": "Feature",
      "properties": {
        "stop_id": "1154",
        "stop_code": "1154",
        "stop_name": "Imperial/Norwalk",
        "location_type": 0,
        "wheelchair_boarding": 0,
        "routes": [
          {
            "route_id": "4",
            "agency_id": "0",
            "route_short_name": "4",
            "route_long_name": "Imperial Highway/Metrolink Station/C Lin",
            "route_type": 3,
            "route_color": "#9d3393",
            "route_text_color": "#ffffff",
            "route_sort_order": 4
          }
        ],
        "agency_name": "Norwalk Transit System"
      },
      "geometry": {
        "type": "Point",
        "coordinates": [
          -118.071613,
          33.916953
        ]
      }
    },
    {
      "type": "Feature",
      "properties": {
        "stop_id": "1155",
        "stop_code": "1155",
        "stop_name": "Imperial/Pioneer",
        "location_type": 0,
        "wheelchair_boarding": 0,
        "routes": [
          {
            "route_id": "2",
            "agency_id": "0",
            "route_short_name": "2",
            "route_long_name": "NSQ/C Line/Cerritos College/Cerritos Mal",
            "route_type": 3,
            "route_color": "#0083A8",
            "route_text_color": "#ffffff",
            "route_sort_order": 2
          },
          {
            "route_id": "4",
            "agency_id": "0",
            "route_short_name": "4",
            "route_long_name": "Imperial Highway/Metrolink Station/C Lin",
            "route_type": 3,
            "route_color": "#9d3393",
            "route_text_color": "#ffffff",
            "route_sort_order": 4
          }
        ],
        "agency_name": "Norwalk Transit System"
      },
      "geometry": {
        "type": "Point",
        "coordinates": [
          -118.082594,
          33.917244
        ]
      }
    },
    {
      "type": "Feature",
      "properties": {
        "stop_id": "1156",
        "stop_code": "1156",
        "stop_name": "Imperial/Pioneer",
        "location_type": 0,
        "wheelchair_boarding": 0,
        "routes": [
          {
            "route_id": "2",
            "agency_id": "0",
            "route_short_name": "2",
            "route_long_name": "NSQ/C Line/Cerritos College/Cerritos Mal",
            "route_type": 3,
            "route_color": "#0083A8",
            "route_text_color": "#ffffff",
            "route_sort_order": 2
          },
          {
            "route_id": "4",
            "agency_id": "0",
            "route_short_name": "4",
            "route_long_name": "Imperial Highway/Metrolink Station/C Lin",
            "route_type": 3,
            "route_color": "#9d3393",
            "route_text_color": "#ffffff",
            "route_sort_order": 4
          }
        ],
        "agency_name": "Norwalk Transit System"
      },
      "geometry": {
        "type": "Point",
        "coordinates": [
          -118.082136,
          33.916949
        ]
      }
    },
    {
      "type": "Feature",
      "properties": {
        "stop_id": "1157",
        "stop_code": "1157",
        "stop_name": "Imperial/Santa Gertrudes",
        "location_type": 0,
        "wheelchair_boarding": 0,
        "routes": [
          {
            "route_id": "4",
            "agency_id": "0",
            "route_short_name": "4",
            "route_long_name": "Imperial Highway/Metrolink Station/C Lin",
            "route_type": 3,
            "route_color": "#9d3393",
            "route_text_color": "#ffffff",
            "route_sort_order": 4
          }
        ],
        "agency_name": "Norwalk Transit System"
      },
      "geometry": {
        "type": "Point",
        "coordinates": [
          -117.994917,
          33.917403
        ]
      }
    },
    {
      "type": "Feature",
      "properties": {
        "stop_id": "1158",
        "stop_code": "1158",
        "stop_name": "Imperial/Santa Gertrudes",
        "location_type": 0,
        "wheelchair_boarding": 0,
        "routes": [
          {
            "route_id": "4",
            "agency_id": "0",
            "route_short_name": "4",
            "route_long_name": "Imperial Highway/Metrolink Station/C Lin",
            "route_type": 3,
            "route_color": "#9d3393",
            "route_text_color": "#ffffff",
            "route_sort_order": 4
          }
        ],
        "agency_name": "Norwalk Transit System"
      },
      "geometry": {
        "type": "Point",
        "coordinates": [
          -117.994723,
          33.91715
        ]
      }
    },
    {
      "type": "Feature",
      "properties": {
        "stop_id": "1159",
        "stop_code": "1159",
        "stop_name": "La Mirada Boulevard and Ocaso Avenue S/E",
        "location_type": 0,
        "wheelchair_boarding": 0,
        "routes": [
          {
            "route_id": "5",
            "agency_id": "0",
            "route_short_name": "5",
            "route_long_name": "C Line Station To/From La Mirada Via Ros",
            "route_type": 3,
            "route_color": "#00a0af",
            "route_text_color": "#ffffff",
            "route_sort_order": 5
          }
        ],
        "agency_name": "Norwalk Transit System"
      },
      "geometry": {
        "type": "Point",
        "coordinates": [
          -118.003622,
          33.891737
        ]
      }
    },
    {
      "type": "Feature",
      "properties": {
        "stop_id": "1160",
        "stop_code": "1160",
        "stop_name": "Lakeland Road and Arlee Avenue - S/W Cor",
        "location_type": 0,
        "wheelchair_boarding": 0,
        "routes": [
          {
            "route_id": "3",
            "agency_id": "0",
            "route_short_name": "3",
            "route_long_name": "Gateway Plaza/Norwalk/166th Street",
            "route_type": 3,
            "route_color": "#333092",
            "route_text_color": "#ffffff",
            "route_sort_order": 3
          }
        ],
        "agency_name": "Norwalk Transit System"
      },
      "geometry": {
        "type": "Point",
        "coordinates": [
          -118.08076,
          33.931602
        ]
      }
    },
    {
      "type": "Feature",
      "properties": {
        "stop_id": "1161",
        "stop_code": "1161",
        "stop_name": "Lakeland Road and Fulton Wells Avenue",
        "location_type": 0,
        "wheelchair_boarding": 0,
        "routes": [
          {
            "route_id": "3",
            "agency_id": "0",
            "route_short_name": "3",
            "route_long_name": "Gateway Plaza/Norwalk/166th Street",
            "route_type": 3,
            "route_color": "#333092",
            "route_text_color": "#ffffff",
            "route_sort_order": 3
          }
        ],
        "agency_name": "Norwalk Transit System"
      },
      "geometry": {
        "type": "Point",
        "coordinates": [
          -118.076567,
          33.931752
        ]
      }
    },
    {
      "type": "Feature",
      "properties": {
        "stop_id": "1162",
        "stop_code": "1162",
        "stop_name": "Lakeland Road and Lakeland Road Villa",
        "location_type": 0,
        "wheelchair_boarding": 0,
        "routes": [
          {
            "route_id": "3",
            "agency_id": "0",
            "route_short_name": "3",
            "route_long_name": "Gateway Plaza/Norwalk/166th Street",
            "route_type": 3,
            "route_color": "#333092",
            "route_text_color": "#ffffff",
            "route_sort_order": 3
          }
        ],
        "agency_name": "Norwalk Transit System"
      },
      "geometry": {
        "type": "Point",
        "coordinates": [
          -118.074223,
          33.931745
        ]
      }
    },
    {
      "type": "Feature",
      "properties": {
        "stop_id": "1163",
        "stop_code": "1163",
        "stop_name": "Lakeland Road and Paddison Avenue - S/E",
        "location_type": 0,
        "wheelchair_boarding": 0,
        "routes": [
          {
            "route_id": "3",
            "agency_id": "0",
            "route_short_name": "3",
            "route_long_name": "Gateway Plaza/Norwalk/166th Street",
            "route_type": 3,
            "route_color": "#333092",
            "route_text_color": "#ffffff",
            "route_sort_order": 3
          }
        ],
        "agency_name": "Norwalk Transit System"
      },
      "geometry": {
        "type": "Point",
        "coordinates": [
          -118.076883,
          33.931617
        ]
      }
    },
    {
      "type": "Feature",
      "properties": {
        "stop_id": "1164",
        "stop_code": "1164",
        "stop_name": "Lakeland Road and Pioneer Boulevard",
        "location_type": 0,
        "wheelchair_boarding": 0,
        "routes": [
          {
            "route_id": "3",
            "agency_id": "0",
            "route_short_name": "3",
            "route_long_name": "Gateway Plaza/Norwalk/166th Street",
            "route_type": 3,
            "route_color": "#333092",
            "route_text_color": "#ffffff",
            "route_sort_order": 3
          }
        ],
        "agency_name": "Norwalk Transit System"
      },
      "geometry": {
        "type": "Point",
        "coordinates": [
          -118.081462,
          33.931738
        ]
      }
    },
    {
      "type": "Feature",
      "properties": {
        "stop_id": "1165",
        "stop_code": "1165",
        "stop_name": "Lakeland Road opposite Bombardier Avenue",
        "location_type": 0,
        "wheelchair_boarding": 0,
        "routes": [
          {
            "route_id": "3",
            "agency_id": "0",
            "route_short_name": "3",
            "route_long_name": "Gateway Plaza/Norwalk/166th Street",
            "route_type": 3,
            "route_color": "#333092",
            "route_text_color": "#ffffff",
            "route_sort_order": 3
          }
        ],
        "agency_name": "Norwalk Transit System"
      },
      "geometry": {
        "type": "Point",
        "coordinates": [
          -118.080033,
          33.931736
        ]
      }
    },
    {
      "type": "Feature",
      "properties": {
        "stop_id": "1166",
        "stop_code": "1166",
        "stop_name": "Lambert Road and Beach Boulevard- S/E Co",
        "location_type": 0,
        "wheelchair_boarding": 0,
        "routes": [
          {
            "route_id": "4",
            "agency_id": "0",
            "route_short_name": "4",
            "route_long_name": "Imperial Highway/Metrolink Station/C Lin",
            "route_type": 3,
            "route_color": "#9d3393",
            "route_text_color": "#ffffff",
            "route_sort_order": 4
          }
        ],
        "agency_name": "Norwalk Transit System"
      },
      "geometry": {
        "type": "Point",
        "coordinates": [
          -117.967263,
          33.924476
        ]
      }
    },
    {
      "type": "Feature",
      "properties": {
        "stop_id": "1167",
        "stop_code": "1167",
        "stop_name": "Lambert Road and Idaho Street- S/W Corne",
        "location_type": 0,
        "wheelchair_boarding": 0,
        "routes": [
          {
            "route_id": "4",
            "agency_id": "0",
            "route_short_name": "4",
            "route_long_name": "Imperial Highway/Metrolink Station/C Lin",
            "route_type": 3,
            "route_color": "#9d3393",
            "route_text_color": "#ffffff",
            "route_sort_order": 4
          }
        ],
        "agency_name": "Norwalk Transit System"
      },
      "geometry": {
        "type": "Point",
        "coordinates": [
          -117.95942,
          33.924454
        ]
      }
    },
    {
      "type": "Feature",
      "properties": {
        "stop_id": "1168",
        "stop_code": "1168",
        "stop_name": "Lambert Road and Santa Fe Springs Road",
        "location_type": 0,
        "wheelchair_boarding": 0,
        "routes": [
          {
            "route_id": "7",
            "agency_id": "0",
            "route_short_name": "7",
            "route_long_name": "C Line Station/El Monte Station",
            "route_type": 3,
            "route_color": "#cf9f24",
            "route_text_color": "#ffffff",
            "route_sort_order": 7
          }
        ],
        "agency_name": "Norwalk Transit System"
      },
      "geometry": {
        "type": "Point",
        "coordinates": [
          -118.046222,
          33.964036
        ]
      }
    },
    {
      "type": "Feature",
      "properties": {
        "stop_id": "1169",
        "stop_code": "1169",
        "stop_name": "Lambert Road and Santa Fe Springs Road",
        "location_type": 0,
        "wheelchair_boarding": 0,
        "routes": [
          {
            "route_id": "7",
            "agency_id": "0",
            "route_short_name": "7",
            "route_long_name": "C Line Station/El Monte Station",
            "route_type": 3,
            "route_color": "#cf9f24",
            "route_text_color": "#ffffff",
            "route_sort_order": 7
          }
        ],
        "agency_name": "Norwalk Transit System"
      },
      "geometry": {
        "type": "Point",
        "coordinates": [
          -118.046081,
          33.964264
        ]
      }
    },
    {
      "type": "Feature",
      "properties": {
        "stop_id": "1170",
        "stop_code": "1170",
        "stop_name": "Lambert Road and Washington Boulevard",
        "location_type": 0,
        "wheelchair_boarding": 0,
        "routes": [
          {
            "route_id": "7",
            "agency_id": "0",
            "route_short_name": "7",
            "route_long_name": "C Line Station/El Monte Station",
            "route_type": 3,
            "route_color": "#cf9f24",
            "route_text_color": "#ffffff",
            "route_sort_order": 7
          }
        ],
        "agency_name": "Norwalk Transit System"
      },
      "geometry": {
        "type": "Point",
        "coordinates": [
          -118.048047,
          33.966999
        ]
      }
    },
    {
      "type": "Feature",
      "properties": {
        "stop_id": "1171",
        "stop_code": "1171",
        "stop_name": "Lambert Road and Whitebrook Drive- S/E C",
        "location_type": 0,
        "wheelchair_boarding": 0,
        "routes": [
          {
            "route_id": "4",
            "agency_id": "0",
            "route_short_name": "4",
            "route_long_name": "Imperial Highway/Metrolink Station/C Lin",
            "route_type": 3,
            "route_color": "#9d3393",
            "route_text_color": "#ffffff",
            "route_sort_order": 4
          }
        ],
        "agency_name": "Norwalk Transit System"
      },
      "geometry": {
        "type": "Point",
        "coordinates": [
          -117.962079,
          33.924463
        ]
      }
    },
    {
      "type": "Feature",
      "properties": {
        "stop_id": "1172",
        "stop_code": "1172",
        "stop_name": "Mar Vista Street and Washington Boulevar",
        "location_type": 0,
        "wheelchair_boarding": 0,
        "routes": [
          {
            "route_id": "7",
            "agency_id": "0",
            "route_short_name": "7",
            "route_long_name": "C Line Station/El Monte Station",
            "route_type": 3,
            "route_color": "#cf9f24",
            "route_text_color": "#ffffff",
            "route_sort_order": 7
          }
        ],
        "agency_name": "Norwalk Transit System"
      },
      "geometry": {
        "type": "Point",
        "coordinates": [
          -118.034665,
          33.973539
        ]
      }
    },
    {
      "type": "Feature",
      "properties": {
        "stop_id": "1173",
        "stop_code": "1173",
        "stop_name": "Mar Vista Street/Greenleaf",
        "location_type": 0,
        "wheelchair_boarding": 0,
        "routes": [
          {
            "route_id": "7",
            "agency_id": "0",
            "route_short_name": "7",
            "route_long_name": "C Line Station/El Monte Station",
            "route_type": 3,
            "route_color": "#cf9f24",
            "route_text_color": "#ffffff",
            "route_sort_order": 7
          }
        ],
        "agency_name": "Norwalk Transit System"
      },
      "geometry": {
        "type": "Point",
        "coordinates": [
          -118.037139,
          33.973784
        ]
      }
    },
    {
      "type": "Feature",
      "properties": {
        "stop_id": "1174",
        "stop_code": "1174",
        "stop_name": "Mar Vista/Greenleaf",
        "location_type": 0,
        "wheelchair_boarding": 0,
        "routes": [
          {
            "route_id": "7",
            "agency_id": "0",
            "route_short_name": "7",
            "route_long_name": "C Line Station/El Monte Station",
            "route_type": 3,
            "route_color": "#cf9f24",
            "route_text_color": "#ffffff",
            "route_sort_order": 7
          }
        ],
        "agency_name": "Norwalk Transit System"
      },
      "geometry": {
        "type": "Point",
        "coordinates": [
          -118.03774,
          33.973567
        ]
      }
    },
    {
      "type": "Feature",
      "properties": {
        "stop_id": "1175",
        "stop_code": "1175",
        "stop_name": "Metrolink Station",
        "location_type": 0,
        "wheelchair_boarding": 0,
        "routes": [
          {
            "route_id": "4",
            "agency_id": "0",
            "route_short_name": "4",
            "route_long_name": "Imperial Highway/Metrolink Station/C Lin",
            "route_type": 3,
            "route_color": "#9d3393",
            "route_text_color": "#ffffff",
            "route_sort_order": 4
          }
        ],
        "agency_name": "Norwalk Transit System"
      },
      "geometry": {
        "type": "Point",
        "coordinates": [
          -118.060726,
          33.916536
        ]
      }
    },
    {
      "type": "Feature",
      "properties": {
        "stop_id": "1176",
        "stop_code": "1176",
        "stop_name": "Norwalk Boulevard and 161st Street  (Cor",
        "location_type": 0,
        "wheelchair_boarding": 0,
        "routes": [
          {
            "route_id": "3",
            "agency_id": "0",
            "route_short_name": "3",
            "route_long_name": "Gateway Plaza/Norwalk/166th Street",
            "route_type": 3,
            "route_color": "#333092",
            "route_text_color": "#ffffff",
            "route_sort_order": 3
          }
        ],
        "agency_name": "Norwalk Transit System"
      },
      "geometry": {
        "type": "Point",
        "coordinates": [
          -118.072919,
          33.884191
        ]
      }
    },
    {
      "type": "Feature",
      "properties": {
        "stop_id": "1177",
        "stop_code": "1177",
        "stop_name": "Norwalk Boulevard and Aegean Street",
        "location_type": 0,
        "wheelchair_boarding": 0,
        "routes": [
          {
            "route_id": "1",
            "agency_id": "0",
            "route_short_name": "1",
            "route_long_name": "Rio Hondo/Bellflower",
            "route_type": 3,
            "route_color": "#D11141",
            "route_text_color": "#ffffff",
            "route_sort_order": 1
          },
          {
            "route_id": "3",
            "agency_id": "0",
            "route_short_name": "3",
            "route_long_name": "Gateway Plaza/Norwalk/166th Street",
            "route_type": 3,
            "route_color": "#333092",
            "route_text_color": "#ffffff",
            "route_sort_order": 3
          }
        ],
        "agency_name": "Norwalk Transit System"
      },
      "geometry": {
        "type": "Point",
        "coordinates": [
          -118.072508,
          33.923278
        ]
      }
    },
    {
      "type": "Feature",
      "properties": {
        "stop_id": "1178",
        "stop_code": "1178",
        "stop_name": "Norwalk Boulevard and Aegean Street- S/W",
        "location_type": 0,
        "wheelchair_boarding": 0,
        "routes": [
          {
            "route_id": "1",
            "agency_id": "0",
            "route_short_name": "1",
            "route_long_name": "Rio Hondo/Bellflower",
            "route_type": 3,
            "route_color": "#D11141",
            "route_text_color": "#ffffff",
            "route_sort_order": 1
          },
          {
            "route_id": "3",
            "agency_id": "0",
            "route_short_name": "3",
            "route_long_name": "Gateway Plaza/Norwalk/166th Street",
            "route_type": 3,
            "route_color": "#333092",
            "route_text_color": "#ffffff",
            "route_sort_order": 3
          }
        ],
        "agency_name": "Norwalk Transit System"
      },
      "geometry": {
        "type": "Point",
        "coordinates": [
          -118.072792,
          33.923505
        ]
      }
    },
    {
      "type": "Feature",
      "properties": {
        "stop_id": "1179",
        "stop_code": "1179",
        "stop_name": "Norwalk Boulevard and Aldrich Street- N/",
        "location_type": 0,
        "wheelchair_boarding": 0,
        "routes": [
          {
            "route_id": "1",
            "agency_id": "0",
            "route_short_name": "1",
            "route_long_name": "Rio Hondo/Bellflower",
            "route_type": 3,
            "route_color": "#D11141",
            "route_text_color": "#ffffff",
            "route_sort_order": 1
          }
        ],
        "agency_name": "Norwalk Transit System"
      },
      "geometry": {
        "type": "Point",
        "coordinates": [
          -118.07053,
          33.983526
        ]
      }
    },
    {
      "type": "Feature",
      "properties": {
        "stop_id": "1180",
        "stop_code": "1180",
        "stop_name": "Norwalk Boulevard and Balfour Street- N/",
        "location_type": 0,
        "wheelchair_boarding": 0,
        "routes": [
          {
            "route_id": "1",
            "agency_id": "0",
            "route_short_name": "1",
            "route_long_name": "Rio Hondo/Bellflower",
            "route_type": 3,
            "route_color": "#D11141",
            "route_text_color": "#ffffff",
            "route_sort_order": 1
          }
        ],
        "agency_name": "Norwalk Transit System"
      },
      "geometry": {
        "type": "Point",
        "coordinates": [
          -118.073792,
          33.979909
        ]
      }
    },
    {
      "type": "Feature",
      "properties": {
        "stop_id": "1181",
        "stop_code": "1181",
        "stop_name": "Norwalk Boulevard and Beverly Boulevard-",
        "location_type": 0,
        "wheelchair_boarding": 0,
        "routes": [
          {
            "route_id": "1",
            "agency_id": "0",
            "route_short_name": "1",
            "route_long_name": "Rio Hondo/Bellflower",
            "route_type": 3,
            "route_color": "#D11141",
            "route_text_color": "#ffffff",
            "route_sort_order": 1
          }
        ],
        "agency_name": "Norwalk Transit System"
      },
      "geometry": {
        "type": "Point",
        "coordinates": [
          -118.056031,
          33.997904
        ]
      }
    },
    {
      "type": "Feature",
      "properties": {
        "stop_id": "1182",
        "stop_code": "1182",
        "stop_name": "Norwalk Boulevard and Beverly Boulevard-",
        "location_type": 0,
        "wheelchair_boarding": 0,
        "routes": [
          {
            "route_id": "1",
            "agency_id": "0",
            "route_short_name": "1",
            "route_long_name": "Rio Hondo/Bellflower",
            "route_type": 3,
            "route_color": "#D11141",
            "route_text_color": "#ffffff",
            "route_sort_order": 1
          }
        ],
        "agency_name": "Norwalk Transit System"
      },
      "geometry": {
        "type": "Point",
        "coordinates": [
          -118.056104,
          33.99814
        ]
      }
    },
    {
      "type": "Feature",
      "properties": {
        "stop_id": "1183",
        "stop_code": "1183",
        "stop_name": "Norwalk Boulevard and Bexley Drive- N/W",
        "location_type": 0,
        "wheelchair_boarding": 0,
        "routes": [
          {
            "route_id": "1",
            "agency_id": "0",
            "route_short_name": "1",
            "route_long_name": "Rio Hondo/Bellflower",
            "route_type": 3,
            "route_color": "#D11141",
            "route_text_color": "#ffffff",
            "route_sort_order": 1
          }
        ],
        "agency_name": "Norwalk Transit System"
      },
      "geometry": {
        "type": "Point",
        "coordinates": [
          -118.067824,
          33.986287
        ]
      }
    },
    {
      "type": "Feature",
      "properties": {
        "stop_id": "1184",
        "stop_code": "1184",
        "stop_name": "Norwalk Boulevard and Bexley Drive- S/E",
        "location_type": 0,
        "wheelchair_boarding": 0,
        "routes": [
          {
            "route_id": "1",
            "agency_id": "0",
            "route_short_name": "1",
            "route_long_name": "Rio Hondo/Bellflower",
            "route_type": 3,
            "route_color": "#D11141",
            "route_text_color": "#ffffff",
            "route_sort_order": 1
          }
        ],
        "agency_name": "Norwalk Transit System"
      },
      "geometry": {
        "type": "Point",
        "coordinates": [
          -118.067934,
          33.985792
        ]
      }
    },
    {
      "type": "Feature",
      "properties": {
        "stop_id": "1185",
        "stop_code": "1185",
        "stop_name": "Norwalk Boulevard and Cedarcrest Drive",
        "location_type": 0,
        "wheelchair_boarding": 0,
        "routes": [
          {
            "route_id": "3",
            "agency_id": "0",
            "route_short_name": "3",
            "route_long_name": "Gateway Plaza/Norwalk/166th Street",
            "route_type": 3,
            "route_color": "#333092",
            "route_text_color": "#ffffff",
            "route_sort_order": 3
          }
        ],
        "agency_name": "Norwalk Transit System"
      },
      "geometry": {
        "type": "Point",
        "coordinates": [
          -118.072682,
          33.884537
        ]
      }
    },
    {
      "type": "Feature",
      "properties": {
        "stop_id": "1186",
        "stop_code": "1186",
        "stop_name": "Norwalk Boulevard and Choisser Street",
        "location_type": 0,
        "wheelchair_boarding": 0,
        "routes": [
          {
            "route_id": "1",
            "agency_id": "0",
            "route_short_name": "1",
            "route_long_name": "Rio Hondo/Bellflower",
            "route_type": 3,
            "route_color": "#D11141",
            "route_text_color": "#ffffff",
            "route_sort_order": 1
          }
        ],
        "agency_name": "Norwalk Transit System"
      },
      "geometry": {
        "type": "Point",
        "coordinates": [
          -118.075812,
          33.976174
        ]
      }
    },
    {
      "type": "Feature",
      "properties": {
        "stop_id": "1187",
        "stop_code": "1187",
        "stop_name": "Norwalk Boulevard and Civic Center Drive",
        "location_type": 0,
        "wheelchair_boarding": 0,
        "routes": [
          {
            "route_id": "1",
            "agency_id": "0",
            "route_short_name": "1",
            "route_long_name": "Rio Hondo/Bellflower",
            "route_type": 3,
            "route_color": "#D11141",
            "route_text_color": "#ffffff",
            "route_sort_order": 1
          },
          {
            "route_id": "2",
            "agency_id": "0",
            "route_short_name": "2",
            "route_long_name": "NSQ/C Line/Cerritos College/Cerritos Mal",
            "route_type": 3,
            "route_color": "#0083A8",
            "route_text_color": "#ffffff",
            "route_sort_order": 2
          }
        ],
        "agency_name": "Norwalk Transit System"
      },
      "geometry": {
        "type": "Point",
        "coordinates": [
          -118.072732,
          33.914479
        ]
      }
    },
    {
      "type": "Feature",
      "properties": {
        "stop_id": "1188",
        "stop_code": "1188",
        "stop_name": "Norwalk Boulevard and Civic Center Drive",
        "location_type": 0,
        "wheelchair_boarding": 0,
        "routes": [
          {
            "route_id": "1",
            "agency_id": "0",
            "route_short_name": "1",
            "route_long_name": "Rio Hondo/Bellflower",
            "route_type": 3,
            "route_color": "#D11141",
            "route_text_color": "#ffffff",
            "route_sort_order": 1
          },
          {
            "route_id": "2",
            "agency_id": "0",
            "route_short_name": "2",
            "route_long_name": "NSQ/C Line/Cerritos College/Cerritos Mal",
            "route_type": 3,
            "route_color": "#0083A8",
            "route_text_color": "#ffffff",
            "route_sort_order": 2
          },
          {
            "route_id": "3",
            "agency_id": "0",
            "route_short_name": "3",
            "route_long_name": "Gateway Plaza/Norwalk/166th Street",
            "route_type": 3,
            "route_color": "#333092",
            "route_text_color": "#ffffff",
            "route_sort_order": 3
          }
        ],
        "agency_name": "Norwalk Transit System"
      },
      "geometry": {
        "type": "Point",
        "coordinates": [
          -118.072423,
          33.9145
        ]
      }
    },
    {
      "type": "Feature",
      "properties": {
        "stop_id": "1189",
        "stop_code": "1189",
        "stop_name": "Norwalk Boulevard and Coolhurst Drive- S",
        "location_type": 0,
        "wheelchair_boarding": 0,
        "routes": [
          {
            "route_id": "1",
            "agency_id": "0",
            "route_short_name": "1",
            "route_long_name": "Rio Hondo/Bellflower",
            "route_type": 3,
            "route_color": "#D11141",
            "route_text_color": "#ffffff",
            "route_sort_order": 1
          }
        ],
        "agency_name": "Norwalk Transit System"
      },
      "geometry": {
        "type": "Point",
        "coordinates": [
          -118.073438,
          33.980619
        ]
      }
    },
    {
      "type": "Feature",
      "properties": {
        "stop_id": "1190",
        "stop_code": "1190",
        "stop_name": "Norwalk Boulevard and Crewe Street- N/W",
        "location_type": 0,
        "wheelchair_boarding": 0,
        "routes": [
          {
            "route_id": "1",
            "agency_id": "0",
            "route_short_name": "1",
            "route_long_name": "Rio Hondo/Bellflower",
            "route_type": 3,
            "route_color": "#D11141",
            "route_text_color": "#ffffff",
            "route_sort_order": 1
          },
          {
            "route_id": "3",
            "agency_id": "0",
            "route_short_name": "3",
            "route_long_name": "Gateway Plaza/Norwalk/166th Street",
            "route_type": 3,
            "route_color": "#333092",
            "route_text_color": "#ffffff",
            "route_sort_order": 3
          }
        ],
        "agency_name": "Norwalk Transit System"
      },
      "geometry": {
        "type": "Point",
        "coordinates": [
          -118.072779,
          33.920908
        ]
      }
    },
    {
      "type": "Feature",
      "properties": {
        "stop_id": "1192",
        "stop_code": "1192",
        "stop_name": "Norwalk Boulevard and Florence Avenue- S",
        "location_type": 0,
        "wheelchair_boarding": 0,
        "routes": [
          {
            "route_id": "1",
            "agency_id": "0",
            "route_short_name": "1",
            "route_long_name": "Rio Hondo/Bellflower",
            "route_type": 3,
            "route_color": "#D11141",
            "route_text_color": "#ffffff",
            "route_sort_order": 1
          }
        ],
        "agency_name": "Norwalk Transit System"
      },
      "geometry": {
        "type": "Point",
        "coordinates": [
          -118.07286,
          33.934951
        ]
      }
    },
    {
      "type": "Feature",
      "properties": {
        "stop_id": "1193",
        "stop_code": "1193",
        "stop_name": "Norwalk Boulevard and Hermes Street- N/W",
        "location_type": 0,
        "wheelchair_boarding": 0,
        "routes": [
          {
            "route_id": "1",
            "agency_id": "0",
            "route_short_name": "1",
            "route_long_name": "Rio Hondo/Bellflower",
            "route_type": 3,
            "route_color": "#D11141",
            "route_text_color": "#ffffff",
            "route_sort_order": 1
          },
          {
            "route_id": "3",
            "agency_id": "0",
            "route_short_name": "3",
            "route_long_name": "Gateway Plaza/Norwalk/166th Street",
            "route_type": 3,
            "route_color": "#333092",
            "route_text_color": "#ffffff",
            "route_sort_order": 3
          }
        ],
        "agency_name": "Norwalk Transit System"
      },
      "geometry": {
        "type": "Point",
        "coordinates": [
          -118.072851,
          33.931175
        ]
      }
    },
    {
      "type": "Feature",
      "properties": {
        "stop_id": "1194",
        "stop_code": "1194",
        "stop_name": "Norwalk Boulevard and Lakeland Road- S/E",
        "location_type": 0,
        "wheelchair_boarding": 0,
        "routes": [
          {
            "route_id": "1",
            "agency_id": "0",
            "route_short_name": "1",
            "route_long_name": "Rio Hondo/Bellflower",
            "route_type": 3,
            "route_color": "#D11141",
            "route_text_color": "#ffffff",
            "route_sort_order": 1
          }
        ],
        "agency_name": "Norwalk Transit System"
      },
      "geometry": {
        "type": "Point",
        "coordinates": [
          -118.072564,
          33.931461
        ]
      }
    },
    {
      "type": "Feature",
      "properties": {
        "stop_id": "1195",
        "stop_code": "1195",
        "stop_name": "Norwalk Boulevard and Mines Boulevard- N",
        "location_type": 0,
        "wheelchair_boarding": 0,
        "routes": [
          {
            "route_id": "1",
            "agency_id": "0",
            "route_short_name": "1",
            "route_long_name": "Rio Hondo/Bellflower",
            "route_type": 3,
            "route_color": "#D11141",
            "route_text_color": "#ffffff",
            "route_sort_order": 1
          }
        ],
        "agency_name": "Norwalk Transit System"
      },
      "geometry": {
        "type": "Point",
        "coordinates": [
          -118.070979,
          33.98271
        ]
      }
    },
    {
      "type": "Feature",
      "properties": {
        "stop_id": "1196",
        "stop_code": "1196",
        "stop_name": "Norwalk Boulevard and Monte Vista Drive-",
        "location_type": 0,
        "wheelchair_boarding": 0,
        "routes": [
          {
            "route_id": "1",
            "agency_id": "0",
            "route_short_name": "1",
            "route_long_name": "Rio Hondo/Bellflower",
            "route_type": 3,
            "route_color": "#D11141",
            "route_text_color": "#ffffff",
            "route_sort_order": 1
          }
        ],
        "agency_name": "Norwalk Transit System"
      },
      "geometry": {
        "type": "Point",
        "coordinates": [
          -118.058627,
          33.995286
        ]
      }
    },
    {
      "type": "Feature",
      "properties": {
        "stop_id": "1197",
        "stop_code": "1197",
        "stop_name": "Norwalk Boulevard and Oracle Street- S/W",
        "location_type": 0,
        "wheelchair_boarding": 0,
        "routes": [
          {
            "route_id": "1",
            "agency_id": "0",
            "route_short_name": "1",
            "route_long_name": "Rio Hondo/Bellflower",
            "route_type": 3,
            "route_color": "#D11141",
            "route_text_color": "#ffffff",
            "route_sort_order": 1
          },
          {
            "route_id": "3",
            "agency_id": "0",
            "route_short_name": "3",
            "route_long_name": "Gateway Plaza/Norwalk/166th Street",
            "route_type": 3,
            "route_color": "#333092",
            "route_text_color": "#ffffff",
            "route_sort_order": 3
          }
        ],
        "agency_name": "Norwalk Transit System"
      },
      "geometry": {
        "type": "Point",
        "coordinates": [
          -118.072833,
          33.928649
        ]
      }
    },
    {
      "type": "Feature",
      "properties": {
        "stop_id": "1198",
        "stop_code": "1198",
        "stop_name": "Norwalk Boulevard and Orange Grove Avenu",
        "location_type": 0,
        "wheelchair_boarding": 0,
        "routes": [
          {
            "route_id": "1",
            "agency_id": "0",
            "route_short_name": "1",
            "route_long_name": "Rio Hondo/Bellflower",
            "route_type": 3,
            "route_color": "#D11141",
            "route_text_color": "#ffffff",
            "route_sort_order": 1
          }
        ],
        "agency_name": "Norwalk Transit System"
      },
      "geometry": {
        "type": "Point",
        "coordinates": [
          -118.058261,
          33.995953
        ]
      }
    },
    {
      "type": "Feature",
      "properties": {
        "stop_id": "1199",
        "stop_code": "1199",
        "stop_name": "Norwalk Boulevard and Orange Street- N/W",
        "location_type": 0,
        "wheelchair_boarding": 0,
        "routes": [
          {
            "route_id": "1",
            "agency_id": "0",
            "route_short_name": "1",
            "route_long_name": "Rio Hondo/Bellflower",
            "route_type": 3,
            "route_color": "#D11141",
            "route_text_color": "#ffffff",
            "route_sort_order": 1
          }
        ],
        "agency_name": "Norwalk Transit System"
      },
      "geometry": {
        "type": "Point",
        "coordinates": [
          -118.061747,
          33.992401
        ]
      }
    },
    {
      "type": "Feature",
      "properties": {
        "stop_id": "1200",
        "stop_code": "1200",
        "stop_name": "Norwalk Boulevard and Orange Street- S/E",
        "location_type": 0,
        "wheelchair_boarding": 0,
        "routes": [
          {
            "route_id": "1",
            "agency_id": "0",
            "route_short_name": "1",
            "route_long_name": "Rio Hondo/Bellflower",
            "route_type": 3,
            "route_color": "#D11141",
            "route_text_color": "#ffffff",
            "route_sort_order": 1
          }
        ],
        "agency_name": "Norwalk Transit System"
      },
      "geometry": {
        "type": "Point",
        "coordinates": [
          -118.061942,
          33.991944
        ]
      }
    },
    {
      "type": "Feature",
      "properties": {
        "stop_id": "1201",
        "stop_code": "1201",
        "stop_name": "Norwalk Boulevard and Paddison Avenue Sq",
        "location_type": 0,
        "wheelchair_boarding": 0,
        "routes": [
          {
            "route_id": "1",
            "agency_id": "0",
            "route_short_name": "1",
            "route_long_name": "Rio Hondo/Bellflower",
            "route_type": 3,
            "route_color": "#D11141",
            "route_text_color": "#ffffff",
            "route_sort_order": 1
          },
          {
            "route_id": "3",
            "agency_id": "0",
            "route_short_name": "3",
            "route_long_name": "Gateway Plaza/Norwalk/166th Street",
            "route_type": 3,
            "route_color": "#333092",
            "route_text_color": "#ffffff",
            "route_sort_order": 3
          }
        ],
        "agency_name": "Norwalk Transit System"
      },
      "geometry": {
        "type": "Point",
        "coordinates": [
          -118.072772,
          33.9192
        ]
      }
    },
    {
      "type": "Feature",
      "properties": {
        "stop_id": "1202",
        "stop_code": "1202",
        "stop_name": "Norwalk Boulevard and Reichling Lane- S/",
        "location_type": 0,
        "wheelchair_boarding": 0,
        "routes": [
          {
            "route_id": "1",
            "agency_id": "0",
            "route_short_name": "1",
            "route_long_name": "Rio Hondo/Bellflower",
            "route_type": 3,
            "route_color": "#D11141",
            "route_text_color": "#ffffff",
            "route_sort_order": 1
          }
        ],
        "agency_name": "Norwalk Transit System"
      },
      "geometry": {
        "type": "Point",
        "coordinates": [
          -118.069898,
          33.983801
        ]
      }
    },
    {
      "type": "Feature",
      "properties": {
        "stop_id": "1203",
        "stop_code": "1203",
        "stop_name": "Norwalk Boulevard and Slauson Avenue- N/",
        "location_type": 0,
        "wheelchair_boarding": 0,
        "routes": [
          {
            "route_id": "1",
            "agency_id": "0",
            "route_short_name": "1",
            "route_long_name": "Rio Hondo/Bellflower",
            "route_type": 3,
            "route_color": "#D11141",
            "route_text_color": "#ffffff",
            "route_sort_order": 1
          }
        ],
        "agency_name": "Norwalk Transit System"
      },
      "geometry": {
        "type": "Point",
        "coordinates": [
          -118.070516,
          33.965091
        ]
      }
    },
    {
      "type": "Feature",
      "properties": {
        "stop_id": "1204",
        "stop_code": "1204",
        "stop_name": "Norwalk Boulevard and Slauson Avenue- N/",
        "location_type": 0,
        "wheelchair_boarding": 0,
        "routes": [
          {
            "route_id": "1",
            "agency_id": "0",
            "route_short_name": "1",
            "route_long_name": "Rio Hondo/Bellflower",
            "route_type": 3,
            "route_color": "#D11141",
            "route_text_color": "#ffffff",
            "route_sort_order": 1
          }
        ],
        "agency_name": "Norwalk Transit System"
      },
      "geometry": {
        "type": "Point",
        "coordinates": [
          -118.070804,
          33.96502
        ]
      }
    },
    {
      "type": "Feature",
      "properties": {
        "stop_id": "1205",
        "stop_code": "1205",
        "stop_name": "Norwalk Boulevard and Tina Street - S/W",
        "location_type": 0,
        "wheelchair_boarding": 0,
        "routes": [
          {
            "route_id": "3",
            "agency_id": "0",
            "route_short_name": "3",
            "route_long_name": "Gateway Plaza/Norwalk/166th Street",
            "route_type": 3,
            "route_color": "#333092",
            "route_text_color": "#ffffff",
            "route_sort_order": 3
          }
        ],
        "agency_name": "Norwalk Transit System"
      },
      "geometry": {
        "type": "Point",
        "coordinates": [
          -118.072805,
          33.925652
        ]
      }
    },
    {
      "type": "Feature",
      "properties": {
        "stop_id": "1206",
        "stop_code": "1206",
        "stop_name": "Norwalk Boulevard and Tina Street- N/W C",
        "location_type": 0,
        "wheelchair_boarding": 0,
        "routes": [
          {
            "route_id": "1",
            "agency_id": "0",
            "route_short_name": "1",
            "route_long_name": "Rio Hondo/Bellflower",
            "route_type": 3,
            "route_color": "#D11141",
            "route_text_color": "#ffffff",
            "route_sort_order": 1
          }
        ],
        "agency_name": "Norwalk Transit System"
      },
      "geometry": {
        "type": "Point",
        "coordinates": [
          -118.072805,
          33.926022
        ]
      }
    },
    {
      "type": "Feature",
      "properties": {
        "stop_id": "1207",
        "stop_code": "1207",
        "stop_name": "Norwalk Boulevard and Waddell Street- N/",
        "location_type": 0,
        "wheelchair_boarding": 0,
        "routes": [
          {
            "route_id": "1",
            "agency_id": "0",
            "route_short_name": "1",
            "route_long_name": "Rio Hondo/Bellflower",
            "route_type": 3,
            "route_color": "#D11141",
            "route_text_color": "#ffffff",
            "route_sort_order": 1
          }
        ],
        "agency_name": "Norwalk Transit System"
      },
      "geometry": {
        "type": "Point",
        "coordinates": [
          -118.071404,
          33.968854
        ]
      }
    },
    {
      "type": "Feature",
      "properties": {
        "stop_id": "1208",
        "stop_code": "1208",
        "stop_name": "Norwalk Boulevard and Waddell Street- N/",
        "location_type": 0,
        "wheelchair_boarding": 0,
        "routes": [
          {
            "route_id": "1",
            "agency_id": "0",
            "route_short_name": "1",
            "route_long_name": "Rio Hondo/Bellflower",
            "route_type": 3,
            "route_color": "#D11141",
            "route_text_color": "#ffffff",
            "route_sort_order": 1
          }
        ],
        "agency_name": "Norwalk Transit System"
      },
      "geometry": {
        "type": "Point",
        "coordinates": [
          -118.071855,
          33.969007
        ]
      }
    },
    {
      "type": "Feature",
      "properties": {
        "stop_id": "1209",
        "stop_code": "1209",
        "stop_name": "Norwalk Boulevard and Wakeman Street- Sw",
        "location_type": 0,
        "wheelchair_boarding": 0,
        "routes": [
          {
            "route_id": "1",
            "agency_id": "0",
            "route_short_name": "1",
            "route_long_name": "Rio Hondo/Bellflower",
            "route_type": 3,
            "route_color": "#D11141",
            "route_text_color": "#ffffff",
            "route_sort_order": 1
          }
        ],
        "agency_name": "Norwalk Transit System"
      },
      "geometry": {
        "type": "Point",
        "coordinates": [
          -118.070814,
          33.967208
        ]
      }
    },
    {
      "type": "Feature",
      "properties": {
        "stop_id": "1210",
        "stop_code": "1210",
        "stop_name": "Norwalk Boulevard at Metro Hospital Main",
        "location_type": 0,
        "wheelchair_boarding": 0,
        "routes": [
          {
            "route_id": "1",
            "agency_id": "0",
            "route_short_name": "1",
            "route_long_name": "Rio Hondo/Bellflower",
            "route_type": 3,
            "route_color": "#D11141",
            "route_text_color": "#ffffff",
            "route_sort_order": 1
          },
          {
            "route_id": "3",
            "agency_id": "0",
            "route_short_name": "3",
            "route_long_name": "Gateway Plaza/Norwalk/166th Street",
            "route_type": 3,
            "route_color": "#333092",
            "route_text_color": "#ffffff",
            "route_sort_order": 3
          }
        ],
        "agency_name": "Norwalk Transit System"
      },
      "geometry": {
        "type": "Point",
        "coordinates": [
          -118.072529,
          33.926352
        ]
      }
    },
    {
      "type": "Feature",
      "properties": {
        "stop_id": "1211",
        "stop_code": "1211",
        "stop_name": "Norwalk Boulevard opposite Crewe Street",
        "location_type": 0,
        "wheelchair_boarding": 0,
        "routes": [
          {
            "route_id": "3",
            "agency_id": "0",
            "route_short_name": "3",
            "route_long_name": "Gateway Plaza/Norwalk/166th Street",
            "route_type": 3,
            "route_color": "#333092",
            "route_text_color": "#ffffff",
            "route_sort_order": 3
          }
        ],
        "agency_name": "Norwalk Transit System"
      },
      "geometry": {
        "type": "Point",
        "coordinates": [
          -118.07249,
          33.920532
        ]
      }
    },
    {
      "type": "Feature",
      "properties": {
        "stop_id": "1212",
        "stop_code": "1212",
        "stop_name": "Norwalk Boulevard opposite Oracle Street",
        "location_type": 0,
        "wheelchair_boarding": 0,
        "routes": [
          {
            "route_id": "1",
            "agency_id": "0",
            "route_short_name": "1",
            "route_long_name": "Rio Hondo/Bellflower",
            "route_type": 3,
            "route_color": "#D11141",
            "route_text_color": "#ffffff",
            "route_sort_order": 1
          },
          {
            "route_id": "3",
            "agency_id": "0",
            "route_short_name": "3",
            "route_long_name": "Gateway Plaza/Norwalk/166th Street",
            "route_type": 3,
            "route_color": "#333092",
            "route_text_color": "#ffffff",
            "route_sort_order": 3
          }
        ],
        "agency_name": "Norwalk Transit System"
      },
      "geometry": {
        "type": "Point",
        "coordinates": [
          -118.072541,
          33.928661
        ]
      }
    },
    {
      "type": "Feature",
      "properties": {
        "stop_id": "1213",
        "stop_code": "1213",
        "stop_name": "NSQ",
        "location_type": 0,
        "wheelchair_boarding": 0,
        "routes": [
          {
            "route_id": "1",
            "agency_id": "0",
            "route_short_name": "1",
            "route_long_name": "Rio Hondo/Bellflower",
            "route_type": 3,
            "route_color": "#D11141",
            "route_text_color": "#ffffff",
            "route_sort_order": 1
          },
          {
            "route_id": "2",
            "agency_id": "0",
            "route_short_name": "2",
            "route_long_name": "NSQ/C Line/Cerritos College/Cerritos Mal",
            "route_type": 3,
            "route_color": "#0083A8",
            "route_text_color": "#ffffff",
            "route_sort_order": 2
          }
        ],
        "agency_name": "Norwalk Transit System"
      },
      "geometry": {
        "type": "Point",
        "coordinates": [
          -118.082785,
          33.90499
        ]
      }
    },
    {
      "type": "Feature",
      "properties": {
        "stop_id": "1214",
        "stop_code": "1214",
        "stop_name": "Norwalk/166th",
        "location_type": 0,
        "wheelchair_boarding": 0,
        "routes": [
          {
            "route_id": "3",
            "agency_id": "0",
            "route_short_name": "3",
            "route_long_name": "Gateway Plaza/Norwalk/166th Street",
            "route_type": 3,
            "route_color": "#333092",
            "route_text_color": "#ffffff",
            "route_sort_order": 3
          }
        ],
        "agency_name": "Norwalk Transit System"
      },
      "geometry": {
        "type": "Point",
        "coordinates": [
          -118.073168,
          33.880286
        ]
      }
    },
    {
      "type": "Feature",
      "properties": {
        "stop_id": "1215",
        "stop_code": "1215",
        "stop_name": "Norwalk/Alondra",
        "location_type": 0,
        "wheelchair_boarding": 0,
        "routes": [
          {
            "route_id": "3",
            "agency_id": "0",
            "route_short_name": "3",
            "route_long_name": "Gateway Plaza/Norwalk/166th Street",
            "route_type": 3,
            "route_color": "#333092",
            "route_text_color": "#ffffff",
            "route_sort_order": 3
          }
        ],
        "agency_name": "Norwalk Transit System"
      },
      "geometry": {
        "type": "Point",
        "coordinates": [
          -118.072541,
          33.887552
        ]
      }
    },
    {
      "type": "Feature",
      "properties": {
        "stop_id": "1216",
        "stop_code": "1216",
        "stop_name": "Norwalk/Alondra",
        "location_type": 0,
        "wheelchair_boarding": 0,
        "routes": [
          {
            "route_id": "3",
            "agency_id": "0",
            "route_short_name": "3",
            "route_long_name": "Gateway Plaza/Norwalk/166th Street",
            "route_type": 3,
            "route_color": "#333092",
            "route_text_color": "#ffffff",
            "route_sort_order": 3
          }
        ],
        "agency_name": "Norwalk Transit System"
      },
      "geometry": {
        "type": "Point",
        "coordinates": [
          -118.072987,
          33.887282
        ]
      }
    },
    {
      "type": "Feature",
      "properties": {
        "stop_id": "1217",
        "stop_code": "1217",
        "stop_name": "Norwalk/Imperial",
        "location_type": 0,
        "wheelchair_boarding": 0,
        "routes": [
          {
            "route_id": "1",
            "agency_id": "0",
            "route_short_name": "1",
            "route_long_name": "Rio Hondo/Bellflower",
            "route_type": 3,
            "route_color": "#D11141",
            "route_text_color": "#ffffff",
            "route_sort_order": 1
          },
          {
            "route_id": "3",
            "agency_id": "0",
            "route_short_name": "3",
            "route_long_name": "Gateway Plaza/Norwalk/166th Street",
            "route_type": 3,
            "route_color": "#333092",
            "route_text_color": "#ffffff",
            "route_sort_order": 3
          }
        ],
        "agency_name": "Norwalk Transit System"
      },
      "geometry": {
        "type": "Point",
        "coordinates": [
          -118.072458,
          33.917579
        ]
      }
    },
    {
      "type": "Feature",
      "properties": {
        "stop_id": "1218",
        "stop_code": "1218",
        "stop_name": "Norwalk/Imperial (Ihop)",
        "location_type": 0,
        "wheelchair_boarding": 0,
        "routes": [
          {
            "route_id": "1",
            "agency_id": "0",
            "route_short_name": "1",
            "route_long_name": "Rio Hondo/Bellflower",
            "route_type": 3,
            "route_color": "#D11141",
            "route_text_color": "#ffffff",
            "route_sort_order": 1
          },
          {
            "route_id": "2",
            "agency_id": "0",
            "route_short_name": "2",
            "route_long_name": "NSQ/C Line/Cerritos College/Cerritos Mal",
            "route_type": 3,
            "route_color": "#0083A8",
            "route_text_color": "#ffffff",
            "route_sort_order": 2
          },
          {
            "route_id": "3",
            "agency_id": "0",
            "route_short_name": "3",
            "route_long_name": "Gateway Plaza/Norwalk/166th Street",
            "route_type": 3,
            "route_color": "#333092",
            "route_text_color": "#ffffff",
            "route_sort_order": 3
          }
        ],
        "agency_name": "Norwalk Transit System"
      },
      "geometry": {
        "type": "Point",
        "coordinates": [
          -118.072751,
          33.91629
        ]
      }
    },
    {
      "type": "Feature",
      "properties": {
        "stop_id": "1219",
        "stop_code": "1219",
        "stop_name": "Norwalk/Washington",
        "location_type": 0,
        "wheelchair_boarding": 0,
        "routes": [
          {
            "route_id": "1",
            "agency_id": "0",
            "route_short_name": "1",
            "route_long_name": "Rio Hondo/Bellflower",
            "route_type": 3,
            "route_color": "#D11141",
            "route_text_color": "#ffffff",
            "route_sort_order": 1
          }
        ],
        "agency_name": "Norwalk Transit System"
      },
      "geometry": {
        "type": "Point",
        "coordinates": [
          -118.074035,
          33.972816
        ]
      }
    },
    {
      "type": "Feature",
      "properties": {
        "stop_id": "1220",
        "stop_code": "1220",
        "stop_name": "Norwalk/Washington",
        "location_type": 0,
        "wheelchair_boarding": 0,
        "routes": [
          {
            "route_id": "1",
            "agency_id": "0",
            "route_short_name": "1",
            "route_long_name": "Rio Hondo/Bellflower",
            "route_type": 3,
            "route_color": "#D11141",
            "route_text_color": "#ffffff",
            "route_sort_order": 1
          }
        ],
        "agency_name": "Norwalk Transit System"
      },
      "geometry": {
        "type": "Point",
        "coordinates": [
          -118.073778,
          33.971816
        ]
      }
    },
    {
      "type": "Feature",
      "properties": {
        "stop_id": "1221",
        "stop_code": "1221",
        "stop_name": "Norwalk/Whittier",
        "location_type": 0,
        "wheelchair_boarding": 0,
        "routes": [
          {
            "route_id": "1",
            "agency_id": "0",
            "route_short_name": "1",
            "route_long_name": "Rio Hondo/Bellflower",
            "route_type": 3,
            "route_color": "#D11141",
            "route_text_color": "#ffffff",
            "route_sort_order": 1
          }
        ],
        "agency_name": "Norwalk Transit System"
      },
      "geometry": {
        "type": "Point",
        "coordinates": [
          -118.063778,
          33.990062
        ]
      }
    },
    {
      "type": "Feature",
      "properties": {
        "stop_id": "1222",
        "stop_code": "1222",
        "stop_name": "Norwalk/Whittier",
        "location_type": 0,
        "wheelchair_boarding": 0,
        "routes": [
          {
            "route_id": "1",
            "agency_id": "0",
            "route_short_name": "1",
            "route_long_name": "Rio Hondo/Bellflower",
            "route_type": 3,
            "route_color": "#D11141",
            "route_text_color": "#ffffff",
            "route_sort_order": 1
          }
        ],
        "agency_name": "Norwalk Transit System"
      },
      "geometry": {
        "type": "Point",
        "coordinates": [
          -118.064373,
          33.989713
        ]
      }
    },
    {
      "type": "Feature",
      "properties": {
        "stop_id": "1223",
        "stop_code": "1223",
        "stop_name": "Orr and Day Road and Clarkman Street",
        "location_type": 0,
        "wheelchair_boarding": 0,
        "routes": [
          {
            "route_id": "1",
            "agency_id": "0",
            "route_short_name": "1",
            "route_long_name": "Rio Hondo/Bellflower",
            "route_type": 3,
            "route_color": "#D11141",
            "route_text_color": "#ffffff",
            "route_sort_order": 1
          },
          {
            "route_id": "3",
            "agency_id": "0",
            "route_short_name": "3",
            "route_long_name": "Gateway Plaza/Norwalk/166th Street",
            "route_type": 3,
            "route_color": "#333092",
            "route_text_color": "#ffffff",
            "route_sort_order": 3
          }
        ],
        "agency_name": "Norwalk Transit System"
      },
      "geometry": {
        "type": "Point",
        "coordinates": [
          -118.090449,
          33.939466
        ]
      }
    },
    {
      "type": "Feature",
      "properties": {
        "stop_id": "1224",
        "stop_code": "1224",
        "stop_name": "Orr and Day Road and Clarkman Street- N/",
        "location_type": 0,
        "wheelchair_boarding": 0,
        "routes": [
          {
            "route_id": "1",
            "agency_id": "0",
            "route_short_name": "1",
            "route_long_name": "Rio Hondo/Bellflower",
            "route_type": 3,
            "route_color": "#D11141",
            "route_text_color": "#ffffff",
            "route_sort_order": 1
          },
          {
            "route_id": "3",
            "agency_id": "0",
            "route_short_name": "3",
            "route_long_name": "Gateway Plaza/Norwalk/166th Street",
            "route_type": 3,
            "route_color": "#333092",
            "route_text_color": "#ffffff",
            "route_sort_order": 3
          }
        ],
        "agency_name": "Norwalk Transit System"
      },
      "geometry": {
        "type": "Point",
        "coordinates": [
          -118.090735,
          33.939509
        ]
      }
    },
    {
      "type": "Feature",
      "properties": {
        "stop_id": "1225",
        "stop_code": "1225",
        "stop_name": "Orr and Day Road and Davenrich Street",
        "location_type": 0,
        "wheelchair_boarding": 0,
        "routes": [
          {
            "route_id": "1",
            "agency_id": "0",
            "route_short_name": "1",
            "route_long_name": "Rio Hondo/Bellflower",
            "route_type": 3,
            "route_color": "#D11141",
            "route_text_color": "#ffffff",
            "route_sort_order": 1
          },
          {
            "route_id": "3",
            "agency_id": "0",
            "route_short_name": "3",
            "route_long_name": "Gateway Plaza/Norwalk/166th Street",
            "route_type": 3,
            "route_color": "#333092",
            "route_text_color": "#ffffff",
            "route_sort_order": 3
          }
        ],
        "agency_name": "Norwalk Transit System"
      },
      "geometry": {
        "type": "Point",
        "coordinates": [
          -118.090465,
          33.945695
        ]
      }
    },
    {
      "type": "Feature",
      "properties": {
        "stop_id": "1226",
        "stop_code": "1226",
        "stop_name": "Orr and Day Road and Davenrich Street- S",
        "location_type": 0,
        "wheelchair_boarding": 0,
        "routes": [
          {
            "route_id": "1",
            "agency_id": "0",
            "route_short_name": "1",
            "route_long_name": "Rio Hondo/Bellflower",
            "route_type": 3,
            "route_color": "#D11141",
            "route_text_color": "#ffffff",
            "route_sort_order": 1
          },
          {
            "route_id": "3",
            "agency_id": "0",
            "route_short_name": "3",
            "route_long_name": "Gateway Plaza/Norwalk/166th Street",
            "route_type": 3,
            "route_color": "#333092",
            "route_text_color": "#ffffff",
            "route_sort_order": 3
          }
        ],
        "agency_name": "Norwalk Transit System"
      },
      "geometry": {
        "type": "Point",
        "coordinates": [
          -118.090764,
          33.945599
        ]
      }
    },
    {
      "type": "Feature",
      "properties": {
        "stop_id": "1227",
        "stop_code": "1227",
        "stop_name": "Orr and Day Road and Dunning Street",
        "location_type": 0,
        "wheelchair_boarding": 0,
        "routes": [
          {
            "route_id": "1",
            "agency_id": "0",
            "route_short_name": "1",
            "route_long_name": "Rio Hondo/Bellflower",
            "route_type": 3,
            "route_color": "#D11141",
            "route_text_color": "#ffffff",
            "route_sort_order": 1
          },
          {
            "route_id": "3",
            "agency_id": "0",
            "route_short_name": "3",
            "route_long_name": "Gateway Plaza/Norwalk/166th Street",
            "route_type": 3,
            "route_color": "#333092",
            "route_text_color": "#ffffff",
            "route_sort_order": 3
          }
        ],
        "agency_name": "Norwalk Transit System"
      },
      "geometry": {
        "type": "Point",
        "coordinates": [
          -118.090457,
          33.942771
        ]
      }
    },
    {
      "type": "Feature",
      "properties": {
        "stop_id": "1228",
        "stop_code": "1228",
        "stop_name": "Orr and Day Road and Dunning Street- N/W",
        "location_type": 0,
        "wheelchair_boarding": 0,
        "routes": [
          {
            "route_id": "1",
            "agency_id": "0",
            "route_short_name": "1",
            "route_long_name": "Rio Hondo/Bellflower",
            "route_type": 3,
            "route_color": "#D11141",
            "route_text_color": "#ffffff",
            "route_sort_order": 1
          },
          {
            "route_id": "3",
            "agency_id": "0",
            "route_short_name": "3",
            "route_long_name": "Gateway Plaza/Norwalk/166th Street",
            "route_type": 3,
            "route_color": "#333092",
            "route_text_color": "#ffffff",
            "route_sort_order": 3
          }
        ],
        "agency_name": "Norwalk Transit System"
      },
      "geometry": {
        "type": "Point",
        "coordinates": [
          -118.090751,
          33.943247
        ]
      }
    },
    {
      "type": "Feature",
      "properties": {
        "stop_id": "1229",
        "stop_code": "1229",
        "stop_name": "Orr and Day Road and Whiteland Street- S",
        "location_type": 0,
        "wheelchair_boarding": 0,
        "routes": [
          {
            "route_id": "1",
            "agency_id": "0",
            "route_short_name": "1",
            "route_long_name": "Rio Hondo/Bellflower",
            "route_type": 3,
            "route_color": "#D11141",
            "route_text_color": "#ffffff",
            "route_sort_order": 1
          }
        ],
        "agency_name": "Norwalk Transit System"
      },
      "geometry": {
        "type": "Point",
        "coordinates": [
          -118.087128,
          33.95244
        ]
      }
    },
    {
      "type": "Feature",
      "properties": {
        "stop_id": "1230",
        "stop_code": "1230",
        "stop_name": "Orr and Day Road and Whiteland Street- S",
        "location_type": 0,
        "wheelchair_boarding": 0,
        "routes": [
          {
            "route_id": "1",
            "agency_id": "0",
            "route_short_name": "1",
            "route_long_name": "Rio Hondo/Bellflower",
            "route_type": 3,
            "route_color": "#D11141",
            "route_text_color": "#ffffff",
            "route_sort_order": 1
          }
        ],
        "agency_name": "Norwalk Transit System"
      },
      "geometry": {
        "type": "Point",
        "coordinates": [
          -118.087427,
          33.952479
        ]
      }
    },
    {
      "type": "Feature",
      "properties": {
        "stop_id": "1231",
        "stop_code": "1231",
        "stop_name": "Orr and Day/Telegraph",
        "location_type": 0,
        "wheelchair_boarding": 0,
        "routes": [
          {
            "route_id": "1",
            "agency_id": "0",
            "route_short_name": "1",
            "route_long_name": "Rio Hondo/Bellflower",
            "route_type": 3,
            "route_color": "#D11141",
            "route_text_color": "#ffffff",
            "route_sort_order": 1
          }
        ],
        "agency_name": "Norwalk Transit System"
      },
      "geometry": {
        "type": "Point",
        "coordinates": [
          -118.089494,
          33.948425
        ]
      }
    },
    {
      "type": "Feature",
      "properties": {
        "stop_id": "1232",
        "stop_code": "1232",
        "stop_name": "Orr and Day/Telegraph",
        "location_type": 0,
        "wheelchair_boarding": 0,
        "routes": [
          {
            "route_id": "1",
            "agency_id": "0",
            "route_short_name": "1",
            "route_long_name": "Rio Hondo/Bellflower",
            "route_type": 3,
            "route_color": "#D11141",
            "route_text_color": "#ffffff",
            "route_sort_order": 1
          },
          {
            "route_id": "3",
            "agency_id": "0",
            "route_short_name": "3",
            "route_long_name": "Gateway Plaza/Norwalk/166th Street",
            "route_type": 3,
            "route_color": "#333092",
            "route_text_color": "#ffffff",
            "route_sort_order": 3
          }
        ],
        "agency_name": "Norwalk Transit System"
      },
      "geometry": {
        "type": "Point",
        "coordinates": [
          -118.089857,
          33.948378
        ]
      }
    },
    {
      "type": "Feature",
      "properties": {
        "stop_id": "1233",
        "stop_code": "1233",
        "stop_name": "Painter Avenue and Mar Vista Street",
        "location_type": 0,
        "wheelchair_boarding": 0,
        "routes": [
          {
            "route_id": "7",
            "agency_id": "0",
            "route_short_name": "7",
            "route_long_name": "C Line Station/El Monte Station",
            "route_type": 3,
            "route_color": "#cf9f24",
            "route_text_color": "#ffffff",
            "route_sort_order": 7
          }
        ],
        "agency_name": "Norwalk Transit System"
      },
      "geometry": {
        "type": "Point",
        "coordinates": [
          -118.032799,
          33.973683
        ]
      }
    },
    {
      "type": "Feature",
      "properties": {
        "stop_id": "1234",
        "stop_code": "1234",
        "stop_name": "Painter Avenue and Penn Street",
        "location_type": 0,
        "wheelchair_boarding": 0,
        "routes": [
          {
            "route_id": "7",
            "agency_id": "0",
            "route_short_name": "7",
            "route_long_name": "C Line Station/El Monte Station",
            "route_type": 3,
            "route_color": "#cf9f24",
            "route_text_color": "#ffffff",
            "route_sort_order": 7
          }
        ],
        "agency_name": "Norwalk Transit System"
      },
      "geometry": {
        "type": "Point",
        "coordinates": [
          -118.032791,
          33.975156
        ]
      }
    },
    {
      "type": "Feature",
      "properties": {
        "stop_id": "1235",
        "stop_code": "1235",
        "stop_name": "Painter Avenue and Penn Street",
        "location_type": 0,
        "wheelchair_boarding": 0,
        "routes": [
          {
            "route_id": "7",
            "agency_id": "0",
            "route_short_name": "7",
            "route_long_name": "C Line Station/El Monte Station",
            "route_type": 3,
            "route_color": "#cf9f24",
            "route_text_color": "#ffffff",
            "route_sort_order": 7
          }
        ],
        "agency_name": "Norwalk Transit System"
      },
      "geometry": {
        "type": "Point",
        "coordinates": [
          -118.032565,
          33.975235
        ]
      }
    },
    {
      "type": "Feature",
      "properties": {
        "stop_id": "1236",
        "stop_code": "1236",
        "stop_name": "Painter Avenue and Philadelphia Street",
        "location_type": 0,
        "wheelchair_boarding": 0,
        "routes": [
          {
            "route_id": "7",
            "agency_id": "0",
            "route_short_name": "7",
            "route_long_name": "C Line Station/El Monte Station",
            "route_type": 3,
            "route_color": "#cf9f24",
            "route_text_color": "#ffffff",
            "route_sort_order": 7
          }
        ],
        "agency_name": "Norwalk Transit System"
      },
      "geometry": {
        "type": "Point",
        "coordinates": [
          -118.032787,
          33.979261
        ]
      }
    },
    {
      "type": "Feature",
      "properties": {
        "stop_id": "1237",
        "stop_code": "1237",
        "stop_name": "Painter Avenue and Philadelphia Street",
        "location_type": 0,
        "wheelchair_boarding": 0,
        "routes": [
          {
            "route_id": "7",
            "agency_id": "0",
            "route_short_name": "7",
            "route_long_name": "C Line Station/El Monte Station",
            "route_type": 3,
            "route_color": "#cf9f24",
            "route_text_color": "#ffffff",
            "route_sort_order": 7
          }
        ],
        "agency_name": "Norwalk Transit System"
      },
      "geometry": {
        "type": "Point",
        "coordinates": [
          -118.032541,
          33.979525
        ]
      }
    },
    {
      "type": "Feature",
      "properties": {
        "stop_id": "1238",
        "stop_code": "1238",
        "stop_name": "Painter Avenue and Wardman Street",
        "location_type": 0,
        "wheelchair_boarding": 0,
        "routes": [
          {
            "route_id": "7",
            "agency_id": "0",
            "route_short_name": "7",
            "route_long_name": "C Line Station/El Monte Station",
            "route_type": 3,
            "route_color": "#cf9f24",
            "route_text_color": "#ffffff",
            "route_sort_order": 7
          }
        ],
        "agency_name": "Norwalk Transit System"
      },
      "geometry": {
        "type": "Point",
        "coordinates": [
          -118.032556,
          33.977176
        ]
      }
    },
    {
      "type": "Feature",
      "properties": {
        "stop_id": "1239",
        "stop_code": "1239",
        "stop_name": "Painter Avenue and Wardman Street",
        "location_type": 0,
        "wheelchair_boarding": 0,
        "routes": [
          {
            "route_id": "7",
            "agency_id": "0",
            "route_short_name": "7",
            "route_long_name": "C Line Station/El Monte Station",
            "route_type": 3,
            "route_color": "#cf9f24",
            "route_text_color": "#ffffff",
            "route_sort_order": 7
          }
        ],
        "agency_name": "Norwalk Transit System"
      },
      "geometry": {
        "type": "Point",
        "coordinates": [
          -118.032779,
          33.977388
        ]
      }
    },
    {
      "type": "Feature",
      "properties": {
        "stop_id": "1240",
        "stop_code": "1240",
        "stop_name": "Peck Road and Durfee Avenue",
        "location_type": 0,
        "wheelchair_boarding": 0,
        "routes": [
          {
            "route_id": "7",
            "agency_id": "0",
            "route_short_name": "7",
            "route_long_name": "C Line Station/El Monte Station",
            "route_type": 3,
            "route_color": "#cf9f24",
            "route_text_color": "#ffffff",
            "route_sort_order": 7
          }
        ],
        "agency_name": "Norwalk Transit System"
      },
      "geometry": {
        "type": "Point",
        "coordinates": [
          -118.038599,
          34.035878
        ]
      }
    },
    {
      "type": "Feature",
      "properties": {
        "stop_id": "1241",
        "stop_code": "1241",
        "stop_name": "Peck Road and Durfee Avenue",
        "location_type": 0,
        "wheelchair_boarding": 0,
        "routes": [
          {
            "route_id": "7",
            "agency_id": "0",
            "route_short_name": "7",
            "route_long_name": "C Line Station/El Monte Station",
            "route_type": 3,
            "route_color": "#cf9f24",
            "route_text_color": "#ffffff",
            "route_sort_order": 7
          }
        ],
        "agency_name": "Norwalk Transit System"
      },
      "geometry": {
        "type": "Point",
        "coordinates": [
          -118.038334,
          34.036622
        ]
      }
    },
    {
      "type": "Feature",
      "properties": {
        "stop_id": "1242",
        "stop_code": "1242",
        "stop_name": "Peck Road and Fineview Street",
        "location_type": 0,
        "wheelchair_boarding": 0,
        "routes": [
          {
            "route_id": "7",
            "agency_id": "0",
            "route_short_name": "7",
            "route_long_name": "C Line Station/El Monte Station",
            "route_type": 3,
            "route_color": "#cf9f24",
            "route_text_color": "#ffffff",
            "route_sort_order": 7
          }
        ],
        "agency_name": "Norwalk Transit System"
      },
      "geometry": {
        "type": "Point",
        "coordinates": [
          -118.030729,
          34.051356
        ]
      }
    },
    {
      "type": "Feature",
      "properties": {
        "stop_id": "1243",
        "stop_code": "1243",
        "stop_name": "Peck Road and Fineview Street",
        "location_type": 0,
        "wheelchair_boarding": 0,
        "routes": [
          {
            "route_id": "7",
            "agency_id": "0",
            "route_short_name": "7",
            "route_long_name": "C Line Station/El Monte Station",
            "route_type": 3,
            "route_color": "#cf9f24",
            "route_text_color": "#ffffff",
            "route_sort_order": 7
          }
        ],
        "agency_name": "Norwalk Transit System"
      },
      "geometry": {
        "type": "Point",
        "coordinates": [
          -118.030495,
          34.052085
        ]
      }
    },
    {
      "type": "Feature",
      "properties": {
        "stop_id": "1244",
        "stop_code": "1244",
        "stop_name": "Peck Road and Garvey Avenue",
        "location_type": 0,
        "wheelchair_boarding": 0,
        "routes": [
          {
            "route_id": "7",
            "agency_id": "0",
            "route_short_name": "7",
            "route_long_name": "C Line Station/El Monte Station",
            "route_type": 3,
            "route_color": "#cf9f24",
            "route_text_color": "#ffffff",
            "route_sort_order": 7
          }
        ],
        "agency_name": "Norwalk Transit System"
      },
      "geometry": {
        "type": "Point",
        "coordinates": [
          -118.03041,
          34.063126
        ]
      }
    },
    {
      "type": "Feature",
      "properties": {
        "stop_id": "1245",
        "stop_code": "1245",
        "stop_name": "Peck Road and Garvey Avenue",
        "location_type": 0,
        "wheelchair_boarding": 0,
        "routes": [
          {
            "route_id": "7",
            "agency_id": "0",
            "route_short_name": "7",
            "route_long_name": "C Line Station/El Monte Station",
            "route_type": 3,
            "route_color": "#cf9f24",
            "route_text_color": "#ffffff",
            "route_sort_order": 7
          }
        ],
        "agency_name": "Norwalk Transit System"
      },
      "geometry": {
        "type": "Point",
        "coordinates": [
          -118.030616,
          34.063192
        ]
      }
    },
    {
      "type": "Feature",
      "properties": {
        "stop_id": "1246",
        "stop_code": "1246",
        "stop_name": "Peck Road and Klingerman Street",
        "location_type": 0,
        "wheelchair_boarding": 0,
        "routes": [
          {
            "route_id": "7",
            "agency_id": "0",
            "route_short_name": "7",
            "route_long_name": "C Line Station/El Monte Station",
            "route_type": 3,
            "route_color": "#cf9f24",
            "route_text_color": "#ffffff",
            "route_sort_order": 7
          }
        ],
        "agency_name": "Norwalk Transit System"
      },
      "geometry": {
        "type": "Point",
        "coordinates": [
          -118.030429,
          34.056314
        ]
      }
    },
    {
      "type": "Feature",
      "properties": {
        "stop_id": "1247",
        "stop_code": "1247",
        "stop_name": "Peck Road and Meeker Avenue",
        "location_type": 0,
        "wheelchair_boarding": 0,
        "routes": [
          {
            "route_id": "7",
            "agency_id": "0",
            "route_short_name": "7",
            "route_long_name": "C Line Station/El Monte Station",
            "route_type": 3,
            "route_color": "#cf9f24",
            "route_text_color": "#ffffff",
            "route_sort_order": 7
          }
        ],
        "agency_name": "Norwalk Transit System"
      },
      "geometry": {
        "type": "Point",
        "coordinates": [
          -118.030597,
          34.065273
        ]
      }
    },
    {
      "type": "Feature",
      "properties": {
        "stop_id": "1248",
        "stop_code": "1248",
        "stop_name": "Peck Road and Meeker Avenue",
        "location_type": 0,
        "wheelchair_boarding": 0,
        "routes": [
          {
            "route_id": "7",
            "agency_id": "0",
            "route_short_name": "7",
            "route_long_name": "C Line Station/El Monte Station",
            "route_type": 3,
            "route_color": "#cf9f24",
            "route_text_color": "#ffffff",
            "route_sort_order": 7
          }
        ],
        "agency_name": "Norwalk Transit System"
      },
      "geometry": {
        "type": "Point",
        "coordinates": [
          -118.030161,
          34.065733
        ]
      }
    },
    {
      "type": "Feature",
      "properties": {
        "stop_id": "1249",
        "stop_code": "1249",
        "stop_name": "Peck Road and Mountain View Road",
        "location_type": 0,
        "wheelchair_boarding": 0,
        "routes": [
          {
            "route_id": "7",
            "agency_id": "0",
            "route_short_name": "7",
            "route_long_name": "C Line Station/El Monte Station",
            "route_type": 3,
            "route_color": "#cf9f24",
            "route_text_color": "#ffffff",
            "route_sort_order": 7
          }
        ],
        "agency_name": "Norwalk Transit System"
      },
      "geometry": {
        "type": "Point",
        "coordinates": [
          -118.030735,
          34.05569
        ]
      }
    },
    {
      "type": "Feature",
      "properties": {
        "stop_id": "1250",
        "stop_code": "1250",
        "stop_name": "Peck Road and Rooks Road",
        "location_type": 0,
        "wheelchair_boarding": 0,
        "routes": [
          {
            "route_id": "7",
            "agency_id": "0",
            "route_short_name": "7",
            "route_long_name": "C Line Station/El Monte Station",
            "route_type": 3,
            "route_color": "#cf9f24",
            "route_text_color": "#ffffff",
            "route_sort_order": 7
          }
        ],
        "agency_name": "Norwalk Transit System"
      },
      "geometry": {
        "type": "Point",
        "coordinates": [
          -118.037443,
          34.030499
        ]
      }
    },
    {
      "type": "Feature",
      "properties": {
        "stop_id": "1251",
        "stop_code": "1251",
        "stop_name": "Peck Road and Rooks Road",
        "location_type": 0,
        "wheelchair_boarding": 0,
        "routes": [
          {
            "route_id": "7",
            "agency_id": "0",
            "route_short_name": "7",
            "route_long_name": "C Line Station/El Monte Station",
            "route_type": 3,
            "route_color": "#cf9f24",
            "route_text_color": "#ffffff",
            "route_sort_order": 7
          }
        ],
        "agency_name": "Norwalk Transit System"
      },
      "geometry": {
        "type": "Point",
        "coordinates": [
          -118.037136,
          34.030567
        ]
      }
    },
    {
      "type": "Feature",
      "properties": {
        "stop_id": "1252",
        "stop_code": "1252",
        "stop_name": "Peck Road/Elliott",
        "location_type": 0,
        "wheelchair_boarding": 0,
        "routes": [
          {
            "route_id": "7",
            "agency_id": "0",
            "route_short_name": "7",
            "route_long_name": "C Line Station/El Monte Station",
            "route_type": 3,
            "route_color": "#cf9f24",
            "route_text_color": "#ffffff",
            "route_sort_order": 7
          }
        ],
        "agency_name": "Norwalk Transit System"
      },
      "geometry": {
        "type": "Point",
        "coordinates": [
          -118.030719,
          34.058369
        ]
      }
    },
    {
      "type": "Feature",
      "properties": {
        "stop_id": "1253",
        "stop_code": "1253",
        "stop_name": "Peck/Elliott",
        "location_type": 0,
        "wheelchair_boarding": 0,
        "routes": [
          {
            "route_id": "7",
            "agency_id": "0",
            "route_short_name": "7",
            "route_long_name": "C Line Station/El Monte Station",
            "route_type": 3,
            "route_color": "#cf9f24",
            "route_text_color": "#ffffff",
            "route_sort_order": 7
          }
        ],
        "agency_name": "Norwalk Transit System"
      },
      "geometry": {
        "type": "Point",
        "coordinates": [
          -118.030409,
          34.058807
        ]
      }
    },
    {
      "type": "Feature",
      "properties": {
        "stop_id": "1254",
        "stop_code": "1254",
        "stop_name": "Pickering Avenue and Mar Vista Street",
        "location_type": 0,
        "wheelchair_boarding": 0,
        "routes": [
          {
            "route_id": "7",
            "agency_id": "0",
            "route_short_name": "7",
            "route_long_name": "C Line Station/El Monte Station",
            "route_type": 3,
            "route_color": "#cf9f24",
            "route_text_color": "#ffffff",
            "route_sort_order": 7
          }
        ],
        "agency_name": "Norwalk Transit System"
      },
      "geometry": {
        "type": "Point",
        "coordinates": [
          -118.042166,
          33.97343
        ]
      }
    },
    {
      "type": "Feature",
      "properties": {
        "stop_id": "1255",
        "stop_code": "1255",
        "stop_name": "Pickering Avenue and Mar Vista Street",
        "location_type": 0,
        "wheelchair_boarding": 0,
        "routes": [
          {
            "route_id": "7",
            "agency_id": "0",
            "route_short_name": "7",
            "route_long_name": "C Line Station/El Monte Station",
            "route_type": 3,
            "route_color": "#cf9f24",
            "route_text_color": "#ffffff",
            "route_sort_order": 7
          }
        ],
        "agency_name": "Norwalk Transit System"
      },
      "geometry": {
        "type": "Point",
        "coordinates": [
          -118.041992,
          33.973522
        ]
      }
    },
    {
      "type": "Feature",
      "properties": {
        "stop_id": "1256",
        "stop_code": "1256",
        "stop_name": "Pickering Avenue and Walnut Street",
        "location_type": 0,
        "wheelchair_boarding": 0,
        "routes": [
          {
            "route_id": "7",
            "agency_id": "0",
            "route_short_name": "7",
            "route_long_name": "C Line Station/El Monte Station",
            "route_type": 3,
            "route_color": "#cf9f24",
            "route_text_color": "#ffffff",
            "route_sort_order": 7
          }
        ],
        "agency_name": "Norwalk Transit System"
      },
      "geometry": {
        "type": "Point",
        "coordinates": [
          -118.041997,
          33.971738
        ]
      }
    },
    {
      "type": "Feature",
      "properties": {
        "stop_id": "1257",
        "stop_code": "1257",
        "stop_name": "Pickering Avenue and Walnut Street",
        "location_type": 0,
        "wheelchair_boarding": 0,
        "routes": [
          {
            "route_id": "7",
            "agency_id": "0",
            "route_short_name": "7",
            "route_long_name": "C Line Station/El Monte Station",
            "route_type": 3,
            "route_color": "#cf9f24",
            "route_text_color": "#ffffff",
            "route_sort_order": 7
          }
        ],
        "agency_name": "Norwalk Transit System"
      },
      "geometry": {
        "type": "Point",
        "coordinates": [
          -118.042156,
          33.971818
        ]
      }
    },
    {
      "type": "Feature",
      "properties": {
        "stop_id": "1258",
        "stop_code": "1258",
        "stop_name": "Pickering Avenue and Whittier Boulevard",
        "location_type": 0,
        "wheelchair_boarding": 0,
        "routes": [
          {
            "route_id": "7",
            "agency_id": "0",
            "route_short_name": "7",
            "route_long_name": "C Line Station/El Monte Station",
            "route_type": 3,
            "route_color": "#cf9f24",
            "route_text_color": "#ffffff",
            "route_sort_order": 7
          }
        ],
        "agency_name": "Norwalk Transit System"
      },
      "geometry": {
        "type": "Point",
        "coordinates": [
          -118.041998,
          33.969045
        ]
      }
    },
    {
      "type": "Feature",
      "properties": {
        "stop_id": "1259",
        "stop_code": "1259",
        "stop_name": "Pickering Avenue and Whittier Boulevard",
        "location_type": 0,
        "wheelchair_boarding": 0,
        "routes": [
          {
            "route_id": "7",
            "agency_id": "0",
            "route_short_name": "7",
            "route_long_name": "C Line Station/El Monte Station",
            "route_type": 3,
            "route_color": "#cf9f24",
            "route_text_color": "#ffffff",
            "route_sort_order": 7
          }
        ],
        "agency_name": "Norwalk Transit System"
      },
      "geometry": {
        "type": "Point",
        "coordinates": [
          -118.04219,
          33.969244
        ]
      }
    },
    {
      "type": "Feature",
      "properties": {
        "stop_id": "1260",
        "stop_code": "1260",
        "stop_name": "Pioneer Boulevard and 163rd Street- S/E",
        "location_type": 0,
        "wheelchair_boarding": 0,
        "routes": [
          {
            "route_id": "2",
            "agency_id": "0",
            "route_short_name": "2",
            "route_long_name": "NSQ/C Line/Cerritos College/Cerritos Mal",
            "route_type": 3,
            "route_color": "#0083A8",
            "route_text_color": "#ffffff",
            "route_sort_order": 2
          }
        ],
        "agency_name": "Norwalk Transit System"
      },
      "geometry": {
        "type": "Point",
        "coordinates": [
          -118.082255,
          33.883482
        ]
      }
    },
    {
      "type": "Feature",
      "properties": {
        "stop_id": "1261",
        "stop_code": "1261",
        "stop_name": "Pioneer Boulevard and 166th Street- N/E",
        "location_type": 0,
        "wheelchair_boarding": 0,
        "routes": [
          {
            "route_id": "2",
            "agency_id": "0",
            "route_short_name": "2",
            "route_long_name": "NSQ/C Line/Cerritos College/Cerritos Mal",
            "route_type": 3,
            "route_color": "#0083A8",
            "route_text_color": "#ffffff",
            "route_sort_order": 2
          }
        ],
        "agency_name": "Norwalk Transit System"
      },
      "geometry": {
        "type": "Point",
        "coordinates": [
          -118.082227,
          33.880925
        ]
      }
    },
    {
      "type": "Feature",
      "properties": {
        "stop_id": "1262",
        "stop_code": "1262",
        "stop_name": "Pioneer Boulevard and 166th Street- N/W",
        "location_type": 0,
        "wheelchair_boarding": 0,
        "routes": [
          {
            "route_id": "2",
            "agency_id": "0",
            "route_short_name": "2",
            "route_long_name": "NSQ/C Line/Cerritos College/Cerritos Mal",
            "route_type": 3,
            "route_color": "#0083A8",
            "route_text_color": "#ffffff",
            "route_sort_order": 2
          }
        ],
        "agency_name": "Norwalk Transit System"
      },
      "geometry": {
        "type": "Point",
        "coordinates": [
          -118.082519,
          33.880583
        ]
      }
    },
    {
      "type": "Feature",
      "properties": {
        "stop_id": "1263",
        "stop_code": "1263",
        "stop_name": "Pioneer Boulevard and 178th Street - N/E",
        "location_type": 0,
        "wheelchair_boarding": 0,
        "routes": [
          {
            "route_id": "2",
            "agency_id": "0",
            "route_short_name": "2",
            "route_long_name": "NSQ/C Line/Cerritos College/Cerritos Mal",
            "route_type": 3,
            "route_color": "#0083A8",
            "route_text_color": "#ffffff",
            "route_sort_order": 2
          }
        ],
        "agency_name": "Norwalk Transit System"
      },
      "geometry": {
        "type": "Point",
        "coordinates": [
          -118.082098,
          33.869168
        ]
      }
    },
    {
      "type": "Feature",
      "properties": {
        "stop_id": "1264",
        "stop_code": "1264",
        "stop_name": "Pioneer Boulevard and 183rd Street- N/W",
        "location_type": 0,
        "wheelchair_boarding": 0,
        "routes": [
          {
            "route_id": "2",
            "agency_id": "0",
            "route_short_name": "2",
            "route_long_name": "NSQ/C Line/Cerritos College/Cerritos Mal",
            "route_type": 3,
            "route_color": "#0083A8",
            "route_text_color": "#ffffff",
            "route_sort_order": 2
          }
        ],
        "agency_name": "Norwalk Transit System"
      },
      "geometry": {
        "type": "Point",
        "coordinates": [
          -118.082358,
          33.865921
        ]
      }
    },
    {
      "type": "Feature",
      "properties": {
        "stop_id": "1265",
        "stop_code": "1265",
        "stop_name": "Pioneer Boulevard and Alondra Boulevard-",
        "location_type": 0,
        "wheelchair_boarding": 0,
        "routes": [
          {
            "route_id": "1",
            "agency_id": "0",
            "route_short_name": "1",
            "route_long_name": "Rio Hondo/Bellflower",
            "route_type": 3,
            "route_color": "#D11141",
            "route_text_color": "#ffffff",
            "route_sort_order": 1
          },
          {
            "route_id": "2",
            "agency_id": "0",
            "route_short_name": "2",
            "route_long_name": "NSQ/C Line/Cerritos College/Cerritos Mal",
            "route_type": 3,
            "route_color": "#0083A8",
            "route_text_color": "#ffffff",
            "route_sort_order": 2
          }
        ],
        "agency_name": "Norwalk Transit System"
      },
      "geometry": {
        "type": "Point",
        "coordinates": [
          -118.082606,
          33.887879
        ]
      }
    },
    {
      "type": "Feature",
      "properties": {
        "stop_id": "1266",
        "stop_code": "1266",
        "stop_name": "Pioneer Boulevard and Artesia Boulevard-",
        "location_type": 0,
        "wheelchair_boarding": 0,
        "routes": [
          {
            "route_id": "2",
            "agency_id": "0",
            "route_short_name": "2",
            "route_long_name": "NSQ/C Line/Cerritos College/Cerritos Mal",
            "route_type": 3,
            "route_color": "#0083A8",
            "route_text_color": "#ffffff",
            "route_sort_order": 2
          }
        ],
        "agency_name": "Norwalk Transit System"
      },
      "geometry": {
        "type": "Point",
        "coordinates": [
          -118.082142,
          33.8733
        ]
      }
    },
    {
      "type": "Feature",
      "properties": {
        "stop_id": "1267",
        "stop_code": "1267",
        "stop_name": "Pioneer Boulevard and Artesia Boulevard-",
        "location_type": 0,
        "wheelchair_boarding": 0,
        "routes": [
          {
            "route_id": "2",
            "agency_id": "0",
            "route_short_name": "2",
            "route_long_name": "NSQ/C Line/Cerritos College/Cerritos Mal",
            "route_type": 3,
            "route_color": "#0083A8",
            "route_text_color": "#ffffff",
            "route_sort_order": 2
          }
        ],
        "agency_name": "Norwalk Transit System"
      },
      "geometry": {
        "type": "Point",
        "coordinates": [
          -118.082449,
          33.873415
        ]
      }
    },
    {
      "type": "Feature",
      "properties": {
        "stop_id": "1268",
        "stop_code": "1268",
        "stop_name": "Pioneer Boulevard and Bluejay Lane- S/E",
        "location_type": 0,
        "wheelchair_boarding": 0,
        "routes": [
          {
            "route_id": "1",
            "agency_id": "0",
            "route_short_name": "1",
            "route_long_name": "Rio Hondo/Bellflower",
            "route_type": 3,
            "route_color": "#D11141",
            "route_text_color": "#ffffff",
            "route_sort_order": 1
          }
        ],
        "agency_name": "Norwalk Transit System"
      },
      "geometry": {
        "type": "Point",
        "coordinates": [
          -118.084396,
          33.959463
        ]
      }
    },
    {
      "type": "Feature",
      "properties": {
        "stop_id": "1269",
        "stop_code": "1269",
        "stop_name": "Pioneer Boulevard and Broaded Street- N/",
        "location_type": 0,
        "wheelchair_boarding": 0,
        "routes": [
          {
            "route_id": "1",
            "agency_id": "0",
            "route_short_name": "1",
            "route_long_name": "Rio Hondo/Bellflower",
            "route_type": 3,
            "route_color": "#D11141",
            "route_text_color": "#ffffff",
            "route_sort_order": 1
          }
        ],
        "agency_name": "Norwalk Transit System"
      },
      "geometry": {
        "type": "Point",
        "coordinates": [
          -118.085002,
          33.957923
        ]
      }
    },
    {
      "type": "Feature",
      "properties": {
        "stop_id": "1270",
        "stop_code": "1270",
        "stop_name": "Pioneer Boulevard and Charlesworth Road-",
        "location_type": 0,
        "wheelchair_boarding": 0,
        "routes": [
          {
            "route_id": "1",
            "agency_id": "0",
            "route_short_name": "1",
            "route_long_name": "Rio Hondo/Bellflower",
            "route_type": 3,
            "route_color": "#D11141",
            "route_text_color": "#ffffff",
            "route_sort_order": 1
          }
        ],
        "agency_name": "Norwalk Transit System"
      },
      "geometry": {
        "type": "Point",
        "coordinates": [
          -118.085619,
          33.956074
        ]
      }
    },
    {
      "type": "Feature",
      "properties": {
        "stop_id": "1271",
        "stop_code": "1271",
        "stop_name": "Pioneer Boulevard and Cheshire Street- N",
        "location_type": 0,
        "wheelchair_boarding": 0,
        "routes": [
          {
            "route_id": "1",
            "agency_id": "0",
            "route_short_name": "1",
            "route_long_name": "Rio Hondo/Bellflower",
            "route_type": 3,
            "route_color": "#D11141",
            "route_text_color": "#ffffff",
            "route_sort_order": 1
          },
          {
            "route_id": "2",
            "agency_id": "0",
            "route_short_name": "2",
            "route_long_name": "NSQ/C Line/Cerritos College/Cerritos Mal",
            "route_type": 3,
            "route_color": "#0083A8",
            "route_text_color": "#ffffff",
            "route_sort_order": 2
          }
        ],
        "agency_name": "Norwalk Transit System"
      },
      "geometry": {
        "type": "Point",
        "coordinates": [
          -118.082332,
          33.890746
        ]
      }
    },
    {
      "type": "Feature",
      "properties": {
        "stop_id": "1272",
        "stop_code": "1272",
        "stop_name": "Pioneer Boulevard and Excelsior Drive- N",
        "location_type": 0,
        "wheelchair_boarding": 0,
        "routes": [
          {
            "route_id": "1",
            "agency_id": "0",
            "route_short_name": "1",
            "route_long_name": "Rio Hondo/Bellflower",
            "route_type": 3,
            "route_color": "#D11141",
            "route_text_color": "#ffffff",
            "route_sort_order": 1
          },
          {
            "route_id": "2",
            "agency_id": "0",
            "route_short_name": "2",
            "route_long_name": "NSQ/C Line/Cerritos College/Cerritos Mal",
            "route_type": 3,
            "route_color": "#0083A8",
            "route_text_color": "#ffffff",
            "route_sort_order": 2
          }
        ],
        "agency_name": "Norwalk Transit System"
      },
      "geometry": {
        "type": "Point",
        "coordinates": [
          -118.082384,
          33.89518
        ]
      }
    },
    {
      "type": "Feature",
      "properties": {
        "stop_id": "1273",
        "stop_code": "1273",
        "stop_name": "Pioneer Boulevard and Excelsior Drive-S/",
        "location_type": 0,
        "wheelchair_boarding": 0,
        "routes": [
          {
            "route_id": "1",
            "agency_id": "0",
            "route_short_name": "1",
            "route_long_name": "Rio Hondo/Bellflower",
            "route_type": 3,
            "route_color": "#D11141",
            "route_text_color": "#ffffff",
            "route_sort_order": 1
          },
          {
            "route_id": "2",
            "agency_id": "0",
            "route_short_name": "2",
            "route_long_name": "NSQ/C Line/Cerritos College/Cerritos Mal",
            "route_type": 3,
            "route_color": "#0083A8",
            "route_text_color": "#ffffff",
            "route_sort_order": 2
          }
        ],
        "agency_name": "Norwalk Transit System"
      },
      "geometry": {
        "type": "Point",
        "coordinates": [
          -118.082664,
          33.894637
        ]
      }
    },
    {
      "type": "Feature",
      "properties": {
        "stop_id": "1275",
        "stop_code": "1275",
        "stop_name": "Pioneer Boulevard and Foster Road- S/E C",
        "location_type": 0,
        "wheelchair_boarding": 0,
        "routes": [
          {
            "route_id": "1",
            "agency_id": "0",
            "route_short_name": "1",
            "route_long_name": "Rio Hondo/Bellflower",
            "route_type": 3,
            "route_color": "#D11141",
            "route_text_color": "#ffffff",
            "route_sort_order": 1
          },
          {
            "route_id": "2",
            "agency_id": "0",
            "route_short_name": "2",
            "route_long_name": "NSQ/C Line/Cerritos College/Cerritos Mal",
            "route_type": 3,
            "route_color": "#0083A8",
            "route_text_color": "#ffffff",
            "route_sort_order": 2
          }
        ],
        "agency_name": "Norwalk Transit System"
      },
      "geometry": {
        "type": "Point",
        "coordinates": [
          -118.082282,
          33.909527
        ]
      }
    },
    {
      "type": "Feature",
      "properties": {
        "stop_id": "1277",
        "stop_code": "1277",
        "stop_name": "Hindu Temple (15311 Pioneer Boulevard)",
        "location_type": 0,
        "wheelchair_boarding": 0,
        "routes": [
          {
            "route_id": "1",
            "agency_id": "0",
            "route_short_name": "1",
            "route_long_name": "Rio Hondo/Bellflower",
            "route_type": 3,
            "route_color": "#D11141",
            "route_text_color": "#ffffff",
            "route_sort_order": 1
          },
          {
            "route_id": "2",
            "agency_id": "0",
            "route_short_name": "2",
            "route_long_name": "NSQ/C Line/Cerritos College/Cerritos Mal",
            "route_type": 3,
            "route_color": "#0083A8",
            "route_text_color": "#ffffff",
            "route_sort_order": 2
          }
        ],
        "agency_name": "Norwalk Transit System"
      },
      "geometry": {
        "type": "Point",
        "coordinates": [
          -118.082644,
          33.892307
        ]
      }
    },
    {
      "type": "Feature",
      "properties": {
        "stop_id": "1278",
        "stop_code": "1278",
        "stop_name": "Pioneer Boulevard and Lindale- S/E Corne",
        "location_type": 0,
        "wheelchair_boarding": 0,
        "routes": [
          {
            "route_id": "1",
            "agency_id": "0",
            "route_short_name": "1",
            "route_long_name": "Rio Hondo/Bellflower",
            "route_type": 3,
            "route_color": "#D11141",
            "route_text_color": "#ffffff",
            "route_sort_order": 1
          },
          {
            "route_id": "2",
            "agency_id": "0",
            "route_short_name": "2",
            "route_long_name": "NSQ/C Line/Cerritos College/Cerritos Mal",
            "route_type": 3,
            "route_color": "#0083A8",
            "route_text_color": "#ffffff",
            "route_sort_order": 2
          }
        ],
        "agency_name": "Norwalk Transit System"
      },
      "geometry": {
        "type": "Point",
        "coordinates": [
          -118.082432,
          33.900043
        ]
      }
    },
    {
      "type": "Feature",
      "properties": {
        "stop_id": "1279",
        "stop_code": "1279",
        "stop_name": "Pioneer Boulevard and Lindale-S/W Corner",
        "location_type": 0,
        "wheelchair_boarding": 0,
        "routes": [
          {
            "route_id": "1",
            "agency_id": "0",
            "route_short_name": "1",
            "route_long_name": "Rio Hondo/Bellflower",
            "route_type": 3,
            "route_color": "#D11141",
            "route_text_color": "#ffffff",
            "route_sort_order": 1
          },
          {
            "route_id": "2",
            "agency_id": "0",
            "route_short_name": "2",
            "route_long_name": "NSQ/C Line/Cerritos College/Cerritos Mal",
            "route_type": 3,
            "route_color": "#0083A8",
            "route_text_color": "#ffffff",
            "route_sort_order": 2
          }
        ],
        "agency_name": "Norwalk Transit System"
      },
      "geometry": {
        "type": "Point",
        "coordinates": [
          -118.082724,
          33.900132
        ]
      }
    },
    {
      "type": "Feature",
      "properties": {
        "stop_id": "1280",
        "stop_code": "1280",
        "stop_name": "Pioneer Boulevard and Los Nietos Road- S",
        "location_type": 0,
        "wheelchair_boarding": 0,
        "routes": [
          {
            "route_id": "1",
            "agency_id": "0",
            "route_short_name": "1",
            "route_long_name": "Rio Hondo/Bellflower",
            "route_type": 3,
            "route_color": "#D11141",
            "route_text_color": "#ffffff",
            "route_sort_order": 1
          }
        ],
        "agency_name": "Norwalk Transit System"
      },
      "geometry": {
        "type": "Point",
        "coordinates": [
          -118.083461,
          33.961512
        ]
      }
    },
    {
      "type": "Feature",
      "properties": {
        "stop_id": "1281",
        "stop_code": "1281",
        "stop_name": "Pioneer Boulevard and Mapledale Street-",
        "location_type": 0,
        "wheelchair_boarding": 0,
        "routes": [
          {
            "route_id": "1",
            "agency_id": "0",
            "route_short_name": "1",
            "route_long_name": "Rio Hondo/Bellflower",
            "route_type": 3,
            "route_color": "#D11141",
            "route_text_color": "#ffffff",
            "route_sort_order": 1
          },
          {
            "route_id": "2",
            "agency_id": "0",
            "route_short_name": "2",
            "route_long_name": "NSQ/C Line/Cerritos College/Cerritos Mal",
            "route_type": 3,
            "route_color": "#0083A8",
            "route_text_color": "#ffffff",
            "route_sort_order": 2
          }
        ],
        "agency_name": "Norwalk Transit System"
      },
      "geometry": {
        "type": "Point",
        "coordinates": [
          -118.08242,
          33.898705
        ]
      }
    },
    {
      "type": "Feature",
      "properties": {
        "stop_id": "1282",
        "stop_code": "1282",
        "stop_name": "Pioneer Boulevard and Mapledale Street-",
        "location_type": 0,
        "wheelchair_boarding": 0,
        "routes": [
          {
            "route_id": "1",
            "agency_id": "0",
            "route_short_name": "1",
            "route_long_name": "Rio Hondo/Bellflower",
            "route_type": 3,
            "route_color": "#D11141",
            "route_text_color": "#ffffff",
            "route_sort_order": 1
          },
          {
            "route_id": "2",
            "agency_id": "0",
            "route_short_name": "2",
            "route_long_name": "NSQ/C Line/Cerritos College/Cerritos Mal",
            "route_type": 3,
            "route_color": "#0083A8",
            "route_text_color": "#ffffff",
            "route_sort_order": 2
          }
        ],
        "agency_name": "Norwalk Transit System"
      },
      "geometry": {
        "type": "Point",
        "coordinates": [
          -118.082673,
          33.898239
        ]
      }
    },
    {
      "type": "Feature",
      "properties": {
        "stop_id": "1283",
        "stop_code": "1283",
        "stop_name": "Pioneer Boulevard at Neighborhood Center",
        "location_type": 0,
        "wheelchair_boarding": 0,
        "routes": [
          {
            "route_id": "1",
            "agency_id": "0",
            "route_short_name": "1",
            "route_long_name": "Rio Hondo/Bellflower",
            "route_type": 3,
            "route_color": "#D11141",
            "route_text_color": "#ffffff",
            "route_sort_order": 1
          }
        ],
        "agency_name": "Norwalk Transit System"
      },
      "geometry": {
        "type": "Point",
        "coordinates": [
          -118.085158,
          33.958343
        ]
      }
    },
    {
      "type": "Feature",
      "properties": {
        "stop_id": "1284",
        "stop_code": "1284",
        "stop_name": "Pioneer Boulevard and Orange Street- S/E",
        "location_type": 0,
        "wheelchair_boarding": 0,
        "routes": [
          {
            "route_id": "1",
            "agency_id": "0",
            "route_short_name": "1",
            "route_long_name": "Rio Hondo/Bellflower",
            "route_type": 3,
            "route_color": "#D11141",
            "route_text_color": "#ffffff",
            "route_sort_order": 1
          },
          {
            "route_id": "2",
            "agency_id": "0",
            "route_short_name": "2",
            "route_long_name": "NSQ/C Line/Cerritos College/Cerritos Mal",
            "route_type": 3,
            "route_color": "#0083A8",
            "route_text_color": "#ffffff",
            "route_sort_order": 2
          }
        ],
        "agency_name": "Norwalk Transit System"
      },
      "geometry": {
        "type": "Point",
        "coordinates": [
          -118.082498,
          33.905088
        ]
      }
    },
    {
      "type": "Feature",
      "properties": {
        "stop_id": "1285",
        "stop_code": "1285",
        "stop_name": "Pioneer Boulevard and Slauson Avenue- S/",
        "location_type": 0,
        "wheelchair_boarding": 0,
        "routes": [
          {
            "route_id": "1",
            "agency_id": "0",
            "route_short_name": "1",
            "route_long_name": "Rio Hondo/Bellflower",
            "route_type": 3,
            "route_color": "#D11141",
            "route_text_color": "#ffffff",
            "route_sort_order": 1
          }
        ],
        "agency_name": "Norwalk Transit System"
      },
      "geometry": {
        "type": "Point",
        "coordinates": [
          -118.082233,
          33.966715
        ]
      }
    },
    {
      "type": "Feature",
      "properties": {
        "stop_id": "1286",
        "stop_code": "1286",
        "stop_name": "Pioneer Boulevard and Slauson Avenue- S/",
        "location_type": 0,
        "wheelchair_boarding": 0,
        "routes": [
          {
            "route_id": "1",
            "agency_id": "0",
            "route_short_name": "1",
            "route_long_name": "Rio Hondo/Bellflower",
            "route_type": 3,
            "route_color": "#D11141",
            "route_text_color": "#ffffff",
            "route_sort_order": 1
          }
        ],
        "agency_name": "Norwalk Transit System"
      },
      "geometry": {
        "type": "Point",
        "coordinates": [
          -118.082575,
          33.966704
        ]
      }
    },
    {
      "type": "Feature",
      "properties": {
        "stop_id": "1288",
        "stop_code": "1288",
        "stop_name": "Pioneer Boulevard at Artesia Boulevard O",
        "location_type": 0,
        "wheelchair_boarding": 0,
        "routes": [
          {
            "route_id": "2",
            "agency_id": "0",
            "route_short_name": "2",
            "route_long_name": "NSQ/C Line/Cerritos College/Cerritos Mal",
            "route_type": 3,
            "route_color": "#0083A8",
            "route_text_color": "#ffffff",
            "route_sort_order": 2
          }
        ],
        "agency_name": "Norwalk Transit System"
      },
      "geometry": {
        "type": "Point",
        "coordinates": [
          -118.082429,
          33.868873
        ]
      }
    },
    {
      "type": "Feature",
      "properties": {
        "stop_id": "1289",
        "stop_code": "1289",
        "stop_name": "Pioneer Boulevard at Little Lake Park",
        "location_type": 0,
        "wheelchair_boarding": 0,
        "routes": [
          {
            "route_id": "3",
            "agency_id": "0",
            "route_short_name": "3",
            "route_long_name": "Gateway Plaza/Norwalk/166th Street",
            "route_type": 3,
            "route_color": "#333092",
            "route_text_color": "#ffffff",
            "route_sort_order": 3
          }
        ],
        "agency_name": "Norwalk Transit System"
      },
      "geometry": {
        "type": "Point",
        "coordinates": [
          -118.081689,
          33.933291
        ]
      }
    },
    {
      "type": "Feature",
      "properties": {
        "stop_id": "1290",
        "stop_code": "1290",
        "stop_name": "Pioneer Boulevard opposite 163rd Street",
        "location_type": 0,
        "wheelchair_boarding": 0,
        "routes": [
          {
            "route_id": "2",
            "agency_id": "0",
            "route_short_name": "2",
            "route_long_name": "NSQ/C Line/Cerritos College/Cerritos Mal",
            "route_type": 3,
            "route_color": "#0083A8",
            "route_text_color": "#ffffff",
            "route_sort_order": 2
          }
        ],
        "agency_name": "Norwalk Transit System"
      },
      "geometry": {
        "type": "Point",
        "coordinates": [
          -118.082538,
          33.883148
        ]
      }
    },
    {
      "type": "Feature",
      "properties": {
        "stop_id": "1291",
        "stop_code": "1291",
        "stop_name": "Pioneer Boulevard opposite Bluejay Lane",
        "location_type": 0,
        "wheelchair_boarding": 0,
        "routes": [
          {
            "route_id": "1",
            "agency_id": "0",
            "route_short_name": "1",
            "route_long_name": "Rio Hondo/Bellflower",
            "route_type": 3,
            "route_color": "#D11141",
            "route_text_color": "#ffffff",
            "route_sort_order": 1
          }
        ],
        "agency_name": "Norwalk Transit System"
      },
      "geometry": {
        "type": "Point",
        "coordinates": [
          -118.084692,
          33.959487
        ]
      }
    },
    {
      "type": "Feature",
      "properties": {
        "stop_id": "1292",
        "stop_code": "1292",
        "stop_name": "Pioneer Boulevard opposite Cheshire Stre",
        "location_type": 0,
        "wheelchair_boarding": 0,
        "routes": [
          {
            "route_id": "1",
            "agency_id": "0",
            "route_short_name": "1",
            "route_long_name": "Rio Hondo/Bellflower",
            "route_type": 3,
            "route_color": "#D11141",
            "route_text_color": "#ffffff",
            "route_sort_order": 1
          },
          {
            "route_id": "2",
            "agency_id": "0",
            "route_short_name": "2",
            "route_long_name": "NSQ/C Line/Cerritos College/Cerritos Mal",
            "route_type": 3,
            "route_color": "#0083A8",
            "route_text_color": "#ffffff",
            "route_sort_order": 2
          }
        ],
        "agency_name": "Norwalk Transit System"
      },
      "geometry": {
        "type": "Point",
        "coordinates": [
          -118.082615,
          33.890168
        ]
      }
    },
    {
      "type": "Feature",
      "properties": {
        "stop_id": "1293",
        "stop_code": "1293",
        "stop_name": "Pioneer Boulevard opposite Los Nietos Ro",
        "location_type": 0,
        "wheelchair_boarding": 0,
        "routes": [
          {
            "route_id": "1",
            "agency_id": "0",
            "route_short_name": "1",
            "route_long_name": "Rio Hondo/Bellflower",
            "route_type": 3,
            "route_color": "#D11141",
            "route_text_color": "#ffffff",
            "route_sort_order": 1
          }
        ],
        "agency_name": "Norwalk Transit System"
      },
      "geometry": {
        "type": "Point",
        "coordinates": [
          -118.083747,
          33.961579
        ]
      }
    },
    {
      "type": "Feature",
      "properties": {
        "stop_id": "1294",
        "stop_code": "1294",
        "stop_name": "Pioneer/Alondra",
        "location_type": 0,
        "wheelchair_boarding": 0,
        "routes": [
          {
            "route_id": "1",
            "agency_id": "0",
            "route_short_name": "1",
            "route_long_name": "Rio Hondo/Bellflower",
            "route_type": 3,
            "route_color": "#D11141",
            "route_text_color": "#ffffff",
            "route_sort_order": 1
          },
          {
            "route_id": "2",
            "agency_id": "0",
            "route_short_name": "2",
            "route_long_name": "NSQ/C Line/Cerritos College/Cerritos Mal",
            "route_type": 3,
            "route_color": "#0083A8",
            "route_text_color": "#ffffff",
            "route_sort_order": 2
          }
        ],
        "agency_name": "Norwalk Transit System"
      },
      "geometry": {
        "type": "Point",
        "coordinates": [
          -118.082296,
          33.887887
        ]
      }
    },
    {
      "type": "Feature",
      "properties": {
        "stop_id": "1295",
        "stop_code": "1295",
        "stop_name": "Pioneer/Florence",
        "location_type": 0,
        "wheelchair_boarding": 0,
        "routes": [
          {
            "route_id": "3",
            "agency_id": "0",
            "route_short_name": "3",
            "route_long_name": "Gateway Plaza/Norwalk/166th Street",
            "route_type": 3,
            "route_color": "#333092",
            "route_text_color": "#ffffff",
            "route_sort_order": 3
          }
        ],
        "agency_name": "Norwalk Transit System"
      },
      "geometry": {
        "type": "Point",
        "coordinates": [
          -118.081965,
          33.934994
        ]
      }
    },
    {
      "type": "Feature",
      "properties": {
        "stop_id": "1296",
        "stop_code": "1296",
        "stop_name": "Pioneer/Rosecrans",
        "location_type": 0,
        "wheelchair_boarding": 0,
        "routes": [
          {
            "route_id": "1",
            "agency_id": "0",
            "route_short_name": "1",
            "route_long_name": "Rio Hondo/Bellflower",
            "route_type": 3,
            "route_color": "#D11141",
            "route_text_color": "#ffffff",
            "route_sort_order": 1
          },
          {
            "route_id": "2",
            "agency_id": "0",
            "route_short_name": "2",
            "route_long_name": "NSQ/C Line/Cerritos College/Cerritos Mal",
            "route_type": 3,
            "route_color": "#0083A8",
            "route_text_color": "#ffffff",
            "route_sort_order": 2
          }
        ],
        "agency_name": "Norwalk Transit System"
      },
      "geometry": {
        "type": "Point",
        "coordinates": [
          -118.082469,
          33.90299
        ]
      }
    },
    {
      "type": "Feature",
      "properties": {
        "stop_id": "1297",
        "stop_code": "1297",
        "stop_name": "Pioneer/Rosecrans",
        "location_type": 0,
        "wheelchair_boarding": 0,
        "routes": [
          {
            "route_id": "1",
            "agency_id": "0",
            "route_short_name": "1",
            "route_long_name": "Rio Hondo/Bellflower",
            "route_type": 3,
            "route_color": "#D11141",
            "route_text_color": "#ffffff",
            "route_sort_order": 1
          },
          {
            "route_id": "2",
            "agency_id": "0",
            "route_short_name": "2",
            "route_long_name": "NSQ/C Line/Cerritos College/Cerritos Mal",
            "route_type": 3,
            "route_color": "#0083A8",
            "route_text_color": "#ffffff",
            "route_sort_order": 2
          }
        ],
        "agency_name": "Norwalk Transit System"
      },
      "geometry": {
        "type": "Point",
        "coordinates": [
          -118.08275,
          33.901557
        ]
      }
    },
    {
      "type": "Feature",
      "properties": {
        "stop_id": "1298",
        "stop_code": "1298",
        "stop_name": "Ramona Boulevard and Lexington Avenue",
        "location_type": 0,
        "wheelchair_boarding": 0,
        "routes": [
          {
            "route_id": "7",
            "agency_id": "0",
            "route_short_name": "7",
            "route_long_name": "C Line Station/El Monte Station",
            "route_type": 3,
            "route_color": "#cf9f24",
            "route_text_color": "#ffffff",
            "route_sort_order": 7
          }
        ],
        "agency_name": "Norwalk Transit System"
      },
      "geometry": {
        "type": "Point",
        "coordinates": [
          -118.03974,
          34.071878
        ]
      }
    },
    {
      "type": "Feature",
      "properties": {
        "stop_id": "1299",
        "stop_code": "1299",
        "stop_name": "Ramona Boulevard and Lexington Avenue",
        "location_type": 0,
        "wheelchair_boarding": 0,
        "routes": [
          {
            "route_id": "7",
            "agency_id": "0",
            "route_short_name": "7",
            "route_long_name": "C Line Station/El Monte Station",
            "route_type": 3,
            "route_color": "#cf9f24",
            "route_text_color": "#ffffff",
            "route_sort_order": 7
          }
        ],
        "agency_name": "Norwalk Transit System"
      },
      "geometry": {
        "type": "Point",
        "coordinates": [
          -118.040078,
          34.072073
        ]
      }
    },
    {
      "type": "Feature",
      "properties": {
        "stop_id": "1300",
        "stop_code": "1300",
        "stop_name": "Ramona Boulevard and Santa Anita Avenue",
        "location_type": 0,
        "wheelchair_boarding": 0,
        "routes": [
          {
            "route_id": "7",
            "agency_id": "0",
            "route_short_name": "7",
            "route_long_name": "C Line Station/El Monte Station",
            "route_type": 3,
            "route_color": "#cf9f24",
            "route_text_color": "#ffffff",
            "route_sort_order": 7
          }
        ],
        "agency_name": "Norwalk Transit System"
      },
      "geometry": {
        "type": "Point",
        "coordinates": [
          -118.041412,
          34.071863
        ]
      }
    },
    {
      "type": "Feature",
      "properties": {
        "stop_id": "1301",
        "stop_code": "1301",
        "stop_name": "Ramona Boulevard and Tyler Avenue",
        "location_type": 0,
        "wheelchair_boarding": 0,
        "routes": [
          {
            "route_id": "7",
            "agency_id": "0",
            "route_short_name": "7",
            "route_long_name": "C Line Station/El Monte Station",
            "route_type": 3,
            "route_color": "#cf9f24",
            "route_text_color": "#ffffff",
            "route_sort_order": 7
          }
        ],
        "agency_name": "Norwalk Transit System"
      },
      "geometry": {
        "type": "Point",
        "coordinates": [
          -118.035637,
          34.071961
        ]
      }
    },
    {
      "type": "Feature",
      "properties": {
        "stop_id": "1302",
        "stop_code": "1302",
        "stop_name": "Ramona Boulevard and Tyler Avenue",
        "location_type": 0,
        "wheelchair_boarding": 0,
        "routes": [
          {
            "route_id": "7",
            "agency_id": "0",
            "route_short_name": "7",
            "route_long_name": "C Line Station/El Monte Station",
            "route_type": 3,
            "route_color": "#cf9f24",
            "route_text_color": "#ffffff",
            "route_sort_order": 7
          }
        ],
        "agency_name": "Norwalk Transit System"
      },
      "geometry": {
        "type": "Point",
        "coordinates": [
          -118.036373,
          34.072122
        ]
      }
    },
    {
      "type": "Feature",
      "properties": {
        "stop_id": "1303",
        "stop_code": "1303",
        "stop_name": "Ramona Boulevard and Valley Boulevard",
        "location_type": 0,
        "wheelchair_boarding": 0,
        "routes": [
          {
            "route_id": "7",
            "agency_id": "0",
            "route_short_name": "7",
            "route_long_name": "C Line Station/El Monte Station",
            "route_type": 3,
            "route_color": "#cf9f24",
            "route_text_color": "#ffffff",
            "route_sort_order": 7
          }
        ],
        "agency_name": "Norwalk Transit System"
      },
      "geometry": {
        "type": "Point",
        "coordinates": [
          -118.033126,
          34.072256
        ]
      }
    },
    {
      "type": "Feature",
      "properties": {
        "stop_id": "1304",
        "stop_code": "1304",
        "stop_name": "Ramona Boulevard and Valley Boulevard",
        "location_type": 0,
        "wheelchair_boarding": 0,
        "routes": [
          {
            "route_id": "7",
            "agency_id": "0",
            "route_short_name": "7",
            "route_long_name": "C Line Station/El Monte Station",
            "route_type": 3,
            "route_color": "#cf9f24",
            "route_text_color": "#ffffff",
            "route_sort_order": 7
          }
        ],
        "agency_name": "Norwalk Transit System"
      },
      "geometry": {
        "type": "Point",
        "coordinates": [
          -118.033386,
          34.072397
        ]
      }
    },
    {
      "type": "Feature",
      "properties": {
        "stop_id": "1306",
        "stop_code": "1306",
        "stop_name": "Rosecrans and Pioneer",
        "location_type": 0,
        "wheelchair_boarding": 0,
        "routes": [
          {
            "route_id": "5",
            "agency_id": "0",
            "route_short_name": "5",
            "route_long_name": "C Line Station To/From La Mirada Via Ros",
            "route_type": 3,
            "route_color": "#00a0af",
            "route_text_color": "#ffffff",
            "route_sort_order": 5
          }
        ],
        "agency_name": "Norwalk Transit System"
      },
      "geometry": {
        "type": "Point",
        "coordinates": [
          -118.083158,
          33.90231
        ]
      }
    },
    {
      "type": "Feature",
      "properties": {
        "stop_id": "1307",
        "stop_code": "1307",
        "stop_name": "Rosecrans and Pioneer",
        "location_type": 0,
        "wheelchair_boarding": 0,
        "routes": [
          {
            "route_id": "5",
            "agency_id": "0",
            "route_short_name": "5",
            "route_long_name": "C Line Station To/From La Mirada Via Ros",
            "route_type": 3,
            "route_color": "#00a0af",
            "route_text_color": "#ffffff",
            "route_sort_order": 5
          }
        ],
        "agency_name": "Norwalk Transit System"
      },
      "geometry": {
        "type": "Point",
        "coordinates": [
          -118.082131,
          33.902069
        ]
      }
    },
    {
      "type": "Feature",
      "properties": {
        "stop_id": "1308",
        "stop_code": "1308",
        "stop_name": "Rosecrans Avenue and Adelfa Drive N/E Co",
        "location_type": 0,
        "wheelchair_boarding": 0,
        "routes": [
          {
            "route_id": "5",
            "agency_id": "0",
            "route_short_name": "5",
            "route_long_name": "C Line Station To/From La Mirada Via Ros",
            "route_type": 3,
            "route_color": "#00a0af",
            "route_text_color": "#ffffff",
            "route_sort_order": 5
          }
        ],
        "agency_name": "Norwalk Transit System"
      },
      "geometry": {
        "type": "Point",
        "coordinates": [
          -118.004863,
          33.898983
        ]
      }
    },
    {
      "type": "Feature",
      "properties": {
        "stop_id": "1309",
        "stop_code": "1309",
        "stop_name": "Rosecrans Avenue and Adelfa Drive S/W Co",
        "location_type": 0,
        "wheelchair_boarding": 0,
        "routes": [
          {
            "route_id": "5",
            "agency_id": "0",
            "route_short_name": "5",
            "route_long_name": "C Line Station To/From La Mirada Via Ros",
            "route_type": 3,
            "route_color": "#00a0af",
            "route_text_color": "#ffffff",
            "route_sort_order": 5
          }
        ],
        "agency_name": "Norwalk Transit System"
      },
      "geometry": {
        "type": "Point",
        "coordinates": [
          -118.005421,
          33.898703
        ]
      }
    },
    {
      "type": "Feature",
      "properties": {
        "stop_id": "1310",
        "stop_code": "1310",
        "stop_name": "Rosecrans Avenue and Ardis Avenue - S/E",
        "location_type": 0,
        "wheelchair_boarding": 0,
        "routes": [
          {
            "route_id": "1",
            "agency_id": "0",
            "route_short_name": "1",
            "route_long_name": "Rio Hondo/Bellflower",
            "route_type": 3,
            "route_color": "#D11141",
            "route_text_color": "#ffffff",
            "route_sort_order": 1
          }
        ],
        "agency_name": "Norwalk Transit System"
      },
      "geometry": {
        "type": "Point",
        "coordinates": [
          -118.128898,
          33.902985
        ]
      }
    },
    {
      "type": "Feature",
      "properties": {
        "stop_id": "1311",
        "stop_code": "1311",
        "stop_name": "Rosecrans Avenue and Bellflower Boulevar",
        "location_type": 0,
        "wheelchair_boarding": 0,
        "routes": [
          {
            "route_id": "1",
            "agency_id": "0",
            "route_short_name": "1",
            "route_long_name": "Rio Hondo/Bellflower",
            "route_type": 3,
            "route_color": "#D11141",
            "route_text_color": "#ffffff",
            "route_sort_order": 1
          }
        ],
        "agency_name": "Norwalk Transit System"
      },
      "geometry": {
        "type": "Point",
        "coordinates": [
          -118.124929,
          33.901855
        ]
      }
    },
    {
      "type": "Feature",
      "properties": {
        "stop_id": "1312",
        "stop_code": "1312",
        "stop_name": "Rosecrans Avenue and Biola Avenue N/E Co",
        "location_type": 0,
        "wheelchair_boarding": 0,
        "routes": [
          {
            "route_id": "5",
            "agency_id": "0",
            "route_short_name": "5",
            "route_long_name": "C Line Station To/From La Mirada Via Ros",
            "route_type": 3,
            "route_color": "#00a0af",
            "route_text_color": "#ffffff",
            "route_sort_order": 5
          }
        ],
        "agency_name": "Norwalk Transit System"
      },
      "geometry": {
        "type": "Point",
        "coordinates": [
          -118.01897,
          33.900588
        ]
      }
    },
    {
      "type": "Feature",
      "properties": {
        "stop_id": "1313",
        "stop_code": "1313",
        "stop_name": "Rosecrans Avenue and Biola Avenue S/W Co",
        "location_type": 0,
        "wheelchair_boarding": 0,
        "routes": [
          {
            "route_id": "5",
            "agency_id": "0",
            "route_short_name": "5",
            "route_long_name": "C Line Station To/From La Mirada Via Ros",
            "route_type": 3,
            "route_color": "#00a0af",
            "route_text_color": "#ffffff",
            "route_sort_order": 5
          }
        ],
        "agency_name": "Norwalk Transit System"
      },
      "geometry": {
        "type": "Point",
        "coordinates": [
          -118.019597,
          33.900616
        ]
      }
    },
    {
      "type": "Feature",
      "properties": {
        "stop_id": "1314",
        "stop_code": "1314",
        "stop_name": "Rosecrans Avenue opposite S Bloomfield A",
        "location_type": 0,
        "wheelchair_boarding": 0,
        "routes": [
          {
            "route_id": "5",
            "agency_id": "0",
            "route_short_name": "5",
            "route_long_name": "C Line Station To/From La Mirada Via Ros",
            "route_type": 3,
            "route_color": "#00a0af",
            "route_text_color": "#ffffff",
            "route_sort_order": 5
          }
        ],
        "agency_name": "Norwalk Transit System"
      },
      "geometry": {
        "type": "Point",
        "coordinates": [
          -118.064813,
          33.902433
        ]
      }
    },
    {
      "type": "Feature",
      "properties": {
        "stop_id": "1315",
        "stop_code": "1315",
        "stop_name": "Rosecrans Avenue and Bloomfield Avenue S",
        "location_type": 0,
        "wheelchair_boarding": 0,
        "routes": [
          {
            "route_id": "5",
            "agency_id": "0",
            "route_short_name": "5",
            "route_long_name": "C Line Station To/From La Mirada Via Ros",
            "route_type": 3,
            "route_color": "#00a0af",
            "route_text_color": "#ffffff",
            "route_sort_order": 5
          }
        ],
        "agency_name": "Norwalk Transit System"
      },
      "geometry": {
        "type": "Point",
        "coordinates": [
          -118.064446,
          33.902188
        ]
      }
    },
    {
      "type": "Feature",
      "properties": {
        "stop_id": "1316",
        "stop_code": "1316",
        "stop_name": "Rosecrans Avenue and Cabell - S/E  Corne",
        "location_type": 0,
        "wheelchair_boarding": 0,
        "routes": [
          {
            "route_id": "1",
            "agency_id": "0",
            "route_short_name": "1",
            "route_long_name": "Rio Hondo/Bellflower",
            "route_type": 3,
            "route_color": "#D11141",
            "route_text_color": "#ffffff",
            "route_sort_order": 1
          }
        ],
        "agency_name": "Norwalk Transit System"
      },
      "geometry": {
        "type": "Point",
        "coordinates": [
          -118.121996,
          33.901879
        ]
      }
    },
    {
      "type": "Feature",
      "properties": {
        "stop_id": "1317",
        "stop_code": "1317",
        "stop_name": "Rosecrans Avenue and Carmenita Road N/W",
        "location_type": 0,
        "wheelchair_boarding": 0,
        "routes": [
          {
            "route_id": "5",
            "agency_id": "0",
            "route_short_name": "5",
            "route_long_name": "C Line Station To/From La Mirada Via Ros",
            "route_type": 3,
            "route_color": "#00a0af",
            "route_text_color": "#ffffff",
            "route_sort_order": 5
          }
        ],
        "agency_name": "Norwalk Transit System"
      },
      "geometry": {
        "type": "Point",
        "coordinates": [
          -118.047083,
          33.902537
        ]
      }
    },
    {
      "type": "Feature",
      "properties": {
        "stop_id": "1318",
        "stop_code": "1318",
        "stop_name": "Rosecrans Avenue and Carmenita Road S/E",
        "location_type": 0,
        "wheelchair_boarding": 0,
        "routes": [
          {
            "route_id": "5",
            "agency_id": "0",
            "route_short_name": "5",
            "route_long_name": "C Line Station To/From La Mirada Via Ros",
            "route_type": 3,
            "route_color": "#00a0af",
            "route_text_color": "#ffffff",
            "route_sort_order": 5
          }
        ],
        "agency_name": "Norwalk Transit System"
      },
      "geometry": {
        "type": "Point",
        "coordinates": [
          -118.046166,
          33.902293
        ]
      }
    },
    {
      "type": "Feature",
      "properties": {
        "stop_id": "1319",
        "stop_code": "1319",
        "stop_name": "Rosecrans Avenue and Castellon Road S/W",
        "location_type": 0,
        "wheelchair_boarding": 0,
        "routes": [
          {
            "route_id": "5",
            "agency_id": "0",
            "route_short_name": "5",
            "route_long_name": "C Line Station To/From La Mirada Via Ros",
            "route_type": 3,
            "route_color": "#00a0af",
            "route_text_color": "#ffffff",
            "route_sort_order": 5
          }
        ],
        "agency_name": "Norwalk Transit System"
      },
      "geometry": {
        "type": "Point",
        "coordinates": [
          -118.02396,
          33.902276
        ]
      }
    },
    {
      "type": "Feature",
      "properties": {
        "stop_id": "1320",
        "stop_code": "1320",
        "stop_name": "Rosecrans Avenue and Claressa Avenue S/W",
        "location_type": 0,
        "wheelchair_boarding": 0,
        "routes": [
          {
            "route_id": "5",
            "agency_id": "0",
            "route_short_name": "5",
            "route_long_name": "C Line Station To/From La Mirada Via Ros",
            "route_type": 3,
            "route_color": "#00a0af",
            "route_text_color": "#ffffff",
            "route_sort_order": 5
          }
        ],
        "agency_name": "Norwalk Transit System"
      },
      "geometry": {
        "type": "Point",
        "coordinates": [
          -118.048623,
          33.902283
        ]
      }
    },
    {
      "type": "Feature",
      "properties": {
        "stop_id": "1321",
        "stop_code": "1321",
        "stop_name": "Rosecrans Avenue and Clarkdale Avenue N/",
        "location_type": 0,
        "wheelchair_boarding": 0,
        "routes": [
          {
            "route_id": "5",
            "agency_id": "0",
            "route_short_name": "5",
            "route_long_name": "C Line Station To/From La Mirada Via Ros",
            "route_type": 3,
            "route_color": "#00a0af",
            "route_text_color": "#ffffff",
            "route_sort_order": 5
          }
        ],
        "agency_name": "Norwalk Transit System"
      },
      "geometry": {
        "type": "Point",
        "coordinates": [
          -118.080008,
          33.902331
        ]
      }
    },
    {
      "type": "Feature",
      "properties": {
        "stop_id": "1322",
        "stop_code": "1322",
        "stop_name": "Rosecrans Avenue and Clarkdale Avenue S/",
        "location_type": 0,
        "wheelchair_boarding": 0,
        "routes": [
          {
            "route_id": "5",
            "agency_id": "0",
            "route_short_name": "5",
            "route_long_name": "C Line Station To/From La Mirada Via Ros",
            "route_type": 3,
            "route_color": "#00a0af",
            "route_text_color": "#ffffff",
            "route_sort_order": 5
          }
        ],
        "agency_name": "Norwalk Transit System"
      },
      "geometry": {
        "type": "Point",
        "coordinates": [
          -118.079616,
          33.902087
        ]
      }
    },
    {
      "type": "Feature",
      "properties": {
        "stop_id": "1323",
        "stop_code": "1323",
        "stop_name": "Rosecrans Avenue and Dinard Avenue N/E C",
        "location_type": 0,
        "wheelchair_boarding": 0,
        "routes": [
          {
            "route_id": "5",
            "agency_id": "0",
            "route_short_name": "5",
            "route_long_name": "C Line Station To/From La Mirada Via Ros",
            "route_type": 3,
            "route_color": "#00a0af",
            "route_text_color": "#ffffff",
            "route_sort_order": 5
          }
        ],
        "agency_name": "Norwalk Transit System"
      },
      "geometry": {
        "type": "Point",
        "coordinates": [
          -118.050725,
          33.90251
        ]
      }
    },
    {
      "type": "Feature",
      "properties": {
        "stop_id": "1324",
        "stop_code": "1324",
        "stop_name": "Rosecrans Avenue and Dinard Avenue S/W C",
        "location_type": 0,
        "wheelchair_boarding": 0,
        "routes": [
          {
            "route_id": "5",
            "agency_id": "0",
            "route_short_name": "5",
            "route_long_name": "C Line Station To/From La Mirada Via Ros",
            "route_type": 3,
            "route_color": "#00a0af",
            "route_text_color": "#ffffff",
            "route_sort_order": 5
          }
        ],
        "agency_name": "Norwalk Transit System"
      },
      "geometry": {
        "type": "Point",
        "coordinates": [
          -118.051205,
          33.902269
        ]
      }
    },
    {
      "type": "Feature",
      "properties": {
        "stop_id": "1325",
        "stop_code": "1325",
        "stop_name": "Rosecrans Avenue and Dumont Avenue",
        "location_type": 0,
        "wheelchair_boarding": 0,
        "routes": [
          {
            "route_id": "5",
            "agency_id": "0",
            "route_short_name": "5",
            "route_long_name": "C Line Station To/From La Mirada Via Ros",
            "route_type": 3,
            "route_color": "#00a0af",
            "route_text_color": "#ffffff",
            "route_sort_order": 5
          }
        ],
        "agency_name": "Norwalk Transit System"
      },
      "geometry": {
        "type": "Point",
        "coordinates": [
          -118.103526,
          33.901967
        ]
      }
    },
    {
      "type": "Feature",
      "properties": {
        "stop_id": "1326",
        "stop_code": "1326",
        "stop_name": "Rosecrans Avenue and El Espejo Road N/E",
        "location_type": 0,
        "wheelchair_boarding": 0,
        "routes": [
          {
            "route_id": "5",
            "agency_id": "0",
            "route_short_name": "5",
            "route_long_name": "C Line Station To/From La Mirada Via Ros",
            "route_type": 3,
            "route_color": "#00a0af",
            "route_text_color": "#ffffff",
            "route_sort_order": 5
          }
        ],
        "agency_name": "Norwalk Transit System"
      },
      "geometry": {
        "type": "Point",
        "coordinates": [
          -118.022468,
          33.902144
        ]
      }
    },
    {
      "type": "Feature",
      "properties": {
        "stop_id": "1327",
        "stop_code": "1327",
        "stop_name": "Rosecrans Avenue and Elmcroft Avenue",
        "location_type": 0,
        "wheelchair_boarding": 0,
        "routes": [
          {
            "route_id": "5",
            "agency_id": "0",
            "route_short_name": "5",
            "route_long_name": "C Line Station To/From La Mirada Via Ros",
            "route_type": 3,
            "route_color": "#00a0af",
            "route_text_color": "#ffffff",
            "route_sort_order": 5
          }
        ],
        "agency_name": "Norwalk Transit System"
      },
      "geometry": {
        "type": "Point",
        "coordinates": [
          -118.095907,
          33.90224
        ]
      }
    },
    {
      "type": "Feature",
      "properties": {
        "stop_id": "1328",
        "stop_code": "1328",
        "stop_name": "Rosecrans Avenue and Elmcroft Avenue S/E",
        "location_type": 0,
        "wheelchair_boarding": 0,
        "routes": [
          {
            "route_id": "5",
            "agency_id": "0",
            "route_short_name": "5",
            "route_long_name": "C Line Station To/From La Mirada Via Ros",
            "route_type": 3,
            "route_color": "#00a0af",
            "route_text_color": "#ffffff",
            "route_sort_order": 5
          }
        ],
        "agency_name": "Norwalk Transit System"
      },
      "geometry": {
        "type": "Point",
        "coordinates": [
          -118.09541,
          33.902002
        ]
      }
    },
    {
      "type": "Feature",
      "properties": {
        "stop_id": "1329",
        "stop_code": "1329",
        "stop_name": "Rosecrans Avenue and Figueras Road N/E C",
        "location_type": 0,
        "wheelchair_boarding": 0,
        "routes": [
          {
            "route_id": "5",
            "agency_id": "0",
            "route_short_name": "5",
            "route_long_name": "C Line Station To/From La Mirada Via Ros",
            "route_type": 3,
            "route_color": "#00a0af",
            "route_text_color": "#ffffff",
            "route_sort_order": 5
          }
        ],
        "agency_name": "Norwalk Transit System"
      },
      "geometry": {
        "type": "Point",
        "coordinates": [
          -118.014709,
          33.898744
        ]
      }
    },
    {
      "type": "Feature",
      "properties": {
        "stop_id": "1330",
        "stop_code": "1330",
        "stop_name": "Rosecrans Avenue and Figueras Road S/W C",
        "location_type": 0,
        "wheelchair_boarding": 0,
        "routes": [
          {
            "route_id": "5",
            "agency_id": "0",
            "route_short_name": "5",
            "route_long_name": "C Line Station To/From La Mirada Via Ros",
            "route_type": 3,
            "route_color": "#00a0af",
            "route_text_color": "#ffffff",
            "route_sort_order": 5
          }
        ],
        "agency_name": "Norwalk Transit System"
      },
      "geometry": {
        "type": "Point",
        "coordinates": [
          -118.015256,
          33.898635
        ]
      }
    },
    {
      "type": "Feature",
      "properties": {
        "stop_id": "1331",
        "stop_code": "1331",
        "stop_name": "Rosecrans Avenue opposite Bloomfield Ave",
        "location_type": 0,
        "wheelchair_boarding": 0,
        "routes": [
          {
            "route_id": "3",
            "agency_id": "0",
            "route_short_name": "3",
            "route_long_name": "Gateway Plaza/Norwalk/166th Street",
            "route_type": 3,
            "route_color": "#333092",
            "route_text_color": "#ffffff",
            "route_sort_order": 3
          },
          {
            "route_id": "5",
            "agency_id": "0",
            "route_short_name": "5",
            "route_long_name": "C Line Station To/From La Mirada Via Ros",
            "route_type": 3,
            "route_color": "#00a0af",
            "route_text_color": "#ffffff",
            "route_sort_order": 5
          }
        ],
        "agency_name": "Norwalk Transit System"
      },
      "geometry": {
        "type": "Point",
        "coordinates": [
          -118.060436,
          33.902203
        ]
      }
    },
    {
      "type": "Feature",
      "properties": {
        "stop_id": "1332",
        "stop_code": "1332",
        "stop_name": "12801 Rosecrans Avenue",
        "location_type": 0,
        "wheelchair_boarding": 0,
        "routes": [
          {
            "route_id": "3",
            "agency_id": "0",
            "route_short_name": "3",
            "route_long_name": "Gateway Plaza/Norwalk/166th Street",
            "route_type": 3,
            "route_color": "#333092",
            "route_text_color": "#ffffff",
            "route_sort_order": 3
          },
          {
            "route_id": "5",
            "agency_id": "0",
            "route_short_name": "5",
            "route_long_name": "C Line Station To/From La Mirada Via Ros",
            "route_type": 3,
            "route_color": "#00a0af",
            "route_text_color": "#ffffff",
            "route_sort_order": 5
          }
        ],
        "agency_name": "Norwalk Transit System"
      },
      "geometry": {
        "type": "Point",
        "coordinates": [
          -118.0593,
          33.902493
        ]
      }
    },
    {
      "type": "Feature",
      "properties": {
        "stop_id": "1333",
        "stop_code": "1333",
        "stop_name": "Rosecrans Avenue and Flallon Avenue N/W",
        "location_type": 0,
        "wheelchair_boarding": 0,
        "routes": [
          {
            "route_id": "5",
            "agency_id": "0",
            "route_short_name": "5",
            "route_long_name": "C Line Station To/From La Mirada Via Ros",
            "route_type": 3,
            "route_color": "#00a0af",
            "route_text_color": "#ffffff",
            "route_sort_order": 5
          }
        ],
        "agency_name": "Norwalk Transit System"
      },
      "geometry": {
        "type": "Point",
        "coordinates": [
          -118.085291,
          33.902292
        ]
      }
    },
    {
      "type": "Feature",
      "properties": {
        "stop_id": "1334",
        "stop_code": "1334",
        "stop_name": "Rosecrans Avenue and Flallon Avenue S/W",
        "location_type": 0,
        "wheelchair_boarding": 0,
        "routes": [
          {
            "route_id": "5",
            "agency_id": "0",
            "route_short_name": "5",
            "route_long_name": "C Line Station To/From La Mirada Via Ros",
            "route_type": 3,
            "route_color": "#00a0af",
            "route_text_color": "#ffffff",
            "route_sort_order": 5
          }
        ],
        "agency_name": "Norwalk Transit System"
      },
      "geometry": {
        "type": "Point",
        "coordinates": [
          -118.085565,
          33.902051
        ]
      }
    },
    {
      "type": "Feature",
      "properties": {
        "stop_id": "1335",
        "stop_code": "1335",
        "stop_name": "Rosecrans Avenue and Grayland Avenue N/E",
        "location_type": 0,
        "wheelchair_boarding": 0,
        "routes": [
          {
            "route_id": "5",
            "agency_id": "0",
            "route_short_name": "5",
            "route_long_name": "C Line Station To/From La Mirada Via Ros",
            "route_type": 3,
            "route_color": "#00a0af",
            "route_text_color": "#ffffff",
            "route_sort_order": 5
          }
        ],
        "agency_name": "Norwalk Transit System"
      },
      "geometry": {
        "type": "Point",
        "coordinates": [
          -118.076069,
          33.902357
        ]
      }
    },
    {
      "type": "Feature",
      "properties": {
        "stop_id": "1336",
        "stop_code": "1336",
        "stop_name": "Rosecrans Avenue and Grayland Avenue S/E",
        "location_type": 0,
        "wheelchair_boarding": 0,
        "routes": [
          {
            "route_id": "5",
            "agency_id": "0",
            "route_short_name": "5",
            "route_long_name": "C Line Station To/From La Mirada Via Ros",
            "route_type": 3,
            "route_color": "#00a0af",
            "route_text_color": "#ffffff",
            "route_sort_order": 5
          }
        ],
        "agency_name": "Norwalk Transit System"
      },
      "geometry": {
        "type": "Point",
        "coordinates": [
          -118.075922,
          33.902115
        ]
      }
    },
    {
      "type": "Feature",
      "properties": {
        "stop_id": "1337",
        "stop_code": "1337",
        "stop_name": "Rosecrans Avenue and Greenstone Avenue N",
        "location_type": 0,
        "wheelchair_boarding": 0,
        "routes": [
          {
            "route_id": "3",
            "agency_id": "0",
            "route_short_name": "3",
            "route_long_name": "Gateway Plaza/Norwalk/166th Street",
            "route_type": 3,
            "route_color": "#333092",
            "route_text_color": "#ffffff",
            "route_sort_order": 3
          },
          {
            "route_id": "5",
            "agency_id": "0",
            "route_short_name": "5",
            "route_long_name": "C Line Station To/From La Mirada Via Ros",
            "route_type": 3,
            "route_color": "#00a0af",
            "route_text_color": "#ffffff",
            "route_sort_order": 5
          }
        ],
        "agency_name": "Norwalk Transit System"
      },
      "geometry": {
        "type": "Point",
        "coordinates": [
          -118.057539,
          33.902476
        ]
      }
    },
    {
      "type": "Feature",
      "properties": {
        "stop_id": "1338",
        "stop_code": "1338",
        "stop_name": "Rosecrans Avenue and Greenstone Avenue S",
        "location_type": 0,
        "wheelchair_boarding": 0,
        "routes": [
          {
            "route_id": "3",
            "agency_id": "0",
            "route_short_name": "3",
            "route_long_name": "Gateway Plaza/Norwalk/166th Street",
            "route_type": 3,
            "route_color": "#333092",
            "route_text_color": "#ffffff",
            "route_sort_order": 3
          },
          {
            "route_id": "5",
            "agency_id": "0",
            "route_short_name": "5",
            "route_long_name": "C Line Station To/From La Mirada Via Ros",
            "route_type": 3,
            "route_color": "#00a0af",
            "route_text_color": "#ffffff",
            "route_sort_order": 5
          }
        ],
        "agency_name": "Norwalk Transit System"
      },
      "geometry": {
        "type": "Point",
        "coordinates": [
          -118.057478,
          33.902231
        ]
      }
    },
    {
      "type": "Feature",
      "properties": {
        "stop_id": "1339",
        "stop_code": "1339",
        "stop_name": "Rosecrans Avenue and Harvest Avenue N/E",
        "location_type": 0,
        "wheelchair_boarding": 0,
        "routes": [
          {
            "route_id": "5",
            "agency_id": "0",
            "route_short_name": "5",
            "route_long_name": "C Line Station To/From La Mirada Via Ros",
            "route_type": 3,
            "route_color": "#00a0af",
            "route_text_color": "#ffffff",
            "route_sort_order": 5
          }
        ],
        "agency_name": "Norwalk Transit System"
      },
      "geometry": {
        "type": "Point",
        "coordinates": [
          -118.091743,
          33.902255
        ]
      }
    },
    {
      "type": "Feature",
      "properties": {
        "stop_id": "1340",
        "stop_code": "1340",
        "stop_name": "Rosecrans Avenue and Harvest Avenue S/W",
        "location_type": 0,
        "wheelchair_boarding": 0,
        "routes": [
          {
            "route_id": "5",
            "agency_id": "0",
            "route_short_name": "5",
            "route_long_name": "C Line Station To/From La Mirada Via Ros",
            "route_type": 3,
            "route_color": "#00a0af",
            "route_text_color": "#ffffff",
            "route_sort_order": 5
          }
        ],
        "agency_name": "Norwalk Transit System"
      },
      "geometry": {
        "type": "Point",
        "coordinates": [
          -118.092457,
          33.90202
        ]
      }
    },
    {
      "type": "Feature",
      "properties": {
        "stop_id": "1341",
        "stop_code": "1341",
        "stop_name": "Rosecrans Avenue and Helwig Avenue S/W C",
        "location_type": 0,
        "wheelchair_boarding": 0,
        "routes": [
          {
            "route_id": "5",
            "agency_id": "0",
            "route_short_name": "5",
            "route_long_name": "C Line Station To/From La Mirada Via Ros",
            "route_type": 3,
            "route_color": "#00a0af",
            "route_text_color": "#ffffff",
            "route_sort_order": 5
          }
        ],
        "agency_name": "Norwalk Transit System"
      },
      "geometry": {
        "type": "Point",
        "coordinates": [
          -118.069355,
          33.90216
        ]
      }
    },
    {
      "type": "Feature",
      "properties": {
        "stop_id": "1342",
        "stop_code": "1342",
        "stop_name": "Rosecrans Avenue and Jalon Road N/E Corn",
        "location_type": 0,
        "wheelchair_boarding": 0,
        "routes": [
          {
            "route_id": "5",
            "agency_id": "0",
            "route_short_name": "5",
            "route_long_name": "C Line Station To/From La Mirada Via Ros",
            "route_type": 3,
            "route_color": "#00a0af",
            "route_text_color": "#ffffff",
            "route_sort_order": 5
          }
        ],
        "agency_name": "Norwalk Transit System"
      },
      "geometry": {
        "type": "Point",
        "coordinates": [
          -118.006914,
          33.898844
        ]
      }
    },
    {
      "type": "Feature",
      "properties": {
        "stop_id": "1343",
        "stop_code": "1343",
        "stop_name": "Rosecrans Avenue and La Fonda Drive N/E",
        "location_type": 0,
        "wheelchair_boarding": 0,
        "routes": [
          {
            "route_id": "5",
            "agency_id": "0",
            "route_short_name": "5",
            "route_long_name": "C Line Station To/From La Mirada Via Ros",
            "route_type": 3,
            "route_color": "#00a0af",
            "route_text_color": "#ffffff",
            "route_sort_order": 5
          }
        ],
        "agency_name": "Norwalk Transit System"
      },
      "geometry": {
        "type": "Point",
        "coordinates": [
          -118.000961,
          33.899232
        ]
      }
    },
    {
      "type": "Feature",
      "properties": {
        "stop_id": "1344",
        "stop_code": "1344",
        "stop_name": "Rosecrans Avenue and La Fonda Drive S/W",
        "location_type": 0,
        "wheelchair_boarding": 0,
        "routes": [
          {
            "route_id": "5",
            "agency_id": "0",
            "route_short_name": "5",
            "route_long_name": "C Line Station To/From La Mirada Via Ros",
            "route_type": 3,
            "route_color": "#00a0af",
            "route_text_color": "#ffffff",
            "route_sort_order": 5
          }
        ],
        "agency_name": "Norwalk Transit System"
      },
      "geometry": {
        "type": "Point",
        "coordinates": [
          -118.001552,
          33.89896
        ]
      }
    },
    {
      "type": "Feature",
      "properties": {
        "stop_id": "1345",
        "stop_code": "1345",
        "stop_name": "Rosecrans Avenue and La Mirada Boulevard",
        "location_type": 0,
        "wheelchair_boarding": 0,
        "routes": [
          {
            "route_id": "5",
            "agency_id": "0",
            "route_short_name": "5",
            "route_long_name": "C Line Station To/From La Mirada Via Ros",
            "route_type": 3,
            "route_color": "#00a0af",
            "route_text_color": "#ffffff",
            "route_sort_order": 5
          }
        ],
        "agency_name": "Norwalk Transit System"
      },
      "geometry": {
        "type": "Point",
        "coordinates": [
          -118.010646,
          33.898596
        ]
      }
    },
    {
      "type": "Feature",
      "properties": {
        "stop_id": "1346",
        "stop_code": "1346",
        "stop_name": "Rosecrans Avenue and La Mirada Boulevard",
        "location_type": 0,
        "wheelchair_boarding": 0,
        "routes": [
          {
            "route_id": "5",
            "agency_id": "0",
            "route_short_name": "5",
            "route_long_name": "C Line Station To/From La Mirada Via Ros",
            "route_type": 3,
            "route_color": "#00a0af",
            "route_text_color": "#ffffff",
            "route_sort_order": 5
          }
        ],
        "agency_name": "Norwalk Transit System"
      },
      "geometry": {
        "type": "Point",
        "coordinates": [
          -118.01034,
          33.898377
        ]
      }
    },
    {
      "type": "Feature",
      "properties": {
        "stop_id": "1347",
        "stop_code": "1347",
        "stop_name": "Rosecrans Avenue at the Masonic Center",
        "location_type": 0,
        "wheelchair_boarding": 0,
        "routes": [
          {
            "route_id": "5",
            "agency_id": "0",
            "route_short_name": "5",
            "route_long_name": "C Line Station To/From La Mirada Via Ros",
            "route_type": 3,
            "route_color": "#00a0af",
            "route_text_color": "#ffffff",
            "route_sort_order": 5
          }
        ],
        "agency_name": "Norwalk Transit System"
      },
      "geometry": {
        "type": "Point",
        "coordinates": [
          -118.069469,
          33.902407
        ]
      }
    },
    {
      "type": "Feature",
      "properties": {
        "stop_id": "1348",
        "stop_code": "1348",
        "stop_name": "Rosecrans Avenue and Marquardt Avenue N/",
        "location_type": 0,
        "wheelchair_boarding": 0,
        "routes": [
          {
            "route_id": "5",
            "agency_id": "0",
            "route_short_name": "5",
            "route_long_name": "C Line Station To/From La Mirada Via Ros",
            "route_type": 3,
            "route_color": "#00a0af",
            "route_text_color": "#ffffff",
            "route_sort_order": 5
          }
        ],
        "agency_name": "Norwalk Transit System"
      },
      "geometry": {
        "type": "Point",
        "coordinates": [
          -118.037461,
          33.902593
        ]
      }
    },
    {
      "type": "Feature",
      "properties": {
        "stop_id": "1349",
        "stop_code": "1349",
        "stop_name": "Rosecrans Avenue and Marquardt Avenue S/",
        "location_type": 0,
        "wheelchair_boarding": 0,
        "routes": [
          {
            "route_id": "5",
            "agency_id": "0",
            "route_short_name": "5",
            "route_long_name": "C Line Station To/From La Mirada Via Ros",
            "route_type": 3,
            "route_color": "#00a0af",
            "route_text_color": "#ffffff",
            "route_sort_order": 5
          }
        ],
        "agency_name": "Norwalk Transit System"
      },
      "geometry": {
        "type": "Point",
        "coordinates": [
          -118.038146,
          33.902336
        ]
      }
    },
    {
      "type": "Feature",
      "properties": {
        "stop_id": "1350",
        "stop_code": "1350",
        "stop_name": "Rosecrans Avenue and Norwalk Boulevard N",
        "location_type": 0,
        "wheelchair_boarding": 0,
        "routes": [
          {
            "route_id": "5",
            "agency_id": "0",
            "route_short_name": "5",
            "route_long_name": "C Line Station To/From La Mirada Via Ros",
            "route_type": 3,
            "route_color": "#00a0af",
            "route_text_color": "#ffffff",
            "route_sort_order": 5
          }
        ],
        "agency_name": "Norwalk Transit System"
      },
      "geometry": {
        "type": "Point",
        "coordinates": [
          -118.073229,
          33.902377
        ]
      }
    },
    {
      "type": "Feature",
      "properties": {
        "stop_id": "1351",
        "stop_code": "1351",
        "stop_name": "Rosecrans Avenue and Norwalk Boulevard S",
        "location_type": 0,
        "wheelchair_boarding": 0,
        "routes": [
          {
            "route_id": "5",
            "agency_id": "0",
            "route_short_name": "5",
            "route_long_name": "C Line Station To/From La Mirada Via Ros",
            "route_type": 3,
            "route_color": "#00a0af",
            "route_text_color": "#ffffff",
            "route_sort_order": 5
          }
        ],
        "agency_name": "Norwalk Transit System"
      },
      "geometry": {
        "type": "Point",
        "coordinates": [
          -118.072676,
          33.902143
        ]
      }
    },
    {
      "type": "Feature",
      "properties": {
        "stop_id": "1352",
        "stop_code": "1352",
        "stop_name": "Rosecrans Avenue and Santa Gertrudes Ave",
        "location_type": 0,
        "wheelchair_boarding": 0,
        "routes": [
          {
            "route_id": "5",
            "agency_id": "0",
            "route_short_name": "5",
            "route_long_name": "C Line Station To/From La Mirada Via Ros",
            "route_type": 3,
            "route_color": "#00a0af",
            "route_text_color": "#ffffff",
            "route_sort_order": 5
          }
        ],
        "agency_name": "Norwalk Transit System"
      },
      "geometry": {
        "type": "Point",
        "coordinates": [
          -117.997035,
          33.899003
        ]
      }
    },
    {
      "type": "Feature",
      "properties": {
        "stop_id": "1353",
        "stop_code": "1353",
        "stop_name": "Rosecrans Avenue and Santa Gertrudes Ave",
        "location_type": 0,
        "wheelchair_boarding": 0,
        "routes": [
          {
            "route_id": "5",
            "agency_id": "0",
            "route_short_name": "5",
            "route_long_name": "C Line Station To/From La Mirada Via Ros",
            "route_type": 3,
            "route_color": "#00a0af",
            "route_text_color": "#ffffff",
            "route_sort_order": 5
          }
        ],
        "agency_name": "Norwalk Transit System"
      },
      "geometry": {
        "type": "Point",
        "coordinates": [
          -117.996977,
          33.898753
        ]
      }
    },
    {
      "type": "Feature",
      "properties": {
        "stop_id": "1354",
        "stop_code": "1354",
        "stop_name": "Rosecrans Avenue and Shoemaker Avenue S/",
        "location_type": 0,
        "wheelchair_boarding": 0,
        "routes": [
          {
            "route_id": "5",
            "agency_id": "0",
            "route_short_name": "5",
            "route_long_name": "C Line Station To/From La Mirada Via Ros",
            "route_type": 3,
            "route_color": "#00a0af",
            "route_text_color": "#ffffff",
            "route_sort_order": 5
          }
        ],
        "agency_name": "Norwalk Transit System"
      },
      "geometry": {
        "type": "Point",
        "coordinates": [
          -118.055693,
          33.902246
        ]
      }
    },
    {
      "type": "Feature",
      "properties": {
        "stop_id": "1355",
        "stop_code": "1355",
        "stop_name": "Rosecrans Avenue and Studebaker Road N/E",
        "location_type": 0,
        "wheelchair_boarding": 0,
        "routes": [
          {
            "route_id": "5",
            "agency_id": "0",
            "route_short_name": "5",
            "route_long_name": "C Line Station To/From La Mirada Via Ros",
            "route_type": 3,
            "route_color": "#00a0af",
            "route_text_color": "#ffffff",
            "route_sort_order": 5
          }
        ],
        "agency_name": "Norwalk Transit System"
      },
      "geometry": {
        "type": "Point",
        "coordinates": [
          -118.099621,
          33.902222
        ]
      }
    },
    {
      "type": "Feature",
      "properties": {
        "stop_id": "1356",
        "stop_code": "1356",
        "stop_name": "Rosecrans Avenue and Studebaker Road S/W",
        "location_type": 0,
        "wheelchair_boarding": 0,
        "routes": [
          {
            "route_id": "5",
            "agency_id": "0",
            "route_short_name": "5",
            "route_long_name": "C Line Station To/From La Mirada Via Ros",
            "route_type": 3,
            "route_color": "#00a0af",
            "route_text_color": "#ffffff",
            "route_sort_order": 5
          }
        ],
        "agency_name": "Norwalk Transit System"
      },
      "geometry": {
        "type": "Point",
        "coordinates": [
          -118.100434,
          33.901977
        ]
      }
    },
    {
      "type": "Feature",
      "properties": {
        "stop_id": "1357",
        "stop_code": "1357",
        "stop_name": "Rosecrans Avenue and Valley View Avenue",
        "location_type": 0,
        "wheelchair_boarding": 0,
        "routes": [
          {
            "route_id": "5",
            "agency_id": "0",
            "route_short_name": "5",
            "route_long_name": "C Line Station To/From La Mirada Via Ros",
            "route_type": 3,
            "route_color": "#00a0af",
            "route_text_color": "#ffffff",
            "route_sort_order": 5
          }
        ],
        "agency_name": "Norwalk Transit System"
      },
      "geometry": {
        "type": "Point",
        "coordinates": [
          -118.029605,
          33.902648
        ]
      }
    },
    {
      "type": "Feature",
      "properties": {
        "stop_id": "1358",
        "stop_code": "1358",
        "stop_name": "Rosecrans Avenue and Valley View Avenue",
        "location_type": 0,
        "wheelchair_boarding": 0,
        "routes": [
          {
            "route_id": "5",
            "agency_id": "0",
            "route_short_name": "5",
            "route_long_name": "C Line Station To/From La Mirada Via Ros",
            "route_type": 3,
            "route_color": "#00a0af",
            "route_text_color": "#ffffff",
            "route_sort_order": 5
          }
        ],
        "agency_name": "Norwalk Transit System"
      },
      "geometry": {
        "type": "Point",
        "coordinates": [
          -118.028745,
          33.902397
        ]
      }
    },
    {
      "type": "Feature",
      "properties": {
        "stop_id": "1359",
        "stop_code": "1359",
        "stop_name": "Rosecrans Avenue opposite Dumont Avenue",
        "location_type": 0,
        "wheelchair_boarding": 0,
        "routes": [
          {
            "route_id": "5",
            "agency_id": "0",
            "route_short_name": "5",
            "route_long_name": "C Line Station To/From La Mirada Via Ros",
            "route_type": 3,
            "route_color": "#00a0af",
            "route_text_color": "#ffffff",
            "route_sort_order": 5
          }
        ],
        "agency_name": "Norwalk Transit System"
      },
      "geometry": {
        "type": "Point",
        "coordinates": [
          -118.103679,
          33.902203
        ]
      }
    },
    {
      "type": "Feature",
      "properties": {
        "stop_id": "1360",
        "stop_code": "1360",
        "stop_name": "Ralph's",
        "location_type": 0,
        "wheelchair_boarding": 0,
        "routes": [
          {
            "route_id": "5",
            "agency_id": "0",
            "route_short_name": "5",
            "route_long_name": "C Line Station To/From La Mirada Via Ros",
            "route_type": 3,
            "route_color": "#00a0af",
            "route_text_color": "#ffffff",
            "route_sort_order": 5
          }
        ],
        "agency_name": "Norwalk Transit System"
      },
      "geometry": {
        "type": "Point",
        "coordinates": [
          -118.087991,
          33.90228
        ]
      }
    },
    {
      "type": "Feature",
      "properties": {
        "stop_id": "1361",
        "stop_code": "1361",
        "stop_name": "Rosecrans/Shoemaker",
        "location_type": 0,
        "wheelchair_boarding": 0,
        "routes": [
          {
            "route_id": "3",
            "agency_id": "0",
            "route_short_name": "3",
            "route_long_name": "Gateway Plaza/Norwalk/166th Street",
            "route_type": 3,
            "route_color": "#333092",
            "route_text_color": "#ffffff",
            "route_sort_order": 3
          },
          {
            "route_id": "5",
            "agency_id": "0",
            "route_short_name": "5",
            "route_long_name": "C Line Station To/From La Mirada Via Ros",
            "route_type": 3,
            "route_color": "#00a0af",
            "route_text_color": "#ffffff",
            "route_sort_order": 5
          }
        ],
        "agency_name": "Norwalk Transit System"
      },
      "geometry": {
        "type": "Point",
        "coordinates": [
          -118.055732,
          33.90249
        ]
      }
    },
    {
      "type": "Feature",
      "properties": {
        "stop_id": "1362",
        "stop_code": "1362",
        "stop_name": "Rush Street and Durfee Avenue",
        "location_type": 0,
        "wheelchair_boarding": 0,
        "routes": [
          {
            "route_id": "7",
            "agency_id": "0",
            "route_short_name": "7",
            "route_long_name": "C Line Station/El Monte Station",
            "route_type": 3,
            "route_color": "#cf9f24",
            "route_text_color": "#ffffff",
            "route_sort_order": 7
          }
        ],
        "agency_name": "Norwalk Transit System"
      },
      "geometry": {
        "type": "Point",
        "coordinates": [
          -118.03023,
          34.045858
        ]
      }
    },
    {
      "type": "Feature",
      "properties": {
        "stop_id": "1363",
        "stop_code": "1363",
        "stop_name": "Rush Street and Durfee Avenue",
        "location_type": 0,
        "wheelchair_boarding": 0,
        "routes": [
          {
            "route_id": "7",
            "agency_id": "0",
            "route_short_name": "7",
            "route_long_name": "C Line Station/El Monte Station",
            "route_type": 3,
            "route_color": "#cf9f24",
            "route_text_color": "#ffffff",
            "route_sort_order": 7
          }
        ],
        "agency_name": "Norwalk Transit System"
      },
      "geometry": {
        "type": "Point",
        "coordinates": [
          -118.030199,
          34.046215
        ]
      }
    },
    {
      "type": "Feature",
      "properties": {
        "stop_id": "1364",
        "stop_code": "1364",
        "stop_name": "San Antonio Drive and Firestone Boulevar",
        "location_type": 0,
        "wheelchair_boarding": 0,
        "routes": [
          {
            "route_id": "1",
            "agency_id": "0",
            "route_short_name": "1",
            "route_long_name": "Rio Hondo/Bellflower",
            "route_type": 3,
            "route_color": "#D11141",
            "route_text_color": "#ffffff",
            "route_sort_order": 1
          },
          {
            "route_id": "2",
            "agency_id": "0",
            "route_short_name": "2",
            "route_long_name": "NSQ/C Line/Cerritos College/Cerritos Mal",
            "route_type": 3,
            "route_color": "#0083A8",
            "route_text_color": "#ffffff",
            "route_sort_order": 2
          }
        ],
        "agency_name": "Norwalk Transit System"
      },
      "geometry": {
        "type": "Point",
        "coordinates": [
          -118.076259,
          33.908903
        ]
      }
    },
    {
      "type": "Feature",
      "properties": {
        "stop_id": "1365",
        "stop_code": "1365",
        "stop_name": "San Antonio Drive and Foster Road- N/W C",
        "location_type": 0,
        "wheelchair_boarding": 0,
        "routes": [
          {
            "route_id": "1",
            "agency_id": "0",
            "route_short_name": "1",
            "route_long_name": "Rio Hondo/Bellflower",
            "route_type": 3,
            "route_color": "#D11141",
            "route_text_color": "#ffffff",
            "route_sort_order": 1
          },
          {
            "route_id": "2",
            "agency_id": "0",
            "route_short_name": "2",
            "route_long_name": "NSQ/C Line/Cerritos College/Cerritos Mal",
            "route_type": 3,
            "route_color": "#0083A8",
            "route_text_color": "#ffffff",
            "route_sort_order": 2
          }
        ],
        "agency_name": "Norwalk Transit System"
      },
      "geometry": {
        "type": "Point",
        "coordinates": [
          -118.077062,
          33.907667
        ]
      }
    },
    {
      "type": "Feature",
      "properties": {
        "stop_id": "1366",
        "stop_code": "1366",
        "stop_name": "San Antonio Drive and Front Street- N/E",
        "location_type": 0,
        "wheelchair_boarding": 0,
        "routes": [
          {
            "route_id": "1",
            "agency_id": "0",
            "route_short_name": "1",
            "route_long_name": "Rio Hondo/Bellflower",
            "route_type": 3,
            "route_color": "#D11141",
            "route_text_color": "#ffffff",
            "route_sort_order": 1
          },
          {
            "route_id": "2",
            "agency_id": "0",
            "route_short_name": "2",
            "route_long_name": "NSQ/C Line/Cerritos College/Cerritos Mal",
            "route_type": 3,
            "route_color": "#0083A8",
            "route_text_color": "#ffffff",
            "route_sort_order": 2
          }
        ],
        "agency_name": "Norwalk Transit System"
      },
      "geometry": {
        "type": "Point",
        "coordinates": [
          -118.07599,
          33.908794
        ]
      }
    },
    {
      "type": "Feature",
      "properties": {
        "stop_id": "1367",
        "stop_code": "1367",
        "stop_name": "San Antonio Drive and Olive Street- N/E",
        "location_type": 0,
        "wheelchair_boarding": 0,
        "routes": [
          {
            "route_id": "1",
            "agency_id": "0",
            "route_short_name": "1",
            "route_long_name": "Rio Hondo/Bellflower",
            "route_type": 3,
            "route_color": "#D11141",
            "route_text_color": "#ffffff",
            "route_sort_order": 1
          },
          {
            "route_id": "2",
            "agency_id": "0",
            "route_short_name": "2",
            "route_long_name": "NSQ/C Line/Cerritos College/Cerritos Mal",
            "route_type": 3,
            "route_color": "#0083A8",
            "route_text_color": "#ffffff",
            "route_sort_order": 2
          },
          {
            "route_id": "7",
            "agency_id": "0",
            "route_short_name": "7",
            "route_long_name": "C Line Station/El Monte Station",
            "route_type": 3,
            "route_color": "#cf9f24",
            "route_text_color": "#ffffff",
            "route_sort_order": 7
          }
        ],
        "agency_name": "Norwalk Transit System"
      },
      "geometry": {
        "type": "Point",
        "coordinates": [
          -118.074083,
          33.911232
        ]
      }
    },
    {
      "type": "Feature",
      "properties": {
        "stop_id": "1368",
        "stop_code": "1368",
        "stop_name": "San Antonio Drive and Olive Street- S/W",
        "location_type": 0,
        "wheelchair_boarding": 0,
        "routes": [
          {
            "route_id": "1",
            "agency_id": "0",
            "route_short_name": "1",
            "route_long_name": "Rio Hondo/Bellflower",
            "route_type": 3,
            "route_color": "#D11141",
            "route_text_color": "#ffffff",
            "route_sort_order": 1
          },
          {
            "route_id": "2",
            "agency_id": "0",
            "route_short_name": "2",
            "route_long_name": "NSQ/C Line/Cerritos College/Cerritos Mal",
            "route_type": 3,
            "route_color": "#0083A8",
            "route_text_color": "#ffffff",
            "route_sort_order": 2
          },
          {
            "route_id": "7",
            "agency_id": "0",
            "route_short_name": "7",
            "route_long_name": "C Line Station/El Monte Station",
            "route_type": 3,
            "route_color": "#cf9f24",
            "route_text_color": "#ffffff",
            "route_sort_order": 7
          }
        ],
        "agency_name": "Norwalk Transit System"
      },
      "geometry": {
        "type": "Point",
        "coordinates": [
          -118.074792,
          33.910783
        ]
      }
    },
    {
      "type": "Feature",
      "properties": {
        "stop_id": "1369",
        "stop_code": "1369",
        "stop_name": "Santa Fe Springs Road and Los Nietos Roa",
        "location_type": 0,
        "wheelchair_boarding": 0,
        "routes": [
          {
            "route_id": "7",
            "agency_id": "0",
            "route_short_name": "7",
            "route_long_name": "C Line Station/El Monte Station",
            "route_type": 3,
            "route_color": "#cf9f24",
            "route_text_color": "#ffffff",
            "route_sort_order": 7
          }
        ],
        "agency_name": "Norwalk Transit System"
      },
      "geometry": {
        "type": "Point",
        "coordinates": [
          -118.060074,
          33.949432
        ]
      }
    },
    {
      "type": "Feature",
      "properties": {
        "stop_id": "1370",
        "stop_code": "1370",
        "stop_name": "Santa Fe Springs Road and Los Nietos Roa",
        "location_type": 0,
        "wheelchair_boarding": 0,
        "routes": [
          {
            "route_id": "7",
            "agency_id": "0",
            "route_short_name": "7",
            "route_long_name": "C Line Station/El Monte Station",
            "route_type": 3,
            "route_color": "#cf9f24",
            "route_text_color": "#ffffff",
            "route_sort_order": 7
          }
        ],
        "agency_name": "Norwalk Transit System"
      },
      "geometry": {
        "type": "Point",
        "coordinates": [
          -118.06004,
          33.949879
        ]
      }
    },
    {
      "type": "Feature",
      "properties": {
        "stop_id": "1371",
        "stop_code": "1371",
        "stop_name": "Santa Fe Springs Road and Mulberry Drive",
        "location_type": 0,
        "wheelchair_boarding": 0,
        "routes": [
          {
            "route_id": "7",
            "agency_id": "0",
            "route_short_name": "7",
            "route_long_name": "C Line Station/El Monte Station",
            "route_type": 3,
            "route_color": "#cf9f24",
            "route_text_color": "#ffffff",
            "route_sort_order": 7
          }
        ],
        "agency_name": "Norwalk Transit System"
      },
      "geometry": {
        "type": "Point",
        "coordinates": [
          -118.050368,
          33.959058
        ]
      }
    },
    {
      "type": "Feature",
      "properties": {
        "stop_id": "1372",
        "stop_code": "1372",
        "stop_name": "Santa Fe Springs Road and Slauson Avenue",
        "location_type": 0,
        "wheelchair_boarding": 0,
        "routes": [
          {
            "route_id": "7",
            "agency_id": "0",
            "route_short_name": "7",
            "route_long_name": "C Line Station/El Monte Station",
            "route_type": 3,
            "route_color": "#cf9f24",
            "route_text_color": "#ffffff",
            "route_sort_order": 7
          }
        ],
        "agency_name": "Norwalk Transit System"
      },
      "geometry": {
        "type": "Point",
        "coordinates": [
          -118.051269,
          33.95857
        ]
      }
    },
    {
      "type": "Feature",
      "properties": {
        "stop_id": "1373",
        "stop_code": "1373",
        "stop_name": "Santa Gertrudes Avenue and Stanbrook Dri",
        "location_type": 0,
        "wheelchair_boarding": 0,
        "routes": [
          {
            "route_id": "5",
            "agency_id": "0",
            "route_short_name": "5",
            "route_long_name": "C Line Station To/From La Mirada Via Ros",
            "route_type": 3,
            "route_color": "#00a0af",
            "route_text_color": "#ffffff",
            "route_sort_order": 5
          }
        ],
        "agency_name": "Norwalk Transit System"
      },
      "geometry": {
        "type": "Point",
        "coordinates": [
          -117.999668,
          33.893773
        ]
      }
    },
    {
      "type": "Feature",
      "properties": {
        "stop_id": "1374",
        "stop_code": "1374",
        "stop_name": "Shoemaker Avenue and Foster Road",
        "location_type": 0,
        "wheelchair_boarding": 0,
        "routes": [
          {
            "route_id": "3",
            "agency_id": "0",
            "route_short_name": "3",
            "route_long_name": "Gateway Plaza/Norwalk/166th Street",
            "route_type": 3,
            "route_color": "#333092",
            "route_text_color": "#ffffff",
            "route_sort_order": 3
          }
        ],
        "agency_name": "Norwalk Transit System"
      },
      "geometry": {
        "type": "Point",
        "coordinates": [
          -118.055282,
          33.909383
        ]
      }
    },
    {
      "type": "Feature",
      "properties": {
        "stop_id": "1375",
        "stop_code": "1375",
        "stop_name": "Shoemaker Avenue and Shoemaker Avenue Ct",
        "location_type": 0,
        "wheelchair_boarding": 0,
        "routes": [
          {
            "route_id": "3",
            "agency_id": "0",
            "route_short_name": "3",
            "route_long_name": "Gateway Plaza/Norwalk/166th Street",
            "route_type": 3,
            "route_color": "#333092",
            "route_text_color": "#ffffff",
            "route_sort_order": 3
          }
        ],
        "agency_name": "Norwalk Transit System"
      },
      "geometry": {
        "type": "Point",
        "coordinates": [
          -118.055465,
          33.903336
        ]
      }
    },
    {
      "type": "Feature",
      "properties": {
        "stop_id": "1376",
        "stop_code": "1376",
        "stop_name": "Shoemaker Avenue and Tom White Way",
        "location_type": 0,
        "wheelchair_boarding": 0,
        "routes": [
          {
            "route_id": "3",
            "agency_id": "0",
            "route_short_name": "3",
            "route_long_name": "Gateway Plaza/Norwalk/166th Street",
            "route_type": 3,
            "route_color": "#333092",
            "route_text_color": "#ffffff",
            "route_sort_order": 3
          }
        ],
        "agency_name": "Norwalk Transit System"
      },
      "geometry": {
        "type": "Point",
        "coordinates": [
          -118.055241,
          33.904941
        ]
      }
    },
    {
      "type": "Feature",
      "properties": {
        "stop_id": "1377",
        "stop_code": "1377",
        "stop_name": "Shoemaker Avenue and Tom White Way - S/W",
        "location_type": 0,
        "wheelchair_boarding": 0,
        "routes": [
          {
            "route_id": "3",
            "agency_id": "0",
            "route_short_name": "3",
            "route_long_name": "Gateway Plaza/Norwalk/166th Street",
            "route_type": 3,
            "route_color": "#333092",
            "route_text_color": "#ffffff",
            "route_sort_order": 3
          }
        ],
        "agency_name": "Norwalk Transit System"
      },
      "geometry": {
        "type": "Point",
        "coordinates": [
          -118.055477,
          33.904853
        ]
      }
    },
    {
      "type": "Feature",
      "properties": {
        "stop_id": "1378",
        "stop_code": "1378",
        "stop_name": "Shoemaker Avenue at Golf Course",
        "location_type": 0,
        "wheelchair_boarding": 0,
        "routes": [
          {
            "route_id": "3",
            "agency_id": "0",
            "route_short_name": "3",
            "route_long_name": "Gateway Plaza/Norwalk/166th Street",
            "route_type": 3,
            "route_color": "#333092",
            "route_text_color": "#ffffff",
            "route_sort_order": 3
          }
        ],
        "agency_name": "Norwalk Transit System"
      },
      "geometry": {
        "type": "Point",
        "coordinates": [
          -118.055498,
          33.907612
        ]
      }
    },
    {
      "type": "Feature",
      "properties": {
        "stop_id": "1379",
        "stop_code": "1379",
        "stop_name": "Shoemaker/Rosecrans",
        "location_type": 0,
        "wheelchair_boarding": 0,
        "routes": [
          {
            "route_id": "3",
            "agency_id": "0",
            "route_short_name": "3",
            "route_long_name": "Gateway Plaza/Norwalk/166th Street",
            "route_type": 3,
            "route_color": "#333092",
            "route_text_color": "#ffffff",
            "route_sort_order": 3
          }
        ],
        "agency_name": "Norwalk Transit System"
      },
      "geometry": {
        "type": "Point",
        "coordinates": [
          -118.055232,
          33.902755
        ]
      }
    },
    {
      "type": "Feature",
      "properties": {
        "stop_id": "1380",
        "stop_code": "1380",
        "stop_name": "Slauson Avenue and Alburtis Avenue- N/E",
        "location_type": 0,
        "wheelchair_boarding": 0,
        "routes": [
          {
            "route_id": "1",
            "agency_id": "0",
            "route_short_name": "1",
            "route_long_name": "Rio Hondo/Bellflower",
            "route_type": 3,
            "route_color": "#D11141",
            "route_text_color": "#ffffff",
            "route_sort_order": 1
          }
        ],
        "agency_name": "Norwalk Transit System"
      },
      "geometry": {
        "type": "Point",
        "coordinates": [
          -118.075735,
          33.965626
        ]
      }
    },
    {
      "type": "Feature",
      "properties": {
        "stop_id": "1381",
        "stop_code": "1381",
        "stop_name": "Slauson Avenue and Alburtis Avenue- S/E",
        "location_type": 0,
        "wheelchair_boarding": 0,
        "routes": [
          {
            "route_id": "1",
            "agency_id": "0",
            "route_short_name": "1",
            "route_long_name": "Rio Hondo/Bellflower",
            "route_type": 3,
            "route_color": "#D11141",
            "route_text_color": "#ffffff",
            "route_sort_order": 1
          }
        ],
        "agency_name": "Norwalk Transit System"
      },
      "geometry": {
        "type": "Point",
        "coordinates": [
          -118.075633,
          33.965347
        ]
      }
    },
    {
      "type": "Feature",
      "properties": {
        "stop_id": "1382",
        "stop_code": "1382",
        "stop_name": "Slauson Avenue and Millergrove Drive- N/",
        "location_type": 0,
        "wheelchair_boarding": 0,
        "routes": [
          {
            "route_id": "1",
            "agency_id": "0",
            "route_short_name": "1",
            "route_long_name": "Rio Hondo/Bellflower",
            "route_type": 3,
            "route_color": "#D11141",
            "route_text_color": "#ffffff",
            "route_sort_order": 1
          }
        ],
        "agency_name": "Norwalk Transit System"
      },
      "geometry": {
        "type": "Point",
        "coordinates": [
          -118.079167,
          33.96647
        ]
      }
    },
    {
      "type": "Feature",
      "properties": {
        "stop_id": "1383",
        "stop_code": "1383",
        "stop_name": "Slauson Avenue and Millergrove Drive- S/",
        "location_type": 0,
        "wheelchair_boarding": 0,
        "routes": [
          {
            "route_id": "1",
            "agency_id": "0",
            "route_short_name": "1",
            "route_long_name": "Rio Hondo/Bellflower",
            "route_type": 3,
            "route_color": "#D11141",
            "route_text_color": "#ffffff",
            "route_sort_order": 1
          }
        ],
        "agency_name": "Norwalk Transit System"
      },
      "geometry": {
        "type": "Point",
        "coordinates": [
          -118.079751,
          33.966345
        ]
      }
    },
    {
      "type": "Feature",
      "properties": {
        "stop_id": "1384",
        "stop_code": "1384",
        "stop_name": "Studebaker Road and 166th Street- N/E Co",
        "location_type": 0,
        "wheelchair_boarding": 0,
        "routes": [
          {
            "route_id": "2",
            "agency_id": "0",
            "route_short_name": "2",
            "route_long_name": "NSQ/C Line/Cerritos College/Cerritos Mal",
            "route_type": 3,
            "route_color": "#0083A8",
            "route_text_color": "#ffffff",
            "route_sort_order": 2
          }
        ],
        "agency_name": "Norwalk Transit System"
      },
      "geometry": {
        "type": "Point",
        "coordinates": [
          -118.099673,
          33.880576
        ]
      }
    },
    {
      "type": "Feature",
      "properties": {
        "stop_id": "1385",
        "stop_code": "1385",
        "stop_name": "Studebaker Road and 166th Street- N/W Co",
        "location_type": 0,
        "wheelchair_boarding": 0,
        "routes": [
          {
            "route_id": "2",
            "agency_id": "0",
            "route_short_name": "2",
            "route_long_name": "NSQ/C Line/Cerritos College/Cerritos Mal",
            "route_type": 3,
            "route_color": "#0083A8",
            "route_text_color": "#ffffff",
            "route_sort_order": 2
          }
        ],
        "agency_name": "Norwalk Transit System"
      },
      "geometry": {
        "type": "Point",
        "coordinates": [
          -118.099968,
          33.880465
        ]
      }
    },
    {
      "type": "Feature",
      "properties": {
        "stop_id": "1386",
        "stop_code": "1386",
        "stop_name": "Studebaker Road and 183rd Street- N/E Co",
        "location_type": 0,
        "wheelchair_boarding": 0,
        "routes": [
          {
            "route_id": "2",
            "agency_id": "0",
            "route_short_name": "2",
            "route_long_name": "NSQ/C Line/Cerritos College/Cerritos Mal",
            "route_type": 3,
            "route_color": "#0083A8",
            "route_text_color": "#ffffff",
            "route_sort_order": 2
          }
        ],
        "agency_name": "Norwalk Transit System"
      },
      "geometry": {
        "type": "Point",
        "coordinates": [
          -118.099513,
          33.865974
        ]
      }
    },
    {
      "type": "Feature",
      "properties": {
        "stop_id": "1387",
        "stop_code": "1387",
        "stop_name": "Studebaker Road and Angell opposite Hosp",
        "location_type": 0,
        "wheelchair_boarding": 0,
        "routes": [
          {
            "route_id": "2",
            "agency_id": "0",
            "route_short_name": "2",
            "route_long_name": "NSQ/C Line/Cerritos College/Cerritos Mal",
            "route_type": 3,
            "route_color": "#0083A8",
            "route_text_color": "#ffffff",
            "route_sort_order": 2
          }
        ],
        "agency_name": "Norwalk Transit System"
      },
      "geometry": {
        "type": "Point",
        "coordinates": [
          -118.099374,
          33.912448
        ]
      }
    },
    {
      "type": "Feature",
      "properties": {
        "stop_id": "1388",
        "stop_code": "1388",
        "stop_name": "Studebaker Road and Artesia Boulevard- N",
        "location_type": 0,
        "wheelchair_boarding": 0,
        "routes": [
          {
            "route_id": "2",
            "agency_id": "0",
            "route_short_name": "2",
            "route_long_name": "NSQ/C Line/Cerritos College/Cerritos Mal",
            "route_type": 3,
            "route_color": "#0083A8",
            "route_text_color": "#ffffff",
            "route_sort_order": 2
          }
        ],
        "agency_name": "Norwalk Transit System"
      },
      "geometry": {
        "type": "Point",
        "coordinates": [
          -118.099575,
          33.873343
        ]
      }
    },
    {
      "type": "Feature",
      "properties": {
        "stop_id": "1389",
        "stop_code": "1389",
        "stop_name": "Studebaker Road and Artesia Boulevard- S",
        "location_type": 0,
        "wheelchair_boarding": 0,
        "routes": [
          {
            "route_id": "2",
            "agency_id": "0",
            "route_short_name": "2",
            "route_long_name": "NSQ/C Line/Cerritos College/Cerritos Mal",
            "route_type": 3,
            "route_color": "#0083A8",
            "route_text_color": "#ffffff",
            "route_sort_order": 2
          }
        ],
        "agency_name": "Norwalk Transit System"
      },
      "geometry": {
        "type": "Point",
        "coordinates": [
          -118.099871,
          33.872681
        ]
      }
    },
    {
      "type": "Feature",
      "properties": {
        "stop_id": "1390",
        "stop_code": "1390",
        "stop_name": "Studebaker Road and Barnwall Street",
        "location_type": 0,
        "wheelchair_boarding": 0,
        "routes": [
          {
            "route_id": "2",
            "agency_id": "0",
            "route_short_name": "2",
            "route_long_name": "NSQ/C Line/Cerritos College/Cerritos Mal",
            "route_type": 3,
            "route_color": "#0083A8",
            "route_text_color": "#ffffff",
            "route_sort_order": 2
          }
        ],
        "agency_name": "Norwalk Transit System"
      },
      "geometry": {
        "type": "Point",
        "coordinates": [
          -118.100092,
          33.89133
        ]
      }
    },
    {
      "type": "Feature",
      "properties": {
        "stop_id": "1391",
        "stop_code": "1391",
        "stop_name": "Studebaker Road and Barnwall Street- N/E",
        "location_type": 0,
        "wheelchair_boarding": 0,
        "routes": [
          {
            "route_id": "2",
            "agency_id": "0",
            "route_short_name": "2",
            "route_long_name": "NSQ/C Line/Cerritos College/Cerritos Mal",
            "route_type": 3,
            "route_color": "#0083A8",
            "route_text_color": "#ffffff",
            "route_sort_order": 2
          }
        ],
        "agency_name": "Norwalk Transit System"
      },
      "geometry": {
        "type": "Point",
        "coordinates": [
          -118.099797,
          33.891438
        ]
      }
    },
    {
      "type": "Feature",
      "properties": {
        "stop_id": "1392",
        "stop_code": "1392",
        "stop_name": "Studebaker Road and Borson Street",
        "location_type": 0,
        "wheelchair_boarding": 0,
        "routes": [
          {
            "route_id": "7",
            "agency_id": "0",
            "route_short_name": "7",
            "route_long_name": "C Line Station/El Monte Station",
            "route_type": 3,
            "route_color": "#cf9f24",
            "route_text_color": "#ffffff",
            "route_sort_order": 7
          }
        ],
        "agency_name": "Norwalk Transit System"
      },
      "geometry": {
        "type": "Point",
        "coordinates": [
          -118.09911,
          33.914892
        ]
      }
    },
    {
      "type": "Feature",
      "properties": {
        "stop_id": "1393",
        "stop_code": "1393",
        "stop_name": "Studebaker Road and Coast Plaza Hospital",
        "location_type": 0,
        "wheelchair_boarding": 0,
        "routes": [
          {
            "route_id": "2",
            "agency_id": "0",
            "route_short_name": "2",
            "route_long_name": "NSQ/C Line/Cerritos College/Cerritos Mal",
            "route_type": 3,
            "route_color": "#0083A8",
            "route_text_color": "#ffffff",
            "route_sort_order": 2
          }
        ],
        "agency_name": "Norwalk Transit System"
      },
      "geometry": {
        "type": "Point",
        "coordinates": [
          -118.099096,
          33.912581
        ]
      }
    },
    {
      "type": "Feature",
      "properties": {
        "stop_id": "1394",
        "stop_code": "1394",
        "stop_name": "Studebaker Road and Excelsior Drive- N/E",
        "location_type": 0,
        "wheelchair_boarding": 0,
        "routes": [
          {
            "route_id": "2",
            "agency_id": "0",
            "route_short_name": "2",
            "route_long_name": "NSQ/C Line/Cerritos College/Cerritos Mal",
            "route_type": 3,
            "route_color": "#0083A8",
            "route_text_color": "#ffffff",
            "route_sort_order": 2
          }
        ],
        "agency_name": "Norwalk Transit System"
      },
      "geometry": {
        "type": "Point",
        "coordinates": [
          -118.099832,
          33.895067
        ]
      }
    },
    {
      "type": "Feature",
      "properties": {
        "stop_id": "1395",
        "stop_code": "1395",
        "stop_name": "Studebaker Road and Excelsior Drive- N/W",
        "location_type": 0,
        "wheelchair_boarding": 0,
        "routes": [
          {
            "route_id": "2",
            "agency_id": "0",
            "route_short_name": "2",
            "route_long_name": "NSQ/C Line/Cerritos College/Cerritos Mal",
            "route_type": 3,
            "route_color": "#0083A8",
            "route_text_color": "#ffffff",
            "route_sort_order": 2
          }
        ],
        "agency_name": "Norwalk Transit System"
      },
      "geometry": {
        "type": "Point",
        "coordinates": [
          -118.10012,
          33.895017
        ]
      }
    },
    {
      "type": "Feature",
      "properties": {
        "stop_id": "1396",
        "stop_code": "1396",
        "stop_name": "Studebaker Road and Falcon Way- N/E Corn",
        "location_type": 0,
        "wheelchair_boarding": 0,
        "routes": [
          {
            "route_id": "2",
            "agency_id": "0",
            "route_short_name": "2",
            "route_long_name": "NSQ/C Line/Cerritos College/Cerritos Mal",
            "route_type": 3,
            "route_color": "#0083A8",
            "route_text_color": "#ffffff",
            "route_sort_order": 2
          }
        ],
        "agency_name": "Norwalk Transit System"
      },
      "geometry": {
        "type": "Point",
        "coordinates": [
          -118.099726,
          33.884287
        ]
      }
    },
    {
      "type": "Feature",
      "properties": {
        "stop_id": "1397",
        "stop_code": "1397",
        "stop_name": "Studebaker Road and Foster Road- N/W Cor",
        "location_type": 0,
        "wheelchair_boarding": 0,
        "routes": [
          {
            "route_id": "2",
            "agency_id": "0",
            "route_short_name": "2",
            "route_long_name": "NSQ/C Line/Cerritos College/Cerritos Mal",
            "route_type": 3,
            "route_color": "#0083A8",
            "route_text_color": "#ffffff",
            "route_sort_order": 2
          }
        ],
        "agency_name": "Norwalk Transit System"
      },
      "geometry": {
        "type": "Point",
        "coordinates": [
          -118.09938,
          33.910087
        ]
      }
    },
    {
      "type": "Feature",
      "properties": {
        "stop_id": "1398",
        "stop_code": "1398",
        "stop_name": "Studebaker Road and Foster Road- S/E Cor",
        "location_type": 0,
        "wheelchair_boarding": 0,
        "routes": [
          {
            "route_id": "2",
            "agency_id": "0",
            "route_short_name": "2",
            "route_long_name": "NSQ/C Line/Cerritos College/Cerritos Mal",
            "route_type": 3,
            "route_color": "#0083A8",
            "route_text_color": "#ffffff",
            "route_sort_order": 2
          }
        ],
        "agency_name": "Norwalk Transit System"
      },
      "geometry": {
        "type": "Point",
        "coordinates": [
          -118.099106,
          33.909618
        ]
      }
    },
    {
      "type": "Feature",
      "properties": {
        "stop_id": "1399",
        "stop_code": "1399",
        "stop_name": "Studebaker Road and Imperial Highway",
        "location_type": 0,
        "wheelchair_boarding": 0,
        "routes": [
          {
            "route_id": "7",
            "agency_id": "0",
            "route_short_name": "7",
            "route_long_name": "C Line Station/El Monte Station",
            "route_type": 3,
            "route_color": "#cf9f24",
            "route_text_color": "#ffffff",
            "route_sort_order": 7
          }
        ],
        "agency_name": "Norwalk Transit System"
      },
      "geometry": {
        "type": "Point",
        "coordinates": [
          -118.0994,
          33.916658
        ]
      }
    },
    {
      "type": "Feature",
      "properties": {
        "stop_id": "1400",
        "stop_code": "1400",
        "stop_name": "Studebaker Road and Leffingwell Road- N/",
        "location_type": 0,
        "wheelchair_boarding": 0,
        "routes": [
          {
            "route_id": "2",
            "agency_id": "0",
            "route_short_name": "2",
            "route_long_name": "NSQ/C Line/Cerritos College/Cerritos Mal",
            "route_type": 3,
            "route_color": "#0083A8",
            "route_text_color": "#ffffff",
            "route_sort_order": 2
          }
        ],
        "agency_name": "Norwalk Transit System"
      },
      "geometry": {
        "type": "Point",
        "coordinates": [
          -118.099351,
          33.906854
        ]
      }
    },
    {
      "type": "Feature",
      "properties": {
        "stop_id": "1401",
        "stop_code": "1401",
        "stop_name": "Studebaker Road and Leffingwell Road- N/",
        "location_type": 0,
        "wheelchair_boarding": 0,
        "routes": [
          {
            "route_id": "2",
            "agency_id": "0",
            "route_short_name": "2",
            "route_long_name": "NSQ/C Line/Cerritos College/Cerritos Mal",
            "route_type": 3,
            "route_color": "#0083A8",
            "route_text_color": "#ffffff",
            "route_sort_order": 2
          }
        ],
        "agency_name": "Norwalk Transit System"
      },
      "geometry": {
        "type": "Point",
        "coordinates": [
          -118.099689,
          33.906732
        ]
      }
    },
    {
      "type": "Feature",
      "properties": {
        "stop_id": "1402",
        "stop_code": "1402",
        "stop_name": "Studebaker Road and Mapledale Street- N/",
        "location_type": 0,
        "wheelchair_boarding": 0,
        "routes": [
          {
            "route_id": "2",
            "agency_id": "0",
            "route_short_name": "2",
            "route_long_name": "NSQ/C Line/Cerritos College/Cerritos Mal",
            "route_type": 3,
            "route_color": "#0083A8",
            "route_text_color": "#ffffff",
            "route_sort_order": 2
          }
        ],
        "agency_name": "Norwalk Transit System"
      },
      "geometry": {
        "type": "Point",
        "coordinates": [
          -118.099854,
          33.898616
        ]
      }
    },
    {
      "type": "Feature",
      "properties": {
        "stop_id": "1403",
        "stop_code": "1403",
        "stop_name": "Studebaker Road and Mapledale Street- S/",
        "location_type": 0,
        "wheelchair_boarding": 0,
        "routes": [
          {
            "route_id": "2",
            "agency_id": "0",
            "route_short_name": "2",
            "route_long_name": "NSQ/C Line/Cerritos College/Cerritos Mal",
            "route_type": 3,
            "route_color": "#0083A8",
            "route_text_color": "#ffffff",
            "route_sort_order": 2
          }
        ],
        "agency_name": "Norwalk Transit System"
      },
      "geometry": {
        "type": "Point",
        "coordinates": [
          -118.100149,
          33.898256
        ]
      }
    },
    {
      "type": "Feature",
      "properties": {
        "stop_id": "1404",
        "stop_code": "1404",
        "stop_name": "Studebaker Road and Melissa Street- S/W",
        "location_type": 0,
        "wheelchair_boarding": 0,
        "routes": [
          {
            "route_id": "2",
            "agency_id": "0",
            "route_short_name": "2",
            "route_long_name": "NSQ/C Line/Cerritos College/Cerritos Mal",
            "route_type": 3,
            "route_color": "#0083A8",
            "route_text_color": "#ffffff",
            "route_sort_order": 2
          }
        ],
        "agency_name": "Norwalk Transit System"
      },
      "geometry": {
        "type": "Point",
        "coordinates": [
          -118.100022,
          33.883703
        ]
      }
    },
    {
      "type": "Feature",
      "properties": {
        "stop_id": "1405",
        "stop_code": "1405",
        "stop_name": "Studebaker Road and Rosecrans Avenue- N/",
        "location_type": 0,
        "wheelchair_boarding": 0,
        "routes": [
          {
            "route_id": "2",
            "agency_id": "0",
            "route_short_name": "2",
            "route_long_name": "NSQ/C Line/Cerritos College/Cerritos Mal",
            "route_type": 3,
            "route_color": "#0083A8",
            "route_text_color": "#ffffff",
            "route_sort_order": 2
          }
        ],
        "agency_name": "Norwalk Transit System"
      },
      "geometry": {
        "type": "Point",
        "coordinates": [
          -118.09989,
          33.902513
        ]
      }
    },
    {
      "type": "Feature",
      "properties": {
        "stop_id": "1406",
        "stop_code": "1406",
        "stop_name": "Studebaker Road and Rosecrans Avenue- S/",
        "location_type": 0,
        "wheelchair_boarding": 0,
        "routes": [
          {
            "route_id": "2",
            "agency_id": "0",
            "route_short_name": "2",
            "route_long_name": "NSQ/C Line/Cerritos College/Cerritos Mal",
            "route_type": 3,
            "route_color": "#0083A8",
            "route_text_color": "#ffffff",
            "route_sort_order": 2
          }
        ],
        "agency_name": "Norwalk Transit System"
      },
      "geometry": {
        "type": "Point",
        "coordinates": [
          -118.100168,
          33.901793
        ]
      }
    },
    {
      "type": "Feature",
      "properties": {
        "stop_id": "1407",
        "stop_code": "1407",
        "stop_name": "Studebaker Road and Spinnaker Street- S/",
        "location_type": 0,
        "wheelchair_boarding": 0,
        "routes": [
          {
            "route_id": "2",
            "agency_id": "0",
            "route_short_name": "2",
            "route_long_name": "NSQ/C Line/Cerritos College/Cerritos Mal",
            "route_type": 3,
            "route_color": "#0083A8",
            "route_text_color": "#ffffff",
            "route_sort_order": 2
          }
        ],
        "agency_name": "Norwalk Transit System"
      },
      "geometry": {
        "type": "Point",
        "coordinates": [
          -118.099632,
          33.878114
        ]
      }
    },
    {
      "type": "Feature",
      "properties": {
        "stop_id": "1408",
        "stop_code": "1408",
        "stop_name": "Studebaker/Alondra",
        "location_type": 0,
        "wheelchair_boarding": 0,
        "routes": [
          {
            "route_id": "2",
            "agency_id": "0",
            "route_short_name": "2",
            "route_long_name": "NSQ/C Line/Cerritos College/Cerritos Mal",
            "route_type": 3,
            "route_color": "#0083A8",
            "route_text_color": "#ffffff",
            "route_sort_order": 2
          }
        ],
        "agency_name": "Norwalk Transit System"
      },
      "geometry": {
        "type": "Point",
        "coordinates": [
          -118.099762,
          33.888182
        ]
      }
    },
    {
      "type": "Feature",
      "properties": {
        "stop_id": "1409",
        "stop_code": "1409",
        "stop_name": "StudebakerAlondra",
        "location_type": 0,
        "wheelchair_boarding": 0,
        "routes": [
          {
            "route_id": "2",
            "agency_id": "0",
            "route_short_name": "2",
            "route_long_name": "NSQ/C Line/Cerritos College/Cerritos Mal",
            "route_type": 3,
            "route_color": "#0083A8",
            "route_text_color": "#ffffff",
            "route_sort_order": 2
          }
        ],
        "agency_name": "Norwalk Transit System"
      },
      "geometry": {
        "type": "Point",
        "coordinates": [
          -118.100062,
          33.887209
        ]
      }
    },
    {
      "type": "Feature",
      "properties": {
        "stop_id": "1410",
        "stop_code": "1410",
        "stop_name": "Orr and Day/Telegraph",
        "location_type": 0,
        "wheelchair_boarding": 0,
        "routes": [
          {
            "route_id": "3",
            "agency_id": "0",
            "route_short_name": "3",
            "route_long_name": "Gateway Plaza/Norwalk/166th Street",
            "route_type": 3,
            "route_color": "#333092",
            "route_text_color": "#ffffff",
            "route_sort_order": 3
          }
        ],
        "agency_name": "Norwalk Transit System"
      },
      "geometry": {
        "type": "Point",
        "coordinates": [
          -118.089126,
          33.948458
        ]
      }
    },
    {
      "type": "Feature",
      "properties": {
        "stop_id": "1411",
        "stop_code": "1411",
        "stop_name": "Telegraph Road and Bloomfield Avenue",
        "location_type": 0,
        "wheelchair_boarding": 0,
        "routes": [
          {
            "route_id": "3",
            "agency_id": "0",
            "route_short_name": "3",
            "route_long_name": "Gateway Plaza/Norwalk/166th Street",
            "route_type": 3,
            "route_color": "#333092",
            "route_text_color": "#ffffff",
            "route_sort_order": 3
          }
        ],
        "agency_name": "Norwalk Transit System"
      },
      "geometry": {
        "type": "Point",
        "coordinates": [
          -118.064475,
          33.941698
        ]
      }
    },
    {
      "type": "Feature",
      "properties": {
        "stop_id": "1412",
        "stop_code": "1412",
        "stop_name": "Telegraph Road and Bloomfield Avenue - N",
        "location_type": 0,
        "wheelchair_boarding": 0,
        "routes": [
          {
            "route_id": "3",
            "agency_id": "0",
            "route_short_name": "3",
            "route_long_name": "Gateway Plaza/Norwalk/166th Street",
            "route_type": 3,
            "route_color": "#333092",
            "route_text_color": "#ffffff",
            "route_sort_order": 3
          }
        ],
        "agency_name": "Norwalk Transit System"
      },
      "geometry": {
        "type": "Point",
        "coordinates": [
          -118.064598,
          33.941982
        ]
      }
    },
    {
      "type": "Feature",
      "properties": {
        "stop_id": "1413",
        "stop_code": "1413",
        "stop_name": "Telegraph Road and Greenleaf Avenue",
        "location_type": 0,
        "wheelchair_boarding": 0,
        "routes": [
          {
            "route_id": "3",
            "agency_id": "0",
            "route_short_name": "3",
            "route_long_name": "Gateway Plaza/Norwalk/166th Street",
            "route_type": 3,
            "route_color": "#333092",
            "route_text_color": "#ffffff",
            "route_sort_order": 3
          }
        ],
        "agency_name": "Norwalk Transit System"
      },
      "geometry": {
        "type": "Point",
        "coordinates": [
          -118.054777,
          33.941739
        ]
      }
    },
    {
      "type": "Feature",
      "properties": {
        "stop_id": "1414",
        "stop_code": "1414",
        "stop_name": "Telegraph Road and Greenleaf Avenue - N/",
        "location_type": 0,
        "wheelchair_boarding": 0,
        "routes": [
          {
            "route_id": "3",
            "agency_id": "0",
            "route_short_name": "3",
            "route_long_name": "Gateway Plaza/Norwalk/166th Street",
            "route_type": 3,
            "route_color": "#333092",
            "route_text_color": "#ffffff",
            "route_sort_order": 3
          }
        ],
        "agency_name": "Norwalk Transit System"
      },
      "geometry": {
        "type": "Point",
        "coordinates": [
          -118.055636,
          33.941989
        ]
      }
    },
    {
      "type": "Feature",
      "properties": {
        "stop_id": "1415",
        "stop_code": "1415",
        "stop_name": "Telegraph Road and Jersey Avenue",
        "location_type": 0,
        "wheelchair_boarding": 0,
        "routes": [
          {
            "route_id": "3",
            "agency_id": "0",
            "route_short_name": "3",
            "route_long_name": "Gateway Plaza/Norwalk/166th Street",
            "route_type": 3,
            "route_color": "#333092",
            "route_text_color": "#ffffff",
            "route_sort_order": 3
          }
        ],
        "agency_name": "Norwalk Transit System"
      },
      "geometry": {
        "type": "Point",
        "coordinates": [
          -118.086294,
          33.947284
        ]
      }
    },
    {
      "type": "Feature",
      "properties": {
        "stop_id": "1416",
        "stop_code": "1416",
        "stop_name": "Telegraph Road and Jersey Avenue - N/W C",
        "location_type": 0,
        "wheelchair_boarding": 0,
        "routes": [
          {
            "route_id": "3",
            "agency_id": "0",
            "route_short_name": "3",
            "route_long_name": "Gateway Plaza/Norwalk/166th Street",
            "route_type": 3,
            "route_color": "#333092",
            "route_text_color": "#ffffff",
            "route_sort_order": 3
          }
        ],
        "agency_name": "Norwalk Transit System"
      },
      "geometry": {
        "type": "Point",
        "coordinates": [
          -118.08597,
          33.947427
        ]
      }
    },
    {
      "type": "Feature",
      "properties": {
        "stop_id": "1417",
        "stop_code": "1417",
        "stop_name": "Telegraph Road and Laurel Avenue - N/W C",
        "location_type": 0,
        "wheelchair_boarding": 0,
        "routes": [
          {
            "route_id": "3",
            "agency_id": "0",
            "route_short_name": "3",
            "route_long_name": "Gateway Plaza/Norwalk/166th Street",
            "route_type": 3,
            "route_color": "#333092",
            "route_text_color": "#ffffff",
            "route_sort_order": 3
          }
        ],
        "agency_name": "Norwalk Transit System"
      },
      "geometry": {
        "type": "Point",
        "coordinates": [
          -118.048915,
          33.941926
        ]
      }
    },
    {
      "type": "Feature",
      "properties": {
        "stop_id": "1418",
        "stop_code": "1418",
        "stop_name": "Telegraph Road and Painter Avenue",
        "location_type": 0,
        "wheelchair_boarding": 0,
        "routes": [
          {
            "route_id": "3",
            "agency_id": "0",
            "route_short_name": "3",
            "route_long_name": "Gateway Plaza/Norwalk/166th Street",
            "route_type": 3,
            "route_color": "#333092",
            "route_text_color": "#ffffff",
            "route_sort_order": 3
          }
        ],
        "agency_name": "Norwalk Transit System"
      },
      "geometry": {
        "type": "Point",
        "coordinates": [
          -118.051153,
          33.94175
        ]
      }
    },
    {
      "type": "Feature",
      "properties": {
        "stop_id": "1419",
        "stop_code": "1419",
        "stop_name": "Telegraph Road and Painter Avenue - N/W",
        "location_type": 0,
        "wheelchair_boarding": 0,
        "routes": [
          {
            "route_id": "3",
            "agency_id": "0",
            "route_short_name": "3",
            "route_long_name": "Gateway Plaza/Norwalk/166th Street",
            "route_type": 3,
            "route_color": "#333092",
            "route_text_color": "#ffffff",
            "route_sort_order": 3
          }
        ],
        "agency_name": "Norwalk Transit System"
      },
      "geometry": {
        "type": "Point",
        "coordinates": [
          -118.051744,
          33.941983
        ]
      }
    },
    {
      "type": "Feature",
      "properties": {
        "stop_id": "1420",
        "stop_code": "1420",
        "stop_name": "Telegraph Road and Pioneer Boulevard",
        "location_type": 0,
        "wheelchair_boarding": 0,
        "routes": [
          {
            "route_id": "3",
            "agency_id": "0",
            "route_short_name": "3",
            "route_long_name": "Gateway Plaza/Norwalk/166th Street",
            "route_type": 3,
            "route_color": "#333092",
            "route_text_color": "#ffffff",
            "route_sort_order": 3
          }
        ],
        "agency_name": "Norwalk Transit System"
      },
      "geometry": {
        "type": "Point",
        "coordinates": [
          -118.082063,
          33.945542
        ]
      }
    },
    {
      "type": "Feature",
      "properties": {
        "stop_id": "1421",
        "stop_code": "1421",
        "stop_name": "Telegraph Road and Pioneer Blvd",
        "location_type": 0,
        "wheelchair_boarding": 0,
        "routes": [
          {
            "route_id": "3",
            "agency_id": "0",
            "route_short_name": "3",
            "route_long_name": "Gateway Plaza/Norwalk/166th Street",
            "route_type": 3,
            "route_color": "#333092",
            "route_text_color": "#ffffff",
            "route_sort_order": 3
          }
        ],
        "agency_name": "Norwalk Transit System"
      },
      "geometry": {
        "type": "Point",
        "coordinates": [
          -118.081306,
          33.945565
        ]
      }
    },
    {
      "type": "Feature",
      "properties": {
        "stop_id": "1422",
        "stop_code": "1422",
        "stop_name": "Telegraph/ Norwalk",
        "location_type": 0,
        "wheelchair_boarding": 0,
        "routes": [
          {
            "route_id": "3",
            "agency_id": "0",
            "route_short_name": "3",
            "route_long_name": "Gateway Plaza/Norwalk/166th Street",
            "route_type": 3,
            "route_color": "#333092",
            "route_text_color": "#ffffff",
            "route_sort_order": 3
          }
        ],
        "agency_name": "Norwalk Transit System"
      },
      "geometry": {
        "type": "Point",
        "coordinates": [
          -118.073152,
          33.942157
        ]
      }
    },
    {
      "type": "Feature",
      "properties": {
        "stop_id": "1423",
        "stop_code": "1423",
        "stop_name": "Telegraph/Carmenita",
        "location_type": 0,
        "wheelchair_boarding": 0,
        "routes": [
          {
            "route_id": "3",
            "agency_id": "0",
            "route_short_name": "3",
            "route_long_name": "Gateway Plaza/Norwalk/166th Street",
            "route_type": 3,
            "route_color": "#333092",
            "route_text_color": "#ffffff",
            "route_sort_order": 3
          }
        ],
        "agency_name": "Norwalk Transit System"
      },
      "geometry": {
        "type": "Point",
        "coordinates": [
          -118.047139,
          33.940873
        ]
      }
    },
    {
      "type": "Feature",
      "properties": {
        "stop_id": "1424",
        "stop_code": "1424",
        "stop_name": "Telegraph/Carmenita Road (McDonalds)",
        "location_type": 0,
        "wheelchair_boarding": 0,
        "routes": [
          {
            "route_id": "3",
            "agency_id": "0",
            "route_short_name": "3",
            "route_long_name": "Gateway Plaza/Norwalk/166th Street",
            "route_type": 3,
            "route_color": "#333092",
            "route_text_color": "#ffffff",
            "route_sort_order": 3
          }
        ],
        "agency_name": "Norwalk Transit System"
      },
      "geometry": {
        "type": "Point",
        "coordinates": [
          -118.048244,
          33.941287
        ]
      }
    },
    {
      "type": "Feature",
      "properties": {
        "stop_id": "1425",
        "stop_code": "1425",
        "stop_name": "Telegraph/Norwalk",
        "location_type": 0,
        "wheelchair_boarding": 0,
        "routes": [
          {
            "route_id": "3",
            "agency_id": "0",
            "route_short_name": "3",
            "route_long_name": "Gateway Plaza/Norwalk/166th Street",
            "route_type": 3,
            "route_color": "#333092",
            "route_text_color": "#ffffff",
            "route_sort_order": 3
          }
        ],
        "agency_name": "Norwalk Transit System"
      },
      "geometry": {
        "type": "Point",
        "coordinates": [
          -118.072037,
          33.941706
        ]
      }
    },
    {
      "type": "Feature",
      "properties": {
        "stop_id": "1426",
        "stop_code": "1426",
        "stop_name": "Valley Boulevard and Johnson Avenue",
        "location_type": 0,
        "wheelchair_boarding": 0,
        "routes": [
          {
            "route_id": "7",
            "agency_id": "0",
            "route_short_name": "7",
            "route_long_name": "C Line Station/El Monte Station",
            "route_type": 3,
            "route_color": "#cf9f24",
            "route_text_color": "#ffffff",
            "route_sort_order": 7
          }
        ],
        "agency_name": "Norwalk Transit System"
      },
      "geometry": {
        "type": "Point",
        "coordinates": [
          -118.03113,
          34.071057
        ]
      }
    },
    {
      "type": "Feature",
      "properties": {
        "stop_id": "1427",
        "stop_code": "1427",
        "stop_name": "Valley Boulevard and Johnson Avenue",
        "location_type": 0,
        "wheelchair_boarding": 0,
        "routes": [
          {
            "route_id": "7",
            "agency_id": "0",
            "route_short_name": "7",
            "route_long_name": "C Line Station/El Monte Station",
            "route_type": 3,
            "route_color": "#cf9f24",
            "route_text_color": "#ffffff",
            "route_sort_order": 7
          }
        ],
        "agency_name": "Norwalk Transit System"
      },
      "geometry": {
        "type": "Point",
        "coordinates": [
          -118.030838,
          34.071177
        ]
      }
    },
    {
      "type": "Feature",
      "properties": {
        "stop_id": "1428",
        "stop_code": "1428",
        "stop_name": "Valley Boulevard and Peck Road",
        "location_type": 0,
        "wheelchair_boarding": 0,
        "routes": [
          {
            "route_id": "7",
            "agency_id": "0",
            "route_short_name": "7",
            "route_long_name": "C Line Station/El Monte Station",
            "route_type": 3,
            "route_color": "#cf9f24",
            "route_text_color": "#ffffff",
            "route_sort_order": 7
          }
        ],
        "agency_name": "Norwalk Transit System"
      },
      "geometry": {
        "type": "Point",
        "coordinates": [
          -118.028587,
          34.069111
        ]
      }
    },
    {
      "type": "Feature",
      "properties": {
        "stop_id": "1429",
        "stop_code": "1429",
        "stop_name": "Valley Boulevard and Peck Road",
        "location_type": 0,
        "wheelchair_boarding": 0,
        "routes": [
          {
            "route_id": "7",
            "agency_id": "0",
            "route_short_name": "7",
            "route_long_name": "C Line Station/El Monte Station",
            "route_type": 3,
            "route_color": "#cf9f24",
            "route_text_color": "#ffffff",
            "route_sort_order": 7
          }
        ],
        "agency_name": "Norwalk Transit System"
      },
      "geometry": {
        "type": "Point",
        "coordinates": [
          -118.028286,
          34.06921
        ]
      }
    },
    {
      "type": "Feature",
      "properties": {
        "stop_id": "1430",
        "stop_code": "1430",
        "stop_name": "Washington Boulevard and Lambert Road",
        "location_type": 0,
        "wheelchair_boarding": 0,
        "routes": [
          {
            "route_id": "7",
            "agency_id": "0",
            "route_short_name": "7",
            "route_long_name": "C Line Station/El Monte Station",
            "route_type": 3,
            "route_color": "#cf9f24",
            "route_text_color": "#ffffff",
            "route_sort_order": 7
          }
        ],
        "agency_name": "Norwalk Transit System"
      },
      "geometry": {
        "type": "Point",
        "coordinates": [
          -118.047426,
          33.96734
        ]
      }
    },
    {
      "type": "Feature",
      "properties": {
        "stop_id": "1431",
        "stop_code": "1431",
        "stop_name": "Washington Boulevard and Putnam Street",
        "location_type": 0,
        "wheelchair_boarding": 0,
        "routes": [
          {
            "route_id": "7",
            "agency_id": "0",
            "route_short_name": "7",
            "route_long_name": "C Line Station/El Monte Station",
            "route_type": 3,
            "route_color": "#cf9f24",
            "route_text_color": "#ffffff",
            "route_sort_order": 7
          }
        ],
        "agency_name": "Norwalk Transit System"
      },
      "geometry": {
        "type": "Point",
        "coordinates": [
          -118.044261,
          33.967902
        ]
      }
    },
    {
      "type": "Feature",
      "properties": {
        "stop_id": "1432",
        "stop_code": "1432",
        "stop_name": "Washington Boulevard and Putnam Street",
        "location_type": 0,
        "wheelchair_boarding": 0,
        "routes": [
          {
            "route_id": "7",
            "agency_id": "0",
            "route_short_name": "7",
            "route_long_name": "C Line Station/El Monte Station",
            "route_type": 3,
            "route_color": "#cf9f24",
            "route_text_color": "#ffffff",
            "route_sort_order": 7
          }
        ],
        "agency_name": "Norwalk Transit System"
      },
      "geometry": {
        "type": "Point",
        "coordinates": [
          -118.044382,
          33.968119
        ]
      }
    },
    {
      "type": "Feature",
      "properties": {
        "stop_id": "1433",
        "stop_code": "1433",
        "stop_name": "Woodruff Avenue and Flora Vista Street-",
        "location_type": 0,
        "wheelchair_boarding": 0,
        "routes": [
          {
            "route_id": "1",
            "agency_id": "0",
            "route_short_name": "1",
            "route_long_name": "Rio Hondo/Bellflower",
            "route_type": 3,
            "route_color": "#D11141",
            "route_text_color": "#ffffff",
            "route_sort_order": 1
          }
        ],
        "agency_name": "Norwalk Transit System"
      },
      "geometry": {
        "type": "Point",
        "coordinates": [
          -118.117465,
          33.882811
        ]
      }
    },
    {
      "type": "Feature",
      "properties": {
        "stop_id": "1434",
        "stop_code": "1434",
        "stop_name": "Woodruff Avenue and Rosecrans Avenue - S",
        "location_type": 0,
        "wheelchair_boarding": 0,
        "routes": [
          {
            "route_id": "1",
            "agency_id": "0",
            "route_short_name": "1",
            "route_long_name": "Rio Hondo/Bellflower",
            "route_type": 3,
            "route_color": "#D11141",
            "route_text_color": "#ffffff",
            "route_sort_order": 1
          }
        ],
        "agency_name": "Norwalk Transit System"
      },
      "geometry": {
        "type": "Point",
        "coordinates": [
          -118.11678,
          33.901358
        ]
      }
    },
    {
      "type": "Feature",
      "properties": {
        "stop_id": "1435",
        "stop_code": "1435",
        "stop_name": "Woodruff Avenue and Somerset Boulevard-N",
        "location_type": 0,
        "wheelchair_boarding": 0,
        "routes": [
          {
            "route_id": "1",
            "agency_id": "0",
            "route_short_name": "1",
            "route_long_name": "Rio Hondo/Bellflower",
            "route_type": 3,
            "route_color": "#D11141",
            "route_text_color": "#ffffff",
            "route_sort_order": 1
          }
        ],
        "agency_name": "Norwalk Transit System"
      },
      "geometry": {
        "type": "Point",
        "coordinates": [
          -118.116765,
          33.896853
        ]
      }
    },
    {
      "type": "Feature",
      "properties": {
        "stop_id": "1436",
        "stop_code": "1436",
        "stop_name": "Woodruff Avenue and Woodruff Avenue Pl.-",
        "location_type": 0,
        "wheelchair_boarding": 0,
        "routes": [
          {
            "route_id": "1",
            "agency_id": "0",
            "route_short_name": "1",
            "route_long_name": "Rio Hondo/Bellflower",
            "route_type": 3,
            "route_color": "#D11141",
            "route_text_color": "#ffffff",
            "route_sort_order": 1
          }
        ],
        "agency_name": "Norwalk Transit System"
      },
      "geometry": {
        "type": "Point",
        "coordinates": [
          -118.117305,
          33.893877
        ]
      }
    },
    {
      "type": "Feature",
      "properties": {
        "stop_id": "1437",
        "stop_code": "1437",
        "stop_name": "Woodruff/Alondra",
        "location_type": 0,
        "wheelchair_boarding": 0,
        "routes": [
          {
            "route_id": "1",
            "agency_id": "0",
            "route_short_name": "1",
            "route_long_name": "Rio Hondo/Bellflower",
            "route_type": 3,
            "route_color": "#D11141",
            "route_text_color": "#ffffff",
            "route_sort_order": 1
          }
        ],
        "agency_name": "Norwalk Transit System"
      },
      "geometry": {
        "type": "Point",
        "coordinates": [
          -118.116933,
          33.889247
        ]
      }
    },
    {
      "type": "Feature",
      "properties": {
        "stop_id": "1438",
        "stop_code": "1438",
        "stop_name": "Woodruff/Alondra",
        "location_type": 0,
        "wheelchair_boarding": 0,
        "routes": [
          {
            "route_id": "1",
            "agency_id": "0",
            "route_short_name": "1",
            "route_long_name": "Rio Hondo/Bellflower",
            "route_type": 3,
            "route_color": "#D11141",
            "route_text_color": "#ffffff",
            "route_sort_order": 1
          }
        ],
        "agency_name": "Norwalk Transit System"
      },
      "geometry": {
        "type": "Point",
        "coordinates": [
          -118.117516,
          33.888694
        ]
      }
    },
    {
      "type": "Feature",
      "properties": {
        "stop_id": "1439",
        "stop_code": "1439",
        "stop_name": "Workman Mill Road and Cliota Street",
        "location_type": 0,
        "wheelchair_boarding": 0,
        "routes": [
          {
            "route_id": "1",
            "agency_id": "0",
            "route_short_name": "1",
            "route_long_name": "Rio Hondo/Bellflower",
            "route_type": 3,
            "route_color": "#D11141",
            "route_text_color": "#ffffff",
            "route_sort_order": 1
          },
          {
            "route_id": "7",
            "agency_id": "0",
            "route_short_name": "7",
            "route_long_name": "C Line Station/El Monte Station",
            "route_type": 3,
            "route_color": "#cf9f24",
            "route_text_color": "#ffffff",
            "route_sort_order": 7
          }
        ],
        "agency_name": "Norwalk Transit System"
      },
      "geometry": {
        "type": "Point",
        "coordinates": [
          -118.045986,
          34.013795
        ]
      }
    },
    {
      "type": "Feature",
      "properties": {
        "stop_id": "1440",
        "stop_code": "1440",
        "stop_name": "Workman Mill Road and E Mission Mill Roa",
        "location_type": 0,
        "wheelchair_boarding": 0,
        "routes": [
          {
            "route_id": "7",
            "agency_id": "0",
            "route_short_name": "7",
            "route_long_name": "C Line Station/El Monte Station",
            "route_type": 3,
            "route_color": "#cf9f24",
            "route_text_color": "#ffffff",
            "route_sort_order": 7
          }
        ],
        "agency_name": "Norwalk Transit System"
      },
      "geometry": {
        "type": "Point",
        "coordinates": [
          -118.044077,
          34.015126
        ]
      }
    },
    {
      "type": "Feature",
      "properties": {
        "stop_id": "1441",
        "stop_code": "1441",
        "stop_name": "Workman Mill Road and Mission Mill Road-",
        "location_type": 0,
        "wheelchair_boarding": 0,
        "routes": [
          {
            "route_id": "1",
            "agency_id": "0",
            "route_short_name": "1",
            "route_long_name": "Rio Hondo/Bellflower",
            "route_type": 3,
            "route_color": "#D11141",
            "route_text_color": "#ffffff",
            "route_sort_order": 1
          },
          {
            "route_id": "7",
            "agency_id": "0",
            "route_short_name": "7",
            "route_long_name": "C Line Station/El Monte Station",
            "route_type": 3,
            "route_color": "#cf9f24",
            "route_text_color": "#ffffff",
            "route_sort_order": 7
          }
        ],
        "agency_name": "Norwalk Transit System"
      },
      "geometry": {
        "type": "Point",
        "coordinates": [
          -118.044474,
          34.01524
        ]
      }
    },
    {
      "type": "Feature",
      "properties": {
        "stop_id": "1442",
        "stop_code": "1442",
        "stop_name": "Workman Mill Road and Pioneer Boulevard",
        "location_type": 0,
        "wheelchair_boarding": 0,
        "routes": [
          {
            "route_id": "7",
            "agency_id": "0",
            "route_short_name": "7",
            "route_long_name": "C Line Station/El Monte Station",
            "route_type": 3,
            "route_color": "#cf9f24",
            "route_text_color": "#ffffff",
            "route_sort_order": 7
          }
        ],
        "agency_name": "Norwalk Transit System"
      },
      "geometry": {
        "type": "Point",
        "coordinates": [
          -118.055082,
          34.008424
        ]
      }
    },
    {
      "type": "Feature",
      "properties": {
        "stop_id": "1443",
        "stop_code": "1443",
        "stop_name": "Workman Mill Road and Pioneer Boulevard-",
        "location_type": 0,
        "wheelchair_boarding": 0,
        "routes": [
          {
            "route_id": "1",
            "agency_id": "0",
            "route_short_name": "1",
            "route_long_name": "Rio Hondo/Bellflower",
            "route_type": 3,
            "route_color": "#D11141",
            "route_text_color": "#ffffff",
            "route_sort_order": 1
          },
          {
            "route_id": "7",
            "agency_id": "0",
            "route_short_name": "7",
            "route_long_name": "C Line Station/El Monte Station",
            "route_type": 3,
            "route_color": "#cf9f24",
            "route_text_color": "#ffffff",
            "route_sort_order": 7
          }
        ],
        "agency_name": "Norwalk Transit System"
      },
      "geometry": {
        "type": "Point",
        "coordinates": [
          -118.055366,
          34.008522
        ]
      }
    },
    {
      "type": "Feature",
      "properties": {
        "stop_id": "1444",
        "stop_code": "1444",
        "stop_name": "Workman Mill Road and Rose Hills (Main G",
        "location_type": 0,
        "wheelchair_boarding": 0,
        "routes": [
          {
            "route_id": "1",
            "agency_id": "0",
            "route_short_name": "1",
            "route_long_name": "Rio Hondo/Bellflower",
            "route_type": 3,
            "route_color": "#D11141",
            "route_text_color": "#ffffff",
            "route_sort_order": 1
          },
          {
            "route_id": "7",
            "agency_id": "0",
            "route_short_name": "7",
            "route_long_name": "C Line Station/El Monte Station",
            "route_type": 3,
            "route_color": "#cf9f24",
            "route_text_color": "#ffffff",
            "route_sort_order": 7
          }
        ],
        "agency_name": "Norwalk Transit System"
      },
      "geometry": {
        "type": "Point",
        "coordinates": [
          -118.040698,
          34.017307
        ]
      }
    },
    {
      "type": "Feature",
      "properties": {
        "stop_id": "1445",
        "stop_code": "1445",
        "stop_name": "Workman Mill Road and Rose Hills Gate #",
        "location_type": 0,
        "wheelchair_boarding": 0,
        "routes": [
          {
            "route_id": "1",
            "agency_id": "0",
            "route_short_name": "1",
            "route_long_name": "Rio Hondo/Bellflower",
            "route_type": 3,
            "route_color": "#D11141",
            "route_text_color": "#ffffff",
            "route_sort_order": 1
          },
          {
            "route_id": "7",
            "agency_id": "0",
            "route_short_name": "7",
            "route_long_name": "C Line Station/El Monte Station",
            "route_type": 3,
            "route_color": "#cf9f24",
            "route_text_color": "#ffffff",
            "route_sort_order": 7
          }
        ],
        "agency_name": "Norwalk Transit System"
      },
      "geometry": {
        "type": "Point",
        "coordinates": [
          -118.055827,
          34.005632
        ]
      }
    },
    {
      "type": "Feature",
      "properties": {
        "stop_id": "1446",
        "stop_code": "1446",
        "stop_name": "Workman Mill Road and Rose Hills Gate #",
        "location_type": 0,
        "wheelchair_boarding": 0,
        "routes": [
          {
            "route_id": "1",
            "agency_id": "0",
            "route_short_name": "1",
            "route_long_name": "Rio Hondo/Bellflower",
            "route_type": 3,
            "route_color": "#D11141",
            "route_text_color": "#ffffff",
            "route_sort_order": 1
          },
          {
            "route_id": "7",
            "agency_id": "0",
            "route_short_name": "7",
            "route_long_name": "C Line Station/El Monte Station",
            "route_type": 3,
            "route_color": "#cf9f24",
            "route_text_color": "#ffffff",
            "route_sort_order": 7
          }
        ],
        "agency_name": "Norwalk Transit System"
      },
      "geometry": {
        "type": "Point",
        "coordinates": [
          -118.056195,
          34.005067
        ]
      }
    },
    {
      "type": "Feature",
      "properties": {
        "stop_id": "1447",
        "stop_code": "1447",
        "stop_name": "Workman Mill Road and Rose Hills Road- S",
        "location_type": 0,
        "wheelchair_boarding": 0,
        "routes": [
          {
            "route_id": "1",
            "agency_id": "0",
            "route_short_name": "1",
            "route_long_name": "Rio Hondo/Bellflower",
            "route_type": 3,
            "route_color": "#D11141",
            "route_text_color": "#ffffff",
            "route_sort_order": 1
          },
          {
            "route_id": "7",
            "agency_id": "0",
            "route_short_name": "7",
            "route_long_name": "C Line Station/El Monte Station",
            "route_type": 3,
            "route_color": "#cf9f24",
            "route_text_color": "#ffffff",
            "route_sort_order": 7
          }
        ],
        "agency_name": "Norwalk Transit System"
      },
      "geometry": {
        "type": "Point",
        "coordinates": [
          -118.04681,
          34.013317
        ]
      }
    },
    {
      "type": "Feature",
      "properties": {
        "stop_id": "1448",
        "stop_code": "1448",
        "stop_name": "Workman Mill Road and Sierra Morena Aven",
        "location_type": 0,
        "wheelchair_boarding": 0,
        "routes": [
          {
            "route_id": "1",
            "agency_id": "0",
            "route_short_name": "1",
            "route_long_name": "Rio Hondo/Bellflower",
            "route_type": 3,
            "route_color": "#D11141",
            "route_text_color": "#ffffff",
            "route_sort_order": 1
          },
          {
            "route_id": "7",
            "agency_id": "0",
            "route_short_name": "7",
            "route_long_name": "C Line Station/El Monte Station",
            "route_type": 3,
            "route_color": "#cf9f24",
            "route_text_color": "#ffffff",
            "route_sort_order": 7
          }
        ],
        "agency_name": "Norwalk Transit System"
      },
      "geometry": {
        "type": "Point",
        "coordinates": [
          -118.05599,
          34.001353
        ]
      }
    },
    {
      "type": "Feature",
      "properties": {
        "stop_id": "1449",
        "stop_code": "1449",
        "stop_name": "Workman Mill Road and Spy Glass Hill Roa",
        "location_type": 0,
        "wheelchair_boarding": 0,
        "routes": [
          {
            "route_id": "1",
            "agency_id": "0",
            "route_short_name": "1",
            "route_long_name": "Rio Hondo/Bellflower",
            "route_type": 3,
            "route_color": "#D11141",
            "route_text_color": "#ffffff",
            "route_sort_order": 1
          },
          {
            "route_id": "7",
            "agency_id": "0",
            "route_short_name": "7",
            "route_long_name": "C Line Station/El Monte Station",
            "route_type": 3,
            "route_color": "#cf9f24",
            "route_text_color": "#ffffff",
            "route_sort_order": 7
          }
        ],
        "agency_name": "Norwalk Transit System"
      },
      "geometry": {
        "type": "Point",
        "coordinates": [
          -118.047835,
          34.011884
        ]
      }
    },
    {
      "type": "Feature",
      "properties": {
        "stop_id": "1451",
        "stop_code": "1451",
        "stop_name": "Workman Mill Road opposite Rose Hills Ma",
        "location_type": 0,
        "wheelchair_boarding": 0,
        "routes": [
          {
            "route_id": "1",
            "agency_id": "0",
            "route_short_name": "1",
            "route_long_name": "Rio Hondo/Bellflower",
            "route_type": 3,
            "route_color": "#D11141",
            "route_text_color": "#ffffff",
            "route_sort_order": 1
          },
          {
            "route_id": "7",
            "agency_id": "0",
            "route_short_name": "7",
            "route_long_name": "C Line Station/El Monte Station",
            "route_type": 3,
            "route_color": "#cf9f24",
            "route_text_color": "#ffffff",
            "route_sort_order": 7
          }
        ],
        "agency_name": "Norwalk Transit System"
      },
      "geometry": {
        "type": "Point",
        "coordinates": [
          -118.04181,
          34.016769
        ]
      }
    },
    {
      "type": "Feature",
      "properties": {
        "stop_id": "1452",
        "stop_code": "1452",
        "stop_name": "Workman Mill Road opposite Sierra Morena",
        "location_type": 0,
        "wheelchair_boarding": 0,
        "routes": [
          {
            "route_id": "1",
            "agency_id": "0",
            "route_short_name": "1",
            "route_long_name": "Rio Hondo/Bellflower",
            "route_type": 3,
            "route_color": "#D11141",
            "route_text_color": "#ffffff",
            "route_sort_order": 1
          },
          {
            "route_id": "7",
            "agency_id": "0",
            "route_short_name": "7",
            "route_long_name": "C Line Station/El Monte Station",
            "route_type": 3,
            "route_color": "#cf9f24",
            "route_text_color": "#ffffff",
            "route_sort_order": 7
          }
        ],
        "agency_name": "Norwalk Transit System"
      },
      "geometry": {
        "type": "Point",
        "coordinates": [
          -118.056288,
          34.001338
        ]
      }
    },
    {
      "type": "Feature",
      "properties": {
        "stop_id": "1454",
        "stop_code": "1454",
        "stop_name": "Rio Hondo College SW",
        "location_type": 0,
        "wheelchair_boarding": 0,
        "routes": [
          {
            "route_id": "1",
            "agency_id": "0",
            "route_short_name": "1",
            "route_long_name": "Rio Hondo/Bellflower",
            "route_type": 3,
            "route_color": "#D11141",
            "route_text_color": "#ffffff",
            "route_sort_order": 1
          },
          {
            "route_id": "7",
            "agency_id": "0",
            "route_short_name": "7",
            "route_long_name": "C Line Station/El Monte Station",
            "route_type": 3,
            "route_color": "#cf9f24",
            "route_text_color": "#ffffff",
            "route_sort_order": 7
          }
        ],
        "agency_name": "Norwalk Transit System"
      },
      "geometry": {
        "type": "Point",
        "coordinates": [
          -118.038593,
          34.019382
        ]
      }
    },
    {
      "type": "Feature",
      "properties": {
        "stop_id": "1455",
        "stop_code": "1455",
        "stop_name": "Rio Hondo College NE",
        "location_type": 0,
        "wheelchair_boarding": 0,
        "routes": [
          {
            "route_id": "1",
            "agency_id": "0",
            "route_short_name": "1",
            "route_long_name": "Rio Hondo/Bellflower",
            "route_type": 3,
            "route_color": "#D11141",
            "route_text_color": "#ffffff",
            "route_sort_order": 1
          },
          {
            "route_id": "7",
            "agency_id": "0",
            "route_short_name": "7",
            "route_long_name": "C Line Station/El Monte Station",
            "route_type": 3,
            "route_color": "#cf9f24",
            "route_text_color": "#ffffff",
            "route_sort_order": 7
          }
        ],
        "agency_name": "Norwalk Transit System"
      },
      "geometry": {
        "type": "Point",
        "coordinates": [
          -118.037554,
          34.020126
        ]
      }
    }
  ]
}