{"type":"FeatureCollection","features":[{"type":"Feature","properties":{"stop_id":"2521999","stop_name":"Santa Clarita Metrolink Station","location_type":0,"stop_timezone":"America/Los_Angeles","wheelchair_boarding":0,"stop_city":"Santa Clarita","routes":[{"route_id":"13052","agency_id":"1466","route_long_name":"Acton & Agua Dulce Shuttle","route_type":3,"route_url":"https://dpw.lacounty.gov/transit/ActonAguaDulceShuttle.aspx","route_color":"#d2c583","route_text_color":"#000000","route_sort_order":1,"continuous_pickup":1,"continuous_drop_off":1}],"agency_name":"LA Go Bus"},"geometry":{"type":"Point","coordinates":[-118.52573594954056,34.415011129593495]}},{"type":"Feature","properties":{"stop_id":"2524157","stop_name":"Workman Mill Rd & Crossroads Pkwy","location_type":0,"stop_timezone":"America/Los_Angeles","wheelchair_boarding":0,"stop_city":"El Monte","routes":[{"route_id":"13050","agency_id":"1466","route_long_name":"Avocado Heights/Bassett/West Valinda Shuttle","route_type":3,"route_url":"https://dpw.lacounty.gov/transit/AvoBasWVShuttle.aspx#schedule","route_color":"#4b5941","route_text_color":"#ffffff","route_sort_order":2,"continuous_pickup":1,"continuous_drop_off":1}],"agency_name":"LA Go Bus"},"geometry":{"type":"Point","coordinates":[-118.02006,34.03247]}},{"type":"Feature","properties":{"stop_id":"2524159","stop_name":"Kella Ave & Kathleen Ave","location_type":0,"stop_timezone":"America/Los_Angeles","wheelchair_boarding":0,"stop_city":"Industry","routes":[{"route_id":"13050","agency_id":"1466","route_long_name":"Avocado Heights/Bassett/West Valinda Shuttle","route_type":3,"route_url":"https://dpw.lacounty.gov/transit/AvoBasWVShuttle.aspx#schedule","route_color":"#4b5941","route_text_color":"#ffffff","route_sort_order":2,"continuous_pickup":1,"continuous_drop_off":1}],"agency_name":"LA Go Bus"},"geometry":{"type":"Point","coordinates":[-118.03489,34.03146]}},{"type":"Feature","properties":{"stop_id":"2524160","stop_name":"Pellissier Rd & Mardel Ave","location_type":0,"stop_timezone":"America/Los_Angeles","wheelchair_boarding":0,"stop_city":"El Monte","routes":[{"route_id":"13050","agency_id":"1466","route_long_name":"Avocado Heights/Bassett/West Valinda Shuttle","route_type":3,"route_url":"https://dpw.lacounty.gov/transit/AvoBasWVShuttle.aspx#schedule","route_color":"#4b5941","route_text_color":"#ffffff","route_sort_order":2,"continuous_pickup":1,"continuous_drop_off":1}],"agency_name":"LA Go Bus"},"geometry":{"type":"Point","coordinates":[-118.03172,34.03376]}},{"type":"Feature","properties":{"stop_id":"2524879","stop_name":"Workman Mill Rd & Coleford Ave","location_type":0,"stop_timezone":"America/Los_Angeles","wheelchair_boarding":0,"stop_city":"El Monte","routes":[{"route_id":"13050","agency_id":"1466","route_long_name":"Avocado Heights/Bassett/West Valinda Shuttle","route_type":3,"route_url":"https://dpw.lacounty.gov/transit/AvoBasWVShuttle.aspx#schedule","route_color":"#4b5941","route_text_color":"#ffffff","route_sort_order":2,"continuous_pickup":1,"continuous_drop_off":1}],"agency_name":"LA Go Bus"},"geometry":{"type":"Point","coordinates":[-118.01341,34.0348]}},{"type":"Feature","properties":{"stop_id":"2524880","stop_name":"Workman Mill Rd & Coleford Ave","location_type":0,"stop_timezone":"America/Los_Angeles","wheelchair_boarding":0,"stop_city":"El Monte","routes":[{"route_id":"13050","agency_id":"1466","route_long_name":"Avocado Heights/Bassett/West Valinda Shuttle","route_type":3,"route_url":"https://dpw.lacounty.gov/transit/AvoBasWVShuttle.aspx#schedule","route_color":"#4b5941","route_text_color":"#ffffff","route_sort_order":2,"continuous_pickup":1,"continuous_drop_off":1}],"agency_name":"LA Go Bus"},"geometry":{"type":"Point","coordinates":[-118.01395,34.03487]}},{"type":"Feature","properties":{"stop_id":"2524881","stop_name":"Workman Mill Rd & Bark Dr","location_type":0,"stop_timezone":"America/Los_Angeles","wheelchair_boarding":0,"stop_city":"El Monte","routes":[{"route_id":"13050","agency_id":"1466","route_long_name":"Avocado Heights/Bassett/West Valinda Shuttle","route_type":3,"route_url":"https://dpw.lacounty.gov/transit/AvoBasWVShuttle.aspx#schedule","route_color":"#4b5941","route_text_color":"#ffffff","route_sort_order":2,"continuous_pickup":1,"continuous_drop_off":1}],"agency_name":"LA Go Bus"},"geometry":{"type":"Point","coordinates":[-118.00891870511731,34.036668795078114]}},{"type":"Feature","properties":{"stop_id":"2524882","stop_name":"Workman Mill Rd & Fontenoy Ave","location_type":0,"stop_timezone":"America/Los_Angeles","wheelchair_boarding":0,"stop_city":"El Monte","routes":[{"route_id":"13050","agency_id":"1466","route_long_name":"Avocado Heights/Bassett/West Valinda Shuttle","route_type":3,"route_url":"https://dpw.lacounty.gov/transit/AvoBasWVShuttle.aspx#schedule","route_color":"#4b5941","route_text_color":"#ffffff","route_sort_order":2,"continuous_pickup":1,"continuous_drop_off":1}],"agency_name":"LA Go Bus"},"geometry":{"type":"Point","coordinates":[-118.00994776852247,34.036020223916225]}},{"type":"Feature","properties":{"stop_id":"2524883","stop_name":"Workman Mill Rd & Oakman Dr","location_type":0,"stop_timezone":"America/Los_Angeles","wheelchair_boarding":0,"stop_city":"El Monte","routes":[{"route_id":"13050","agency_id":"1466","route_long_name":"Avocado Heights/Bassett/West Valinda Shuttle","route_type":3,"route_url":"https://dpw.lacounty.gov/transit/AvoBasWVShuttle.aspx#schedule","route_color":"#4b5941","route_text_color":"#ffffff","route_sort_order":2,"continuous_pickup":1,"continuous_drop_off":1}],"agency_name":"LA Go Bus"},"geometry":{"type":"Point","coordinates":[-118.00606677263454,34.037660278878946]}},{"type":"Feature","properties":{"stop_id":"2524884","stop_name":"Workman Mill Rd & Oakman Dr","location_type":0,"stop_timezone":"America/Los_Angeles","wheelchair_boarding":0,"stop_city":"El Monte","routes":[{"route_id":"13050","agency_id":"1466","route_long_name":"Avocado Heights/Bassett/West Valinda Shuttle","route_type":3,"route_url":"https://dpw.lacounty.gov/transit/AvoBasWVShuttle.aspx#schedule","route_color":"#4b5941","route_text_color":"#ffffff","route_sort_order":2,"continuous_pickup":1,"continuous_drop_off":1}],"agency_name":"LA Go Bus"},"geometry":{"type":"Point","coordinates":[-118.00489987763274,34.037801184924774]}},{"type":"Feature","properties":{"stop_id":"2524885","stop_name":"Workman Mill Rd & Lomitas Ave","location_type":0,"stop_timezone":"America/Los_Angeles","wheelchair_boarding":0,"stop_city":"El Monte","routes":[{"route_id":"13050","agency_id":"1466","route_long_name":"Avocado Heights/Bassett/West Valinda Shuttle","route_type":3,"route_url":"https://dpw.lacounty.gov/transit/AvoBasWVShuttle.aspx#schedule","route_color":"#4b5941","route_text_color":"#ffffff","route_sort_order":2,"continuous_pickup":1,"continuous_drop_off":1}],"agency_name":"LA Go Bus"},"geometry":{"type":"Point","coordinates":[-118.002402306996,34.03895525113005]}},{"type":"Feature","properties":{"stop_id":"2524886","stop_name":"Workman Mill Rd & Lomitas Ave","location_type":0,"stop_timezone":"America/Los_Angeles","wheelchair_boarding":0,"stop_city":"El Monte","routes":[{"route_id":"13050","agency_id":"1466","route_long_name":"Avocado Heights/Bassett/West Valinda Shuttle","route_type":3,"route_url":"https://dpw.lacounty.gov/transit/AvoBasWVShuttle.aspx#schedule","route_color":"#4b5941","route_text_color":"#ffffff","route_sort_order":2,"continuous_pickup":1,"continuous_drop_off":1}],"agency_name":"LA Go Bus"},"geometry":{"type":"Point","coordinates":[-118.00277918583622,34.03854759911424]}},{"type":"Feature","properties":{"stop_id":"2524887","stop_name":"Workman Mill Rd & Don Julian Rd","location_type":0,"stop_timezone":"America/Los_Angeles","wheelchair_boarding":0,"stop_city":"El Monte","routes":[{"route_id":"13050","agency_id":"1466","route_long_name":"Avocado Heights/Bassett/West Valinda Shuttle","route_type":3,"route_url":"https://dpw.lacounty.gov/transit/AvoBasWVShuttle.aspx#schedule","route_color":"#4b5941","route_text_color":"#ffffff","route_sort_order":2,"continuous_pickup":1,"continuous_drop_off":1}],"agency_name":"LA Go Bus"},"geometry":{"type":"Point","coordinates":[-117.99864090171467,34.04041486933775]}},{"type":"Feature","properties":{"stop_id":"2524888","stop_name":"Workman Mill Rd & Don Julian Rd","location_type":0,"stop_timezone":"America/Los_Angeles","wheelchair_boarding":0,"stop_city":"El Monte","routes":[{"route_id":"13050","agency_id":"1466","route_long_name":"Avocado Heights/Bassett/West Valinda Shuttle","route_type":3,"route_url":"https://dpw.lacounty.gov/transit/AvoBasWVShuttle.aspx#schedule","route_color":"#4b5941","route_text_color":"#ffffff","route_sort_order":2,"continuous_pickup":1,"continuous_drop_off":1}],"agency_name":"LA Go Bus"},"geometry":{"type":"Point","coordinates":[-117.99847385878593,34.04098475043426]}},{"type":"Feature","properties":{"stop_id":"2524889","stop_name":"Don Julian Rd & Workman Mill Rd","location_type":0,"stop_timezone":"America/Los_Angeles","wheelchair_boarding":0,"stop_city":"El Monte","routes":[{"route_id":"13050","agency_id":"1466","route_long_name":"Avocado Heights/Bassett/West Valinda Shuttle","route_type":3,"route_url":"https://dpw.lacounty.gov/transit/AvoBasWVShuttle.aspx#schedule","route_color":"#4b5941","route_text_color":"#ffffff","route_sort_order":2,"continuous_pickup":1,"continuous_drop_off":1}],"agency_name":"LA Go Bus"},"geometry":{"type":"Point","coordinates":[-117.99768,34.04098]}},{"type":"Feature","properties":{"stop_id":"2524890","stop_name":"Don Julian Rd & Workman Mill Rd","location_type":0,"stop_timezone":"America/Los_Angeles","wheelchair_boarding":0,"stop_city":"El Monte","routes":[{"route_id":"13050","agency_id":"1466","route_long_name":"Avocado Heights/Bassett/West Valinda Shuttle","route_type":3,"route_url":"https://dpw.lacounty.gov/transit/AvoBasWVShuttle.aspx#schedule","route_color":"#4b5941","route_text_color":"#ffffff","route_sort_order":2,"continuous_pickup":1,"continuous_drop_off":1}],"agency_name":"LA Go Bus"},"geometry":{"type":"Point","coordinates":[-117.99782,34.04082]}},{"type":"Feature","properties":{"stop_id":"2524891","stop_name":"Don Julian Rd & Coberta Ave","location_type":0,"stop_timezone":"America/Los_Angeles","wheelchair_boarding":0,"stop_city":"El Monte","routes":[{"route_id":"13050","agency_id":"1466","route_long_name":"Avocado Heights/Bassett/West Valinda Shuttle","route_type":3,"route_url":"https://dpw.lacounty.gov/transit/AvoBasWVShuttle.aspx#schedule","route_color":"#4b5941","route_text_color":"#ffffff","route_sort_order":2,"continuous_pickup":1,"continuous_drop_off":1}],"agency_name":"LA Go Bus"},"geometry":{"type":"Point","coordinates":[-118.00048,34.04286]}},{"type":"Feature","properties":{"stop_id":"2524892","stop_name":"Don Julian Rd & Coberta Ave","location_type":0,"stop_timezone":"America/Los_Angeles","wheelchair_boarding":0,"stop_city":"El Monte","routes":[{"route_id":"13050","agency_id":"1466","route_long_name":"Avocado Heights/Bassett/West Valinda Shuttle","route_type":3,"route_url":"https://dpw.lacounty.gov/transit/AvoBasWVShuttle.aspx#schedule","route_color":"#4b5941","route_text_color":"#ffffff","route_sort_order":2,"continuous_pickup":1,"continuous_drop_off":1}],"agency_name":"LA Go Bus"},"geometry":{"type":"Point","coordinates":[-118.00066,34.04281]}},{"type":"Feature","properties":{"stop_id":"2524893","stop_name":"Don Julian Rd & Avocado Creek","location_type":0,"stop_timezone":"America/Los_Angeles","wheelchair_boarding":0,"stop_city":"El Monte","routes":[{"route_id":"13050","agency_id":"1466","route_long_name":"Avocado Heights/Bassett/West Valinda Shuttle","route_type":3,"route_url":"https://dpw.lacounty.gov/transit/AvoBasWVShuttle.aspx#schedule","route_color":"#4b5941","route_text_color":"#ffffff","route_sort_order":2,"continuous_pickup":1,"continuous_drop_off":1}],"agency_name":"LA Go Bus"},"geometry":{"type":"Point","coordinates":[-118.00364,34.04503]}},{"type":"Feature","properties":{"stop_id":"2524894","stop_name":"Don Julian Rd & Avocado Creek","location_type":0,"stop_timezone":"America/Los_Angeles","wheelchair_boarding":0,"stop_city":"El Monte","routes":[{"route_id":"13050","agency_id":"1466","route_long_name":"Avocado Heights/Bassett/West Valinda Shuttle","route_type":3,"route_url":"https://dpw.lacounty.gov/transit/AvoBasWVShuttle.aspx#schedule","route_color":"#4b5941","route_text_color":"#ffffff","route_sort_order":2,"continuous_pickup":1,"continuous_drop_off":1}],"agency_name":"LA Go Bus"},"geometry":{"type":"Point","coordinates":[-118.00372,34.0449]}},{"type":"Feature","properties":{"stop_id":"2524895","stop_name":"San Angelo Ave & Proctor Ave","location_type":0,"stop_timezone":"America/Los_Angeles","wheelchair_boarding":0,"stop_city":"El Monte","routes":[{"route_id":"13050","agency_id":"1466","route_long_name":"Avocado Heights/Bassett/West Valinda Shuttle","route_type":3,"route_url":"https://dpw.lacounty.gov/transit/AvoBasWVShuttle.aspx#schedule","route_color":"#4b5941","route_text_color":"#ffffff","route_sort_order":2,"continuous_pickup":1,"continuous_drop_off":1}],"agency_name":"LA Go Bus"},"geometry":{"type":"Point","coordinates":[-118.0027,34.04874]}},{"type":"Feature","properties":{"stop_id":"2524896","stop_name":"San Angelo Ave & San Angelo Park","location_type":0,"stop_timezone":"America/Los_Angeles","wheelchair_boarding":0,"stop_city":"El Monte","routes":[{"route_id":"13050","agency_id":"1466","route_long_name":"Avocado Heights/Bassett/West Valinda Shuttle","route_type":3,"route_url":"https://dpw.lacounty.gov/transit/AvoBasWVShuttle.aspx#schedule","route_color":"#4b5941","route_text_color":"#ffffff","route_sort_order":2,"continuous_pickup":1,"continuous_drop_off":1}],"agency_name":"LA Go Bus"},"geometry":{"type":"Point","coordinates":[-118.0019,34.04989]}},{"type":"Feature","properties":{"stop_id":"2524897","stop_name":"San Angelo Ave & San Angelo Park","location_type":0,"stop_timezone":"America/Los_Angeles","wheelchair_boarding":0,"stop_city":"El Monte","routes":[{"route_id":"13050","agency_id":"1466","route_long_name":"Avocado Heights/Bassett/West Valinda Shuttle","route_type":3,"route_url":"https://dpw.lacounty.gov/transit/AvoBasWVShuttle.aspx#schedule","route_color":"#4b5941","route_text_color":"#ffffff","route_sort_order":2,"continuous_pickup":1,"continuous_drop_off":1}],"agency_name":"LA Go Bus"},"geometry":{"type":"Point","coordinates":[-118.00122,34.05043]}},{"type":"Feature","properties":{"stop_id":"2524898","stop_name":"San Angelo Ave & Valley Blvd","location_type":0,"stop_timezone":"America/Los_Angeles","wheelchair_boarding":0,"stop_city":"El Monte","routes":[{"route_id":"13050","agency_id":"1466","route_long_name":"Avocado Heights/Bassett/West Valinda Shuttle","route_type":3,"route_url":"https://dpw.lacounty.gov/transit/AvoBasWVShuttle.aspx#schedule","route_color":"#4b5941","route_text_color":"#ffffff","route_sort_order":2,"continuous_pickup":1,"continuous_drop_off":1}],"agency_name":"LA Go Bus"},"geometry":{"type":"Point","coordinates":[-118.0004,34.05157]}},{"type":"Feature","properties":{"stop_id":"2524899","stop_name":"Valley Blvd & San Angelo Ave","location_type":0,"stop_timezone":"America/Los_Angeles","wheelchair_boarding":0,"stop_city":"El Monte","routes":[{"route_id":"13050","agency_id":"1466","route_long_name":"Avocado Heights/Bassett/West Valinda Shuttle","route_type":3,"route_url":"https://dpw.lacounty.gov/transit/AvoBasWVShuttle.aspx#schedule","route_color":"#4b5941","route_text_color":"#ffffff","route_sort_order":2,"continuous_pickup":1,"continuous_drop_off":1}],"agency_name":"LA Go Bus"},"geometry":{"type":"Point","coordinates":[-117.99993550598649,34.05154352498937]}},{"type":"Feature","properties":{"stop_id":"2524900","stop_name":"Valley Blvd & Covina Blvd","location_type":0,"stop_timezone":"America/Los_Angeles","wheelchair_boarding":0,"stop_city":"El Monte","routes":[{"route_id":"13050","agency_id":"1466","route_long_name":"Avocado Heights/Bassett/West Valinda Shuttle","route_type":3,"route_url":"https://dpw.lacounty.gov/transit/AvoBasWVShuttle.aspx#schedule","route_color":"#4b5941","route_text_color":"#ffffff","route_sort_order":2,"continuous_pickup":1,"continuous_drop_off":1}],"agency_name":"LA Go Bus"},"geometry":{"type":"Point","coordinates":[-117.99790598534807,34.050230340328625]}},{"type":"Feature","properties":{"stop_id":"2524901","stop_name":"Valley Blvd & Covina Blvd","location_type":0,"stop_timezone":"America/Los_Angeles","wheelchair_boarding":0,"stop_city":"El Monte","routes":[{"route_id":"13050","agency_id":"1466","route_long_name":"Avocado Heights/Bassett/West Valinda Shuttle","route_type":3,"route_url":"https://dpw.lacounty.gov/transit/AvoBasWVShuttle.aspx#schedule","route_color":"#4b5941","route_text_color":"#ffffff","route_sort_order":2,"continuous_pickup":1,"continuous_drop_off":1}],"agency_name":"LA Go Bus"},"geometry":{"type":"Point","coordinates":[-117.997858160247,34.0505194155853]}},{"type":"Feature","properties":{"stop_id":"2524902","stop_name":"Valley Blvd & Orange Blossom Ave","location_type":0,"stop_timezone":"America/Los_Angeles","wheelchair_boarding":0,"stop_city":"El Monte","routes":[{"route_id":"13050","agency_id":"1466","route_long_name":"Avocado Heights/Bassett/West Valinda Shuttle","route_type":3,"route_url":"https://dpw.lacounty.gov/transit/AvoBasWVShuttle.aspx#schedule","route_color":"#4b5941","route_text_color":"#ffffff","route_sort_order":2,"continuous_pickup":1,"continuous_drop_off":1}],"agency_name":"LA Go Bus"},"geometry":{"type":"Point","coordinates":[-117.99455,34.04848]}},{"type":"Feature","properties":{"stop_id":"2524903","stop_name":"Vineland Ave & Flagstaff St","location_type":0,"stop_timezone":"America/Los_Angeles","wheelchair_boarding":0,"stop_city":"Industry","routes":[{"route_id":"13050","agency_id":"1466","route_long_name":"Avocado Heights/Bassett/West Valinda Shuttle","route_type":3,"route_url":"https://dpw.lacounty.gov/transit/AvoBasWVShuttle.aspx#schedule","route_color":"#4b5941","route_text_color":"#ffffff","route_sort_order":2,"continuous_pickup":1,"continuous_drop_off":1}],"agency_name":"LA Go Bus"},"geometry":{"type":"Point","coordinates":[-117.99035,34.05004]}},{"type":"Feature","properties":{"stop_id":"2524904","stop_name":"Vineland Ave & Bassett Park","location_type":0,"stop_timezone":"America/Los_Angeles","wheelchair_boarding":0,"stop_city":"Industry","routes":[{"route_id":"13050","agency_id":"1466","route_long_name":"Avocado Heights/Bassett/West Valinda Shuttle","route_type":3,"route_url":"https://dpw.lacounty.gov/transit/AvoBasWVShuttle.aspx#schedule","route_color":"#4b5941","route_text_color":"#ffffff","route_sort_order":2,"continuous_pickup":1,"continuous_drop_off":1}],"agency_name":"LA Go Bus"},"geometry":{"type":"Point","coordinates":[-117.98808,34.05236]}},{"type":"Feature","properties":{"stop_id":"2524905","stop_name":"Vineland Ave & Bassett Park","location_type":0,"stop_timezone":"America/Los_Angeles","wheelchair_boarding":0,"stop_city":"Industry","routes":[{"route_id":"13050","agency_id":"1466","route_long_name":"Avocado Heights/Bassett/West Valinda Shuttle","route_type":3,"route_url":"https://dpw.lacounty.gov/transit/AvoBasWVShuttle.aspx#schedule","route_color":"#4b5941","route_text_color":"#ffffff","route_sort_order":2,"continuous_pickup":1,"continuous_drop_off":1}],"agency_name":"LA Go Bus"},"geometry":{"type":"Point","coordinates":[-117.98831,34.05237]}},{"type":"Feature","properties":{"stop_id":"2524906","stop_name":"Vineland Ave & Temple Ave","location_type":0,"stop_timezone":"America/Los_Angeles","wheelchair_boarding":0,"stop_city":"Industry","routes":[{"route_id":"13050","agency_id":"1466","route_long_name":"Avocado Heights/Bassett/West Valinda Shuttle","route_type":3,"route_url":"https://dpw.lacounty.gov/transit/AvoBasWVShuttle.aspx#schedule","route_color":"#4b5941","route_text_color":"#ffffff","route_sort_order":2,"continuous_pickup":1,"continuous_drop_off":1}],"agency_name":"LA Go Bus"},"geometry":{"type":"Point","coordinates":[-117.98704,34.05348]}},{"type":"Feature","properties":{"stop_id":"2524907","stop_name":"Amar Rd & Vineland Ave","location_type":0,"stop_timezone":"America/Los_Angeles","wheelchair_boarding":0,"stop_city":"El Monte","routes":[{"route_id":"13050","agency_id":"1466","route_long_name":"Avocado Heights/Bassett/West Valinda Shuttle","route_type":3,"route_url":"https://dpw.lacounty.gov/transit/AvoBasWVShuttle.aspx#schedule","route_color":"#4b5941","route_text_color":"#ffffff","route_sort_order":2,"continuous_pickup":1,"continuous_drop_off":1}],"agency_name":"LA Go Bus"},"geometry":{"type":"Point","coordinates":[-117.98275,34.05747]}},{"type":"Feature","properties":{"stop_id":"2524908","stop_name":"Amar Rd & Vineland Ave","location_type":0,"stop_timezone":"America/Los_Angeles","wheelchair_boarding":0,"stop_city":"Industry","routes":[{"route_id":"13050","agency_id":"1466","route_long_name":"Avocado Heights/Bassett/West Valinda Shuttle","route_type":3,"route_url":"https://dpw.lacounty.gov/transit/AvoBasWVShuttle.aspx#schedule","route_color":"#4b5941","route_text_color":"#ffffff","route_sort_order":2,"continuous_pickup":1,"continuous_drop_off":1}],"agency_name":"LA Go Bus"},"geometry":{"type":"Point","coordinates":[-117.98367,34.05718]}},{"type":"Feature","properties":{"stop_id":"2524909","stop_name":"Amar Rd & Millbury Ave","location_type":0,"stop_timezone":"America/Los_Angeles","wheelchair_boarding":0,"stop_city":"El Monte","routes":[{"route_id":"13050","agency_id":"1466","route_long_name":"Avocado Heights/Bassett/West Valinda Shuttle","route_type":3,"route_url":"https://dpw.lacounty.gov/transit/AvoBasWVShuttle.aspx#schedule","route_color":"#4b5941","route_text_color":"#ffffff","route_sort_order":2,"continuous_pickup":1,"continuous_drop_off":1}],"agency_name":"LA Go Bus"},"geometry":{"type":"Point","coordinates":[-117.97992,34.0559]}},{"type":"Feature","properties":{"stop_id":"2524910","stop_name":"Amar Rd & Millbury Ave","location_type":0,"stop_timezone":"America/Los_Angeles","wheelchair_boarding":0,"stop_city":"El Monte","routes":[{"route_id":"13050","agency_id":"1466","route_long_name":"Avocado Heights/Bassett/West Valinda Shuttle","route_type":3,"route_url":"https://dpw.lacounty.gov/transit/AvoBasWVShuttle.aspx#schedule","route_color":"#4b5941","route_text_color":"#ffffff","route_sort_order":2,"continuous_pickup":1,"continuous_drop_off":1}],"agency_name":"LA Go Bus"},"geometry":{"type":"Point","coordinates":[-117.98041,34.05592]}},{"type":"Feature","properties":{"stop_id":"2524911","stop_name":"Puente Ave & Amar Rd","location_type":0,"stop_timezone":"America/Los_Angeles","wheelchair_boarding":0,"stop_city":"El Monte","routes":[{"route_id":"13050","agency_id":"1466","route_long_name":"Avocado Heights/Bassett/West Valinda Shuttle","route_type":3,"route_url":"https://dpw.lacounty.gov/transit/AvoBasWVShuttle.aspx#schedule","route_color":"#4b5941","route_text_color":"#ffffff","route_sort_order":2,"continuous_pickup":1,"continuous_drop_off":1}],"agency_name":"LA Go Bus"},"geometry":{"type":"Point","coordinates":[-117.97694,34.05544]}},{"type":"Feature","properties":{"stop_id":"2524912","stop_name":"Amar Rd & Ardilla Ave","location_type":0,"stop_timezone":"America/Los_Angeles","wheelchair_boarding":0,"stop_city":"La Puente","routes":[{"route_id":"13050","agency_id":"1466","route_long_name":"Avocado Heights/Bassett/West Valinda Shuttle","route_type":3,"route_url":"https://dpw.lacounty.gov/transit/AvoBasWVShuttle.aspx#schedule","route_color":"#4b5941","route_text_color":"#ffffff","route_sort_order":2,"continuous_pickup":1,"continuous_drop_off":1}],"agency_name":"LA Go Bus"},"geometry":{"type":"Point","coordinates":[-117.97519,34.0538]}},{"type":"Feature","properties":{"stop_id":"2524913","stop_name":"Amar Rd & Ardilla Ave","location_type":0,"stop_timezone":"America/Los_Angeles","wheelchair_boarding":0,"stop_city":"La Puente","routes":[{"route_id":"13050","agency_id":"1466","route_long_name":"Avocado Heights/Bassett/West Valinda Shuttle","route_type":3,"route_url":"https://dpw.lacounty.gov/transit/AvoBasWVShuttle.aspx#schedule","route_color":"#4b5941","route_text_color":"#ffffff","route_sort_order":2,"continuous_pickup":1,"continuous_drop_off":1}],"agency_name":"LA Go Bus"},"geometry":{"type":"Point","coordinates":[-117.97457,34.05338]}},{"type":"Feature","properties":{"stop_id":"2524914","stop_name":"Amar Rd & Puente Ave","location_type":0,"stop_timezone":"America/Los_Angeles","wheelchair_boarding":0,"stop_city":"La Puente","routes":[{"route_id":"13050","agency_id":"1466","route_long_name":"Avocado Heights/Bassett/West Valinda Shuttle","route_type":3,"route_url":"https://dpw.lacounty.gov/transit/AvoBasWVShuttle.aspx#schedule","route_color":"#4b5941","route_text_color":"#ffffff","route_sort_order":2,"continuous_pickup":1,"continuous_drop_off":1}],"agency_name":"LA Go Bus"},"geometry":{"type":"Point","coordinates":[-117.9777,34.05443]}},{"type":"Feature","properties":{"stop_id":"2524915","stop_name":"Amar Rd & Willow Ave","location_type":0,"stop_timezone":"America/Los_Angeles","wheelchair_boarding":0,"stop_city":"La Puente","routes":[{"route_id":"13050","agency_id":"1466","route_long_name":"Avocado Heights/Bassett/West Valinda Shuttle","route_type":3,"route_url":"https://dpw.lacounty.gov/transit/AvoBasWVShuttle.aspx#schedule","route_color":"#4b5941","route_text_color":"#ffffff","route_sort_order":2,"continuous_pickup":1,"continuous_drop_off":1}],"agency_name":"LA Go Bus"},"geometry":{"type":"Point","coordinates":[-117.97285,34.05233]}},{"type":"Feature","properties":{"stop_id":"2524916","stop_name":"Willow Ave & Amar Rd","location_type":0,"stop_timezone":"America/Los_Angeles","wheelchair_boarding":0,"stop_city":"La Puente","routes":[{"route_id":"13050","agency_id":"1466","route_long_name":"Avocado Heights/Bassett/West Valinda Shuttle","route_type":3,"route_url":"https://dpw.lacounty.gov/transit/AvoBasWVShuttle.aspx#schedule","route_color":"#4b5941","route_text_color":"#ffffff","route_sort_order":2,"continuous_pickup":1,"continuous_drop_off":1}],"agency_name":"LA Go Bus"},"geometry":{"type":"Point","coordinates":[-117.97307,34.05282]}},{"type":"Feature","properties":{"stop_id":"2524917","stop_name":"Willow Ave & Ragus St","location_type":0,"stop_timezone":"America/Los_Angeles","wheelchair_boarding":0,"stop_city":"La Puente","routes":[{"route_id":"13050","agency_id":"1466","route_long_name":"Avocado Heights/Bassett/West Valinda Shuttle","route_type":3,"route_url":"https://dpw.lacounty.gov/transit/AvoBasWVShuttle.aspx#schedule","route_color":"#4b5941","route_text_color":"#ffffff","route_sort_order":2,"continuous_pickup":1,"continuous_drop_off":1}],"agency_name":"LA Go Bus"},"geometry":{"type":"Point","coordinates":[-117.97053,34.05436]}},{"type":"Feature","properties":{"stop_id":"2524918","stop_name":"Fairgrove Ave & Willow Ave","location_type":0,"stop_timezone":"America/Los_Angeles","wheelchair_boarding":0,"stop_city":"West Covina","routes":[{"route_id":"13050","agency_id":"1466","route_long_name":"Avocado Heights/Bassett/West Valinda Shuttle","route_type":3,"route_url":"https://dpw.lacounty.gov/transit/AvoBasWVShuttle.aspx#schedule","route_color":"#4b5941","route_text_color":"#ffffff","route_sort_order":2,"continuous_pickup":1,"continuous_drop_off":1}],"agency_name":"LA Go Bus"},"geometry":{"type":"Point","coordinates":[-117.96811,34.05589]}},{"type":"Feature","properties":{"stop_id":"2524919","stop_name":"Sunkist Ave & Hayland St","location_type":0,"stop_timezone":"America/Los_Angeles","wheelchair_boarding":0,"stop_city":"La Puente","routes":[{"route_id":"13050","agency_id":"1466","route_long_name":"Avocado Heights/Bassett/West Valinda Shuttle","route_type":3,"route_url":"https://dpw.lacounty.gov/transit/AvoBasWVShuttle.aspx#schedule","route_color":"#4b5941","route_text_color":"#ffffff","route_sort_order":2,"continuous_pickup":1,"continuous_drop_off":1}],"agency_name":"LA Go Bus"},"geometry":{"type":"Point","coordinates":[-117.96831,34.05233]}},{"type":"Feature","properties":{"stop_id":"2524920","stop_name":"3rd Ave & Don Julian Rd","location_type":0,"stop_timezone":"America/Los_Angeles","wheelchair_boarding":0,"stop_city":"El Monte","routes":[{"route_id":"13050","agency_id":"1466","route_long_name":"Avocado Heights/Bassett/West Valinda Shuttle","route_type":3,"route_url":"https://dpw.lacounty.gov/transit/AvoBasWVShuttle.aspx#schedule","route_color":"#4b5941","route_text_color":"#ffffff","route_sort_order":2,"continuous_pickup":1,"continuous_drop_off":1}],"agency_name":"LA Go Bus"},"geometry":{"type":"Point","coordinates":[-117.99455,34.03887]}},{"type":"Feature","properties":{"stop_id":"2524921","stop_name":"3rd Ave & Don Julian Rd","location_type":0,"stop_timezone":"America/Los_Angeles","wheelchair_boarding":0,"stop_city":"El Monte","routes":[{"route_id":"13050","agency_id":"1466","route_long_name":"Avocado Heights/Bassett/West Valinda Shuttle","route_type":3,"route_url":"https://dpw.lacounty.gov/transit/AvoBasWVShuttle.aspx#schedule","route_color":"#4b5941","route_text_color":"#ffffff","route_sort_order":2,"continuous_pickup":1,"continuous_drop_off":1}],"agency_name":"LA Go Bus"},"geometry":{"type":"Point","coordinates":[-117.9943,34.03892]}},{"type":"Feature","properties":{"stop_id":"2524922","stop_name":"3rd Ave & Proctor Ave","location_type":0,"stop_timezone":"America/Los_Angeles","wheelchair_boarding":0,"stop_city":"El Monte","routes":[{"route_id":"13050","agency_id":"1466","route_long_name":"Avocado Heights/Bassett/West Valinda Shuttle","route_type":3,"route_url":"https://dpw.lacounty.gov/transit/AvoBasWVShuttle.aspx#schedule","route_color":"#4b5941","route_text_color":"#ffffff","route_sort_order":2,"continuous_pickup":1,"continuous_drop_off":1}],"agency_name":"LA Go Bus"},"geometry":{"type":"Point","coordinates":[-117.99177,34.04147]}},{"type":"Feature","properties":{"stop_id":"2524923","stop_name":"Proctor Ave & 3rd Ave","location_type":0,"stop_timezone":"America/Los_Angeles","wheelchair_boarding":0,"stop_city":"El Monte","routes":[{"route_id":"13050","agency_id":"1466","route_long_name":"Avocado Heights/Bassett/West Valinda Shuttle","route_type":3,"route_url":"https://dpw.lacounty.gov/transit/AvoBasWVShuttle.aspx#schedule","route_color":"#4b5941","route_text_color":"#ffffff","route_sort_order":2,"continuous_pickup":1,"continuous_drop_off":1}],"agency_name":"LA Go Bus"},"geometry":{"type":"Point","coordinates":[-117.99148,34.04159]}},{"type":"Feature","properties":{"stop_id":"2524924","stop_name":"Proctor Ave & 4th Ave","location_type":0,"stop_timezone":"America/Los_Angeles","wheelchair_boarding":0,"stop_city":"El Monte","routes":[{"route_id":"13050","agency_id":"1466","route_long_name":"Avocado Heights/Bassett/West Valinda Shuttle","route_type":3,"route_url":"https://dpw.lacounty.gov/transit/AvoBasWVShuttle.aspx#schedule","route_color":"#4b5941","route_text_color":"#ffffff","route_sort_order":2,"continuous_pickup":1,"continuous_drop_off":1}],"agency_name":"LA Go Bus"},"geometry":{"type":"Point","coordinates":[-117.98832,34.03941]}},{"type":"Feature","properties":{"stop_id":"2524925","stop_name":"Proctor Ave & 4th Ave","location_type":0,"stop_timezone":"America/Los_Angeles","wheelchair_boarding":0,"stop_city":"El Monte","routes":[{"route_id":"13050","agency_id":"1466","route_long_name":"Avocado Heights/Bassett/West Valinda Shuttle","route_type":3,"route_url":"https://dpw.lacounty.gov/transit/AvoBasWVShuttle.aspx#schedule","route_color":"#4b5941","route_text_color":"#ffffff","route_sort_order":2,"continuous_pickup":1,"continuous_drop_off":1}],"agency_name":"LA Go Bus"},"geometry":{"type":"Point","coordinates":[-117.98805,34.03907]}},{"type":"Feature","properties":{"stop_id":"2524926","stop_name":"Don Julian Rd & Avocado Heights Park","location_type":0,"stop_timezone":"America/Los_Angeles","wheelchair_boarding":0,"stop_city":"El Monte","routes":[{"route_id":"13050","agency_id":"1466","route_long_name":"Avocado Heights/Bassett/West Valinda Shuttle","route_type":3,"route_url":"https://dpw.lacounty.gov/transit/AvoBasWVShuttle.aspx#schedule","route_color":"#4b5941","route_text_color":"#ffffff","route_sort_order":2,"continuous_pickup":1,"continuous_drop_off":1}],"agency_name":"LA Go Bus"},"geometry":{"type":"Point","coordinates":[-117.98898,34.03496]}},{"type":"Feature","properties":{"stop_id":"2524927","stop_name":"Rowland Heights Park","location_type":0,"stop_timezone":"America/Los_Angeles","wheelchair_boarding":0,"stop_city":"Rowland Heights","routes":[{"route_id":"13053","agency_id":"1466","route_long_name":"Heights Hopper Shuttle","route_type":3,"route_url":"https://dpw.lacounty.gov/transit/HeightsHopperShuttle.aspx","route_color":"#3178b5","route_text_color":"#ffffff","route_sort_order":3,"continuous_pickup":1,"continuous_drop_off":1}],"agency_name":"LA Go Bus"},"geometry":{"type":"Point","coordinates":[-117.880424,33.989112]}},{"type":"Feature","properties":{"stop_id":"2524928","stop_name":"Otterbein Ave & Colima Rd","location_type":0,"stop_timezone":"America/Los_Angeles","wheelchair_boarding":0,"stop_city":"Rowland Heights","routes":[{"route_id":"13053","agency_id":"1466","route_long_name":"Heights Hopper Shuttle","route_type":3,"route_url":"https://dpw.lacounty.gov/transit/HeightsHopperShuttle.aspx","route_color":"#3178b5","route_text_color":"#ffffff","route_sort_order":3,"continuous_pickup":1,"continuous_drop_off":1}],"agency_name":"LA Go Bus"},"geometry":{"type":"Point","coordinates":[-117.88491,33.9875]}},{"type":"Feature","properties":{"stop_id":"2524929","stop_name":"Colima Rd & Colima Shopping Center","location_type":0,"stop_timezone":"America/Los_Angeles","wheelchair_boarding":0,"stop_city":"Rowland Heights","routes":[{"route_id":"13053","agency_id":"1466","route_long_name":"Heights Hopper Shuttle","route_type":3,"route_url":"https://dpw.lacounty.gov/transit/HeightsHopperShuttle.aspx","route_color":"#3178b5","route_text_color":"#ffffff","route_sort_order":3,"continuous_pickup":1,"continuous_drop_off":1}],"agency_name":"LA Go Bus"},"geometry":{"type":"Point","coordinates":[-117.88451,33.9871]}},{"type":"Feature","properties":{"stop_id":"2524930","stop_name":"Killian Ave & Rowland Heights Library","location_type":0,"stop_timezone":"America/Los_Angeles","wheelchair_boarding":0,"stop_city":"Rowland Heights","routes":[{"route_id":"13053","agency_id":"1466","route_long_name":"Heights Hopper Shuttle","route_type":3,"route_url":"https://dpw.lacounty.gov/transit/HeightsHopperShuttle.aspx","route_color":"#3178b5","route_text_color":"#ffffff","route_sort_order":3,"continuous_pickup":1,"continuous_drop_off":1}],"agency_name":"LA Go Bus"},"geometry":{"type":"Point","coordinates":[-117.88861,33.98223]}},{"type":"Feature","properties":{"stop_id":"2524931","stop_name":"Killian Ave & Rowland Heights Library","location_type":0,"stop_timezone":"America/Los_Angeles","wheelchair_boarding":0,"stop_city":"Rowland Heights","routes":[{"route_id":"13053","agency_id":"1466","route_long_name":"Heights Hopper Shuttle","route_type":3,"route_url":"https://dpw.lacounty.gov/transit/HeightsHopperShuttle.aspx","route_color":"#3178b5","route_text_color":"#ffffff","route_sort_order":3,"continuous_pickup":1,"continuous_drop_off":1}],"agency_name":"LA Go Bus"},"geometry":{"type":"Point","coordinates":[-117.88798,33.98209]}},{"type":"Feature","properties":{"stop_id":"2524932","stop_name":"Otterbein Ave & Killian Ave","location_type":0,"stop_timezone":"America/Los_Angeles","wheelchair_boarding":0,"stop_city":"Rowland Heights","routes":[{"route_id":"13053","agency_id":"1466","route_long_name":"Heights Hopper Shuttle","route_type":3,"route_url":"https://dpw.lacounty.gov/transit/HeightsHopperShuttle.aspx","route_color":"#3178b5","route_text_color":"#ffffff","route_sort_order":3,"continuous_pickup":1,"continuous_drop_off":1}],"agency_name":"LA Go Bus"},"geometry":{"type":"Point","coordinates":[-117.88519,33.98245]}},{"type":"Feature","properties":{"stop_id":"2524933","stop_name":"Otterbein Ave & Killian Ave","location_type":0,"stop_timezone":"America/Los_Angeles","wheelchair_boarding":0,"stop_city":"Rowland Heights","routes":[{"route_id":"13053","agency_id":"1466","route_long_name":"Heights Hopper Shuttle","route_type":3,"route_url":"https://dpw.lacounty.gov/transit/HeightsHopperShuttle.aspx","route_color":"#3178b5","route_text_color":"#ffffff","route_sort_order":3,"continuous_pickup":1,"continuous_drop_off":1}],"agency_name":"LA Go Bus"},"geometry":{"type":"Point","coordinates":[-117.88533,33.98233]}},{"type":"Feature","properties":{"stop_id":"2524934","stop_name":"Honore St & Paso Real Ave","location_type":0,"stop_timezone":"America/Los_Angeles","wheelchair_boarding":0,"stop_city":"Rowland Heights","routes":[{"route_id":"13053","agency_id":"1466","route_long_name":"Heights Hopper Shuttle","route_type":3,"route_url":"https://dpw.lacounty.gov/transit/HeightsHopperShuttle.aspx","route_color":"#3178b5","route_text_color":"#ffffff","route_sort_order":3,"continuous_pickup":1,"continuous_drop_off":1}],"agency_name":"LA Go Bus"},"geometry":{"type":"Point","coordinates":[-117.89156,33.98203]}},{"type":"Feature","properties":{"stop_id":"2524935","stop_name":"Honore St & Paso Real Ave","location_type":0,"stop_timezone":"America/Los_Angeles","wheelchair_boarding":0,"stop_city":"Rowland Heights","routes":[{"route_id":"13053","agency_id":"1466","route_long_name":"Heights Hopper Shuttle","route_type":3,"route_url":"https://dpw.lacounty.gov/transit/HeightsHopperShuttle.aspx","route_color":"#3178b5","route_text_color":"#ffffff","route_sort_order":3,"continuous_pickup":1,"continuous_drop_off":1}],"agency_name":"LA Go Bus"},"geometry":{"type":"Point","coordinates":[-117.89111,33.98203]}},{"type":"Feature","properties":{"stop_id":"2524936","stop_name":"Colima Ave & Paso Real Ave","location_type":0,"stop_timezone":"America/Los_Angeles","wheelchair_boarding":0,"stop_city":"Rowland Heights","routes":[{"route_id":"13053","agency_id":"1466","route_long_name":"Heights Hopper Shuttle","route_type":3,"route_url":"https://dpw.lacounty.gov/transit/HeightsHopperShuttle.aspx","route_color":"#3178b5","route_text_color":"#ffffff","route_sort_order":3,"continuous_pickup":1,"continuous_drop_off":1}],"agency_name":"LA Go Bus"},"geometry":{"type":"Point","coordinates":[-117.89393,33.98787]}},{"type":"Feature","properties":{"stop_id":"2524937","stop_name":"Colima Ave & Green Castle Ave","location_type":0,"stop_timezone":"America/Los_Angeles","wheelchair_boarding":0,"stop_city":"Rowland Heights","routes":[{"route_id":"13053","agency_id":"1466","route_long_name":"Heights Hopper Shuttle","route_type":3,"route_url":"https://dpw.lacounty.gov/transit/HeightsHopperShuttle.aspx","route_color":"#3178b5","route_text_color":"#ffffff","route_sort_order":3,"continuous_pickup":1,"continuous_drop_off":1}],"agency_name":"LA Go Bus"},"geometry":{"type":"Point","coordinates":[-117.8969,33.98804]}},{"type":"Feature","properties":{"stop_id":"2524938","stop_name":"Colima Ave & Desire Ave","location_type":0,"stop_timezone":"America/Los_Angeles","wheelchair_boarding":0,"stop_city":"Rowland Heights","routes":[{"route_id":"13053","agency_id":"1466","route_long_name":"Heights Hopper Shuttle","route_type":3,"route_url":"https://dpw.lacounty.gov/transit/HeightsHopperShuttle.aspx","route_color":"#3178b5","route_text_color":"#ffffff","route_sort_order":3,"continuous_pickup":1,"continuous_drop_off":1}],"agency_name":"LA Go Bus"},"geometry":{"type":"Point","coordinates":[-117.8967,33.98779]}},{"type":"Feature","properties":{"stop_id":"2524939","stop_name":"Colima Ave & Jellick Ave","location_type":0,"stop_timezone":"America/Los_Angeles","wheelchair_boarding":0,"stop_city":"Rowland Heights","routes":[{"route_id":"13053","agency_id":"1466","route_long_name":"Heights Hopper Shuttle","route_type":3,"route_url":"https://dpw.lacounty.gov/transit/HeightsHopperShuttle.aspx","route_color":"#3178b5","route_text_color":"#ffffff","route_sort_order":3,"continuous_pickup":1,"continuous_drop_off":1}],"agency_name":"LA Go Bus"},"geometry":{"type":"Point","coordinates":[-117.90097,33.98827]}},{"type":"Feature","properties":{"stop_id":"2524940","stop_name":"Colima Ave & Jellick Ave","location_type":0,"stop_timezone":"America/Los_Angeles","wheelchair_boarding":0,"stop_city":"Rowland Heights","routes":[{"route_id":"13053","agency_id":"1466","route_long_name":"Heights Hopper Shuttle","route_type":3,"route_url":"https://dpw.lacounty.gov/transit/HeightsHopperShuttle.aspx","route_color":"#3178b5","route_text_color":"#ffffff","route_sort_order":3,"continuous_pickup":1,"continuous_drop_off":1}],"agency_name":"LA Go Bus"},"geometry":{"type":"Point","coordinates":[-117.90143,33.98805]}},{"type":"Feature","properties":{"stop_id":"2524941","stop_name":"Batson Ave & Colima Rd","location_type":0,"stop_timezone":"America/Los_Angeles","wheelchair_boarding":0,"stop_city":"Rowland Heights","routes":[{"route_id":"13053","agency_id":"1466","route_long_name":"Heights Hopper Shuttle","route_type":3,"route_url":"https://dpw.lacounty.gov/transit/HeightsHopperShuttle.aspx","route_color":"#3178b5","route_text_color":"#ffffff","route_sort_order":3,"continuous_pickup":1,"continuous_drop_off":1}],"agency_name":"LA Go Bus"},"geometry":{"type":"Point","coordinates":[-117.90386,33.98775]}},{"type":"Feature","properties":{"stop_id":"2524942","stop_name":"Batson Ave & Colima Rd","location_type":0,"stop_timezone":"America/Los_Angeles","wheelchair_boarding":0,"stop_city":"Rowland Heights","routes":[{"route_id":"13053","agency_id":"1466","route_long_name":"Heights Hopper Shuttle","route_type":3,"route_url":"https://dpw.lacounty.gov/transit/HeightsHopperShuttle.aspx","route_color":"#3178b5","route_text_color":"#ffffff","route_sort_order":3,"continuous_pickup":1,"continuous_drop_off":1}],"agency_name":"LA Go Bus"},"geometry":{"type":"Point","coordinates":[-117.90399,33.98758]}},{"type":"Feature","properties":{"stop_id":"2524943","stop_name":"Batson Ave & Vidora Dr","location_type":0,"stop_timezone":"America/Los_Angeles","wheelchair_boarding":0,"stop_city":"Rowland Heights","routes":[{"route_id":"13053","agency_id":"1466","route_long_name":"Heights Hopper Shuttle","route_type":3,"route_url":"https://dpw.lacounty.gov/transit/HeightsHopperShuttle.aspx","route_color":"#3178b5","route_text_color":"#ffffff","route_sort_order":3,"continuous_pickup":1,"continuous_drop_off":1}],"agency_name":"LA Go Bus"},"geometry":{"type":"Point","coordinates":[-117.90428,33.9829]}},{"type":"Feature","properties":{"stop_id":"2524944","stop_name":"Batson Ave & Vidora Dr","location_type":0,"stop_timezone":"America/Los_Angeles","wheelchair_boarding":0,"stop_city":"Rowland Heights","routes":[{"route_id":"13053","agency_id":"1466","route_long_name":"Heights Hopper Shuttle","route_type":3,"route_url":"https://dpw.lacounty.gov/transit/HeightsHopperShuttle.aspx","route_color":"#3178b5","route_text_color":"#ffffff","route_sort_order":3,"continuous_pickup":1,"continuous_drop_off":1}],"agency_name":"LA Go Bus"},"geometry":{"type":"Point","coordinates":[-117.90449,33.98281]}},{"type":"Feature","properties":{"stop_id":"2524945","stop_name":"Batson Ave & Farjardo St","location_type":0,"stop_timezone":"America/Los_Angeles","wheelchair_boarding":0,"stop_city":"Rowland Heights","routes":[{"route_id":"13053","agency_id":"1466","route_long_name":"Heights Hopper Shuttle","route_type":3,"route_url":"https://dpw.lacounty.gov/transit/HeightsHopperShuttle.aspx","route_color":"#3178b5","route_text_color":"#ffffff","route_sort_order":3,"continuous_pickup":1,"continuous_drop_off":1}],"agency_name":"LA Go Bus"},"geometry":{"type":"Point","coordinates":[-117.90512,33.98001]}},{"type":"Feature","properties":{"stop_id":"2524946","stop_name":"Batson Ave & Farjardo St","location_type":0,"stop_timezone":"America/Los_Angeles","wheelchair_boarding":0,"stop_city":"Rowland Heights","routes":[{"route_id":"13053","agency_id":"1466","route_long_name":"Heights Hopper Shuttle","route_type":3,"route_url":"https://dpw.lacounty.gov/transit/HeightsHopperShuttle.aspx","route_color":"#3178b5","route_text_color":"#ffffff","route_sort_order":3,"continuous_pickup":1,"continuous_drop_off":1}],"agency_name":"LA Go Bus"},"geometry":{"type":"Point","coordinates":[-117.905,33.97979]}},{"type":"Feature","properties":{"stop_id":"2524947","stop_name":"Batson Ave & Mescal St","location_type":0,"stop_timezone":"America/Los_Angeles","wheelchair_boarding":0,"stop_city":"Rowland Heights","routes":[{"route_id":"13053","agency_id":"1466","route_long_name":"Heights Hopper Shuttle","route_type":3,"route_url":"https://dpw.lacounty.gov/transit/HeightsHopperShuttle.aspx","route_color":"#3178b5","route_text_color":"#ffffff","route_sort_order":3,"continuous_pickup":1,"continuous_drop_off":1}],"agency_name":"LA Go Bus"},"geometry":{"type":"Point","coordinates":[-117.90529,33.9761]}},{"type":"Feature","properties":{"stop_id":"2524948","stop_name":"Batson Ave & Mescal St","location_type":0,"stop_timezone":"America/Los_Angeles","wheelchair_boarding":0,"stop_city":"Rowland Heights","routes":[{"route_id":"13053","agency_id":"1466","route_long_name":"Heights Hopper Shuttle","route_type":3,"route_url":"https://dpw.lacounty.gov/transit/HeightsHopperShuttle.aspx","route_color":"#3178b5","route_text_color":"#ffffff","route_sort_order":3,"continuous_pickup":1,"continuous_drop_off":1}],"agency_name":"LA Go Bus"},"geometry":{"type":"Point","coordinates":[-117.90542,33.97636]}},{"type":"Feature","properties":{"stop_id":"2524949","stop_name":"Aguiro St & Gallio Ave","location_type":0,"stop_timezone":"America/Los_Angeles","wheelchair_boarding":0,"stop_city":"Rowland Heights","routes":[{"route_id":"13053","agency_id":"1466","route_long_name":"Heights Hopper Shuttle","route_type":3,"route_url":"https://dpw.lacounty.gov/transit/HeightsHopperShuttle.aspx","route_color":"#3178b5","route_text_color":"#ffffff","route_sort_order":3,"continuous_pickup":1,"continuous_drop_off":1}],"agency_name":"LA Go Bus"},"geometry":{"type":"Point","coordinates":[-117.9024,33.9729]}},{"type":"Feature","properties":{"stop_id":"2524950","stop_name":"Aguiro St & Tortosa Ave","location_type":0,"stop_timezone":"America/Los_Angeles","wheelchair_boarding":0,"stop_city":"Rowland Heights","routes":[{"route_id":"13053","agency_id":"1466","route_long_name":"Heights Hopper Shuttle","route_type":3,"route_url":"https://dpw.lacounty.gov/transit/HeightsHopperShuttle.aspx","route_color":"#3178b5","route_text_color":"#ffffff","route_sort_order":3,"continuous_pickup":1,"continuous_drop_off":1}],"agency_name":"LA Go Bus"},"geometry":{"type":"Point","coordinates":[-117.90196,33.97283]}},{"type":"Feature","properties":{"stop_id":"2524952","stop_name":"Rowland Heights Community Center","location_type":0,"stop_timezone":"America/Los_Angeles","wheelchair_boarding":0,"stop_city":"Rowland Heights","routes":[{"route_id":"13053","agency_id":"1466","route_long_name":"Heights Hopper Shuttle","route_type":3,"route_url":"https://dpw.lacounty.gov/transit/HeightsHopperShuttle.aspx","route_color":"#3178b5","route_text_color":"#ffffff","route_sort_order":3,"continuous_pickup":1,"continuous_drop_off":1}],"agency_name":"LA Go Bus"},"geometry":{"type":"Point","coordinates":[-117.91242,33.96607]}},{"type":"Feature","properties":{"stop_id":"2524953","stop_name":"Pathfinder Park","location_type":0,"stop_timezone":"America/Los_Angeles","wheelchair_boarding":0,"stop_city":"Rowland Heights","routes":[{"route_id":"13053","agency_id":"1466","route_long_name":"Heights Hopper Shuttle","route_type":3,"route_url":"https://dpw.lacounty.gov/transit/HeightsHopperShuttle.aspx","route_color":"#3178b5","route_text_color":"#ffffff","route_sort_order":3,"continuous_pickup":1,"continuous_drop_off":1}],"agency_name":"LA Go Bus"},"geometry":{"type":"Point","coordinates":[-117.90959,33.9676]}},{"type":"Feature","properties":{"stop_id":"2524954","stop_name":"Mescal St & Fullerton Rd","location_type":0,"stop_timezone":"America/Los_Angeles","wheelchair_boarding":0,"stop_city":"Rowland Heights","routes":[{"route_id":"13053","agency_id":"1466","route_long_name":"Heights Hopper Shuttle","route_type":3,"route_url":"https://dpw.lacounty.gov/transit/HeightsHopperShuttle.aspx","route_color":"#3178b5","route_text_color":"#ffffff","route_sort_order":3,"continuous_pickup":1,"continuous_drop_off":1}],"agency_name":"LA Go Bus"},"geometry":{"type":"Point","coordinates":[-117.91033,33.97682]}},{"type":"Feature","properties":{"stop_id":"2524955","stop_name":"Mescal St & Fullerton Rd","location_type":0,"stop_timezone":"America/Los_Angeles","wheelchair_boarding":0,"stop_city":"Rowland Heights","routes":[{"route_id":"13053","agency_id":"1466","route_long_name":"Heights Hopper Shuttle","route_type":3,"route_url":"https://dpw.lacounty.gov/transit/HeightsHopperShuttle.aspx","route_color":"#3178b5","route_text_color":"#ffffff","route_sort_order":3,"continuous_pickup":1,"continuous_drop_off":1}],"agency_name":"LA Go Bus"},"geometry":{"type":"Point","coordinates":[-117.91072,33.97691]}},{"type":"Feature","properties":{"stop_id":"2524956","stop_name":"Gallineta St & Gloria Heer Park","location_type":0,"stop_timezone":"America/Los_Angeles","wheelchair_boarding":0,"stop_city":"Rowland Heights","routes":[{"route_id":"13053","agency_id":"1466","route_long_name":"Heights Hopper Shuttle","route_type":3,"route_url":"https://dpw.lacounty.gov/transit/HeightsHopperShuttle.aspx","route_color":"#3178b5","route_text_color":"#ffffff","route_sort_order":3,"continuous_pickup":1,"continuous_drop_off":1}],"agency_name":"LA Go Bus"},"geometry":{"type":"Point","coordinates":[-117.91283,33.9782]}},{"type":"Feature","properties":{"stop_id":"2524957","stop_name":"Gallineta St & Gloria Heer Park","location_type":0,"stop_timezone":"America/Los_Angeles","wheelchair_boarding":0,"stop_city":"Rowland Heights","routes":[{"route_id":"13053","agency_id":"1466","route_long_name":"Heights Hopper Shuttle","route_type":3,"route_url":"https://dpw.lacounty.gov/transit/HeightsHopperShuttle.aspx","route_color":"#3178b5","route_text_color":"#ffffff","route_sort_order":3,"continuous_pickup":1,"continuous_drop_off":1}],"agency_name":"LA Go Bus"},"geometry":{"type":"Point","coordinates":[-117.91328,33.97813]}},{"type":"Feature","properties":{"stop_id":"2524958","stop_name":"Gallineta St & Nearbank D","location_type":0,"stop_timezone":"America/Los_Angeles","wheelchair_boarding":0,"stop_city":"Rowland Heights","routes":[{"route_id":"13053","agency_id":"1466","route_long_name":"Heights Hopper Shuttle","route_type":3,"route_url":"https://dpw.lacounty.gov/transit/HeightsHopperShuttle.aspx","route_color":"#3178b5","route_text_color":"#ffffff","route_sort_order":3,"continuous_pickup":1,"continuous_drop_off":1}],"agency_name":"LA Go Bus"},"geometry":{"type":"Point","coordinates":[-117.91452,33.97919]}},{"type":"Feature","properties":{"stop_id":"2524959","stop_name":"Nearbank Dr & Gallineta St","location_type":0,"stop_timezone":"America/Los_Angeles","wheelchair_boarding":0,"stop_city":"Rowland Heights","routes":[{"route_id":"13053","agency_id":"1466","route_long_name":"Heights Hopper Shuttle","route_type":3,"route_url":"https://dpw.lacounty.gov/transit/HeightsHopperShuttle.aspx","route_color":"#3178b5","route_text_color":"#ffffff","route_sort_order":3,"continuous_pickup":1,"continuous_drop_off":1}],"agency_name":"LA Go Bus"},"geometry":{"type":"Point","coordinates":[-117.91484,33.97952]}},{"type":"Feature","properties":{"stop_id":"2524960","stop_name":"Contador Dr & Fallen Dr","location_type":0,"stop_timezone":"America/Los_Angeles","wheelchair_boarding":0,"stop_city":"Rowland Heights","routes":[{"route_id":"13053","agency_id":"1466","route_long_name":"Heights Hopper Shuttle","route_type":3,"route_url":"https://dpw.lacounty.gov/transit/HeightsHopperShuttle.aspx","route_color":"#3178b5","route_text_color":"#ffffff","route_sort_order":3,"continuous_pickup":1,"continuous_drop_off":1}],"agency_name":"LA Go Bus"},"geometry":{"type":"Point","coordinates":[-117.9229,33.97835]}},{"type":"Feature","properties":{"stop_id":"2524961","stop_name":"Contador Dr & Fallen Dr","location_type":0,"stop_timezone":"America/Los_Angeles","wheelchair_boarding":0,"stop_city":"Rowland Heights","routes":[{"route_id":"13053","agency_id":"1466","route_long_name":"Heights Hopper Shuttle","route_type":3,"route_url":"https://dpw.lacounty.gov/transit/HeightsHopperShuttle.aspx","route_color":"#3178b5","route_text_color":"#ffffff","route_sort_order":3,"continuous_pickup":1,"continuous_drop_off":1}],"agency_name":"LA Go Bus"},"geometry":{"type":"Point","coordinates":[-117.92308,33.97847]}},{"type":"Feature","properties":{"stop_id":"2524962","stop_name":"Saleroso Dr & Candela Dr","location_type":0,"stop_timezone":"America/Los_Angeles","wheelchair_boarding":0,"stop_city":"Rowland Heights","routes":[{"route_id":"13053","agency_id":"1466","route_long_name":"Heights Hopper Shuttle","route_type":3,"route_url":"https://dpw.lacounty.gov/transit/HeightsHopperShuttle.aspx","route_color":"#3178b5","route_text_color":"#ffffff","route_sort_order":3,"continuous_pickup":1,"continuous_drop_off":1}],"agency_name":"LA Go Bus"},"geometry":{"type":"Point","coordinates":[-117.92551,33.98139]}},{"type":"Feature","properties":{"stop_id":"2524963","stop_name":"Candela Dr & Saleroso Dr","location_type":0,"stop_timezone":"America/Los_Angeles","wheelchair_boarding":0,"stop_city":"Rowland Heights","routes":[{"route_id":"13053","agency_id":"1466","route_long_name":"Heights Hopper Shuttle","route_type":3,"route_url":"https://dpw.lacounty.gov/transit/HeightsHopperShuttle.aspx","route_color":"#3178b5","route_text_color":"#ffffff","route_sort_order":3,"continuous_pickup":1,"continuous_drop_off":1}],"agency_name":"LA Go Bus"},"geometry":{"type":"Point","coordinates":[-117.9254,33.9809]}},{"type":"Feature","properties":{"stop_id":"2524964","stop_name":"Saleroso Dr & Schabarum Park","location_type":0,"stop_timezone":"America/Los_Angeles","wheelchair_boarding":0,"stop_city":"Rowland Heights","routes":[{"route_id":"13053","agency_id":"1466","route_long_name":"Heights Hopper Shuttle","route_type":3,"route_url":"https://dpw.lacounty.gov/transit/HeightsHopperShuttle.aspx","route_color":"#3178b5","route_text_color":"#ffffff","route_sort_order":3,"continuous_pickup":1,"continuous_drop_off":1}],"agency_name":"LA Go Bus"},"geometry":{"type":"Point","coordinates":[-117.92516,33.98501]}},{"type":"Feature","properties":{"stop_id":"2524965","stop_name":"Saleroso Dr & Schabarum Park","location_type":0,"stop_timezone":"America/Los_Angeles","wheelchair_boarding":0,"stop_city":"Rowland Heights","routes":[{"route_id":"13053","agency_id":"1466","route_long_name":"Heights Hopper Shuttle","route_type":3,"route_url":"https://dpw.lacounty.gov/transit/HeightsHopperShuttle.aspx","route_color":"#3178b5","route_text_color":"#ffffff","route_sort_order":3,"continuous_pickup":1,"continuous_drop_off":1}],"agency_name":"LA Go Bus"},"geometry":{"type":"Point","coordinates":[-117.92266,33.98681]}},{"type":"Feature","properties":{"stop_id":"2524966","stop_name":"Colima Rd & Puente Hills Mall","location_type":0,"stop_timezone":"America/Los_Angeles","wheelchair_boarding":0,"stop_city":"Rowland","routes":[{"route_id":"13053","agency_id":"1466","route_long_name":"Heights Hopper Shuttle","route_type":3,"route_url":"https://dpw.lacounty.gov/transit/HeightsHopperShuttle.aspx","route_color":"#3178b5","route_text_color":"#ffffff","route_sort_order":3,"continuous_pickup":1,"continuous_drop_off":1}],"agency_name":"LA Go Bus"},"geometry":{"type":"Point","coordinates":[-117.92494,33.99067]}},{"type":"Feature","properties":{"stop_id":"2524967","stop_name":"Colima Rd & Puente Hills Mall","location_type":0,"stop_timezone":"America/Los_Angeles","wheelchair_boarding":0,"stop_city":"Rowland Heights","routes":[{"route_id":"13053","agency_id":"1466","route_long_name":"Heights Hopper Shuttle","route_type":3,"route_url":"https://dpw.lacounty.gov/transit/HeightsHopperShuttle.aspx","route_color":"#3178b5","route_text_color":"#ffffff","route_sort_order":3,"continuous_pickup":1,"continuous_drop_off":1}],"agency_name":"LA Go Bus"},"geometry":{"type":"Point","coordinates":[-117.92458,33.99039]}},{"type":"Feature","properties":{"stop_id":"2524968","stop_name":"Colima Rd & Azusa Ave","location_type":0,"stop_timezone":"America/Los_Angeles","wheelchair_boarding":0,"stop_city":"Rowland","routes":[{"route_id":"13053","agency_id":"1466","route_long_name":"Heights Hopper Shuttle","route_type":3,"route_url":"https://dpw.lacounty.gov/transit/HeightsHopperShuttle.aspx","route_color":"#3178b5","route_text_color":"#ffffff","route_sort_order":3,"continuous_pickup":1,"continuous_drop_off":1}],"agency_name":"LA Go Bus"},"geometry":{"type":"Point","coordinates":[-117.93092,33.99114]}},{"type":"Feature","properties":{"stop_id":"2524969","stop_name":"Colima Rd & Azusa Ave","location_type":0,"stop_timezone":"America/Los_Angeles","wheelchair_boarding":0,"stop_city":"Rowland Heights","routes":[{"route_id":"13053","agency_id":"1466","route_long_name":"Heights Hopper Shuttle","route_type":3,"route_url":"https://dpw.lacounty.gov/transit/HeightsHopperShuttle.aspx","route_color":"#3178b5","route_text_color":"#ffffff","route_sort_order":3,"continuous_pickup":1,"continuous_drop_off":1}],"agency_name":"LA Go Bus"},"geometry":{"type":"Point","coordinates":[-117.93116,33.9909]}},{"type":"Feature","properties":{"stop_id":"2524970","stop_name":"Pepper Brook Way & Manor Gate Rd","location_type":0,"stop_timezone":"America/Los_Angeles","wheelchair_boarding":0,"stop_city":"Rowland Heights","routes":[{"route_id":"13053","agency_id":"1466","route_long_name":"Heights Hopper Shuttle","route_type":3,"route_url":"https://dpw.lacounty.gov/transit/HeightsHopperShuttle.aspx","route_color":"#3178b5","route_text_color":"#ffffff","route_sort_order":3,"continuous_pickup":1,"continuous_drop_off":1}],"agency_name":"LA Go Bus"},"geometry":{"type":"Point","coordinates":[-117.93391,33.99368]}},{"type":"Feature","properties":{"stop_id":"2524971","stop_name":"Pepper Brook Way & Manor Gate Rd","location_type":0,"stop_timezone":"America/Los_Angeles","wheelchair_boarding":0,"stop_city":"Rowland Heights","routes":[{"route_id":"13053","agency_id":"1466","route_long_name":"Heights Hopper Shuttle","route_type":3,"route_url":"https://dpw.lacounty.gov/transit/HeightsHopperShuttle.aspx","route_color":"#3178b5","route_text_color":"#ffffff","route_sort_order":3,"continuous_pickup":1,"continuous_drop_off":1}],"agency_name":"LA Go Bus"},"geometry":{"type":"Point","coordinates":[-117.93414,33.99348]}},{"type":"Feature","properties":{"stop_id":"2524972","stop_name":"Wedgeworth Dr & Manor Gate Rd","location_type":0,"stop_timezone":"America/Los_Angeles","wheelchair_boarding":0,"stop_city":"El Monte","routes":[{"route_id":"13053","agency_id":"1466","route_long_name":"Heights Hopper Shuttle","route_type":3,"route_url":"https://dpw.lacounty.gov/transit/HeightsHopperShuttle.aspx","route_color":"#3178b5","route_text_color":"#ffffff","route_sort_order":3,"continuous_pickup":1,"continuous_drop_off":1}],"agency_name":"LA Go Bus"},"geometry":{"type":"Point","coordinates":[-117.93635,33.99585]}},{"type":"Feature","properties":{"stop_id":"2524973","stop_name":"Wedgeworth Dr & Lark Tree Way","location_type":0,"stop_timezone":"America/Los_Angeles","wheelchair_boarding":0,"stop_city":"El Monte","routes":[{"route_id":"13053","agency_id":"1466","route_long_name":"Heights Hopper Shuttle","route_type":3,"route_url":"https://dpw.lacounty.gov/transit/HeightsHopperShuttle.aspx","route_color":"#3178b5","route_text_color":"#ffffff","route_sort_order":3,"continuous_pickup":1,"continuous_drop_off":1}],"agency_name":"LA Go Bus"},"geometry":{"type":"Point","coordinates":[-117.93761,33.99573]}},{"type":"Feature","properties":{"stop_id":"2524974","stop_name":"Countrywood Ave & Wedgeworth Dr","location_type":0,"stop_timezone":"America/Los_Angeles","wheelchair_boarding":0,"stop_city":"El Monte","routes":[{"route_id":"13053","agency_id":"1466","route_long_name":"Heights Hopper Shuttle","route_type":3,"route_url":"https://dpw.lacounty.gov/transit/HeightsHopperShuttle.aspx","route_color":"#3178b5","route_text_color":"#ffffff","route_sort_order":3,"continuous_pickup":1,"continuous_drop_off":1}],"agency_name":"LA Go Bus"},"geometry":{"type":"Point","coordinates":[-117.94424,33.99742]}},{"type":"Feature","properties":{"stop_id":"2524975","stop_name":"Countrywood Ave & Pepperbrook Park","location_type":0,"stop_timezone":"America/Los_Angeles","wheelchair_boarding":0,"stop_city":"El Monte","routes":[{"route_id":"13053","agency_id":"1466","route_long_name":"Heights Hopper Shuttle","route_type":3,"route_url":"https://dpw.lacounty.gov/transit/HeightsHopperShuttle.aspx","route_color":"#3178b5","route_text_color":"#ffffff","route_sort_order":3,"continuous_pickup":1,"continuous_drop_off":1}],"agency_name":"LA Go Bus"},"geometry":{"type":"Point","coordinates":[-117.94203,33.99295]}},{"type":"Feature","properties":{"stop_id":"2524976","stop_name":"Countrywood Ave & Colima Rd","location_type":0,"stop_timezone":"America/Los_Angeles","wheelchair_boarding":0,"stop_city":"El Monte","routes":[{"route_id":"13053","agency_id":"1466","route_long_name":"Heights Hopper Shuttle","route_type":3,"route_url":"https://dpw.lacounty.gov/transit/HeightsHopperShuttle.aspx","route_color":"#3178b5","route_text_color":"#ffffff","route_sort_order":3,"continuous_pickup":1,"continuous_drop_off":1}],"agency_name":"LA Go Bus"},"geometry":{"type":"Point","coordinates":[-117.94168,33.99159]}},{"type":"Feature","properties":{"stop_id":"2524977","stop_name":"Colima Rd & Dawn Haven Rd","location_type":0,"stop_timezone":"America/Los_Angeles","wheelchair_boarding":0,"stop_city":"El Monte","routes":[{"route_id":"13053","agency_id":"1466","route_long_name":"Heights Hopper Shuttle","route_type":3,"route_url":"https://dpw.lacounty.gov/transit/HeightsHopperShuttle.aspx","route_color":"#3178b5","route_text_color":"#ffffff","route_sort_order":3,"continuous_pickup":1,"continuous_drop_off":1}],"agency_name":"LA Go Bus"},"geometry":{"type":"Point","coordinates":[-117.94498,33.99014]}},{"type":"Feature","properties":{"stop_id":"2524978","stop_name":"Colima Rd & Halliburton Rd","location_type":0,"stop_timezone":"America/Los_Angeles","wheelchair_boarding":0,"stop_city":"El Monte","routes":[{"route_id":"13053","agency_id":"1466","route_long_name":"Heights Hopper Shuttle","route_type":3,"route_url":"https://dpw.lacounty.gov/transit/HeightsHopperShuttle.aspx","route_color":"#3178b5","route_text_color":"#ffffff","route_sort_order":3,"continuous_pickup":1,"continuous_drop_off":1}],"agency_name":"LA Go Bus"},"geometry":{"type":"Point","coordinates":[-117.94597,33.98983]}},{"type":"Feature","properties":{"stop_id":"2524979","stop_name":"Colima Rd & Country Canyon Rd","location_type":0,"stop_timezone":"America/Los_Angeles","wheelchair_boarding":0,"stop_city":"El Monte","routes":[{"route_id":"13053","agency_id":"1466","route_long_name":"Heights Hopper Shuttle","route_type":3,"route_url":"https://dpw.lacounty.gov/transit/HeightsHopperShuttle.aspx","route_color":"#3178b5","route_text_color":"#ffffff","route_sort_order":3,"continuous_pickup":1,"continuous_drop_off":1}],"agency_name":"LA Go Bus"},"geometry":{"type":"Point","coordinates":[-117.94929,33.98786]}},{"type":"Feature","properties":{"stop_id":"2524980","stop_name":"Colima Rd & Country Canyon Rd","location_type":0,"stop_timezone":"America/Los_Angeles","wheelchair_boarding":0,"stop_city":"El Monte","routes":[{"route_id":"13053","agency_id":"1466","route_long_name":"Heights Hopper Shuttle","route_type":3,"route_url":"https://dpw.lacounty.gov/transit/HeightsHopperShuttle.aspx","route_color":"#3178b5","route_text_color":"#ffffff","route_sort_order":3,"continuous_pickup":1,"continuous_drop_off":1}],"agency_name":"LA Go Bus"},"geometry":{"type":"Point","coordinates":[-117.94869,33.98789]}},{"type":"Feature","properties":{"stop_id":"2524981","stop_name":"Punta Del Este Dr & Colima Rd","location_type":0,"stop_timezone":"America/Los_Angeles","wheelchair_boarding":0,"stop_city":"El Monte","routes":[{"route_id":"13053","agency_id":"1466","route_long_name":"Heights Hopper Shuttle","route_type":3,"route_url":"https://dpw.lacounty.gov/transit/HeightsHopperShuttle.aspx","route_color":"#3178b5","route_text_color":"#ffffff","route_sort_order":3,"continuous_pickup":1,"continuous_drop_off":1}],"agency_name":"LA Go Bus"},"geometry":{"type":"Point","coordinates":[-117.95395,33.98609]}},{"type":"Feature","properties":{"stop_id":"2524982","stop_name":"Colima Rd & Punta Del Este Dr","location_type":0,"stop_timezone":"America/Los_Angeles","wheelchair_boarding":0,"stop_city":"El Monte","routes":[{"route_id":"13053","agency_id":"1466","route_long_name":"Heights Hopper Shuttle","route_type":3,"route_url":"https://dpw.lacounty.gov/transit/HeightsHopperShuttle.aspx","route_color":"#3178b5","route_text_color":"#ffffff","route_sort_order":3,"continuous_pickup":1,"continuous_drop_off":1}],"agency_name":"LA Go Bus"},"geometry":{"type":"Point","coordinates":[-117.95359,33.98596]}},{"type":"Feature","properties":{"stop_id":"2524983","stop_name":"Punta Del Este Dr & Santa Bianca Dr","location_type":0,"stop_timezone":"America/Los_Angeles","wheelchair_boarding":0,"stop_city":"El Monte","routes":[{"route_id":"13053","agency_id":"1466","route_long_name":"Heights Hopper Shuttle","route_type":3,"route_url":"https://dpw.lacounty.gov/transit/HeightsHopperShuttle.aspx","route_color":"#3178b5","route_text_color":"#ffffff","route_sort_order":3,"continuous_pickup":1,"continuous_drop_off":1}],"agency_name":"LA Go Bus"},"geometry":{"type":"Point","coordinates":[-117.95668,33.98942]}},{"type":"Feature","properties":{"stop_id":"2524984","stop_name":"Punta Del Este Dr & Santa Bianca Dr","location_type":0,"stop_timezone":"America/Los_Angeles","wheelchair_boarding":0,"stop_city":"El Monte","routes":[{"route_id":"13053","agency_id":"1466","route_long_name":"Heights Hopper Shuttle","route_type":3,"route_url":"https://dpw.lacounty.gov/transit/HeightsHopperShuttle.aspx","route_color":"#3178b5","route_text_color":"#ffffff","route_sort_order":3,"continuous_pickup":1,"continuous_drop_off":1}],"agency_name":"LA Go Bus"},"geometry":{"type":"Point","coordinates":[-117.95673,33.98917]}},{"type":"Feature","properties":{"stop_id":"2524985","stop_name":"La Monde St & Hacienda Heights Library","location_type":0,"stop_timezone":"America/Los_Angeles","wheelchair_boarding":0,"stop_city":"El Monte","routes":[{"route_id":"13053","agency_id":"1466","route_long_name":"Heights Hopper Shuttle","route_type":3,"route_url":"https://dpw.lacounty.gov/transit/HeightsHopperShuttle.aspx","route_color":"#3178b5","route_text_color":"#ffffff","route_sort_order":3,"continuous_pickup":1,"continuous_drop_off":1}],"agency_name":"LA Go Bus"},"geometry":{"type":"Point","coordinates":[-117.96384,33.99382]}},{"type":"Feature","properties":{"stop_id":"2524986","stop_name":"La Monde St & Hacienda Heights Library","location_type":0,"stop_timezone":"America/Los_Angeles","wheelchair_boarding":0,"stop_city":"El Monte","routes":[{"route_id":"13053","agency_id":"1466","route_long_name":"Heights Hopper Shuttle","route_type":3,"route_url":"https://dpw.lacounty.gov/transit/HeightsHopperShuttle.aspx","route_color":"#3178b5","route_text_color":"#ffffff","route_sort_order":3,"continuous_pickup":1,"continuous_drop_off":1}],"agency_name":"LA Go Bus"},"geometry":{"type":"Point","coordinates":[-117.96399,33.99372]}},{"type":"Feature","properties":{"stop_id":"2524987","stop_name":"Stimson Ave & Sigman St","location_type":0,"stop_timezone":"America/Los_Angeles","wheelchair_boarding":0,"stop_city":"El Monte","routes":[{"route_id":"13053","agency_id":"1466","route_long_name":"Heights Hopper Shuttle","route_type":3,"route_url":"https://dpw.lacounty.gov/transit/HeightsHopperShuttle.aspx","route_color":"#3178b5","route_text_color":"#ffffff","route_sort_order":3,"continuous_pickup":1,"continuous_drop_off":1}],"agency_name":"LA Go Bus"},"geometry":{"type":"Point","coordinates":[-117.96003,34.00203]}},{"type":"Feature","properties":{"stop_id":"2524988","stop_name":"Stimson Ave & Sigman St","location_type":0,"stop_timezone":"America/Los_Angeles","wheelchair_boarding":0,"stop_city":"El Monte","routes":[{"route_id":"13053","agency_id":"1466","route_long_name":"Heights Hopper Shuttle","route_type":3,"route_url":"https://dpw.lacounty.gov/transit/HeightsHopperShuttle.aspx","route_color":"#3178b5","route_text_color":"#ffffff","route_sort_order":3,"continuous_pickup":1,"continuous_drop_off":1}],"agency_name":"LA Go Bus"},"geometry":{"type":"Point","coordinates":[-117.96025,34.00207]}},{"type":"Feature","properties":{"stop_id":"2524989","stop_name":"Stimson Ave & Shadybend Dr","location_type":0,"stop_timezone":"America/Los_Angeles","wheelchair_boarding":0,"stop_city":"El Monte","routes":[{"route_id":"13053","agency_id":"1466","route_long_name":"Heights Hopper Shuttle","route_type":3,"route_url":"https://dpw.lacounty.gov/transit/HeightsHopperShuttle.aspx","route_color":"#3178b5","route_text_color":"#ffffff","route_sort_order":3,"continuous_pickup":1,"continuous_drop_off":1}],"agency_name":"LA Go Bus"},"geometry":{"type":"Point","coordinates":[-117.95707,34.00686]}},{"type":"Feature","properties":{"stop_id":"2524990","stop_name":"Gale Ave & Stimson Av","location_type":0,"stop_timezone":"America/Los_Angeles","wheelchair_boarding":0,"stop_city":"Rowland","routes":[{"route_id":"13053","agency_id":"1466","route_long_name":"Heights Hopper Shuttle","route_type":3,"route_url":"https://dpw.lacounty.gov/transit/HeightsHopperShuttle.aspx","route_color":"#3178b5","route_text_color":"#ffffff","route_sort_order":3,"continuous_pickup":1,"continuous_drop_off":1}],"agency_name":"LA Go Bus"},"geometry":{"type":"Point","coordinates":[-117.95643,34.00871]}},{"type":"Feature","properties":{"stop_id":"2524991","stop_name":"Gale Ave & Falstone Ave","location_type":0,"stop_timezone":"America/Los_Angeles","wheelchair_boarding":0,"stop_city":"Rowland","routes":[{"route_id":"13053","agency_id":"1466","route_long_name":"Heights Hopper Shuttle","route_type":3,"route_url":"https://dpw.lacounty.gov/transit/HeightsHopperShuttle.aspx","route_color":"#3178b5","route_text_color":"#ffffff","route_sort_order":3,"continuous_pickup":1,"continuous_drop_off":1}],"agency_name":"LA Go Bus"},"geometry":{"type":"Point","coordinates":[-117.95964,34.00993]}},{"type":"Feature","properties":{"stop_id":"2524992","stop_name":"Gale Ave & Gale Ave Plaza","location_type":0,"stop_timezone":"America/Los_Angeles","wheelchair_boarding":0,"stop_city":"El Monte","routes":[{"route_id":"13053","agency_id":"1466","route_long_name":"Heights Hopper Shuttle","route_type":3,"route_url":"https://dpw.lacounty.gov/transit/HeightsHopperShuttle.aspx","route_color":"#3178b5","route_text_color":"#ffffff","route_sort_order":3,"continuous_pickup":1,"continuous_drop_off":1}],"agency_name":"LA Go Bus"},"geometry":{"type":"Point","coordinates":[-117.96248,34.01056]}},{"type":"Feature","properties":{"stop_id":"2524993","stop_name":"Hacienda Blvd & Gale Ave Plaza","location_type":0,"stop_timezone":"America/Los_Angeles","wheelchair_boarding":0,"stop_city":"El Monte","routes":[{"route_id":"13053","agency_id":"1466","route_long_name":"Heights Hopper Shuttle","route_type":3,"route_url":"https://dpw.lacounty.gov/transit/HeightsHopperShuttle.aspx","route_color":"#3178b5","route_text_color":"#ffffff","route_sort_order":3,"continuous_pickup":1,"continuous_drop_off":1}],"agency_name":"LA Go Bus"},"geometry":{"type":"Point","coordinates":[-117.96321,34.01049]}},{"type":"Feature","properties":{"stop_id":"2524994","stop_name":"Hacienda Blvd & Three Palms St","location_type":0,"stop_timezone":"America/Los_Angeles","wheelchair_boarding":0,"stop_city":"El Monte","routes":[{"route_id":"13053","agency_id":"1466","route_long_name":"Heights Hopper Shuttle","route_type":3,"route_url":"https://dpw.lacounty.gov/transit/HeightsHopperShuttle.aspx","route_color":"#3178b5","route_text_color":"#ffffff","route_sort_order":3,"continuous_pickup":1,"continuous_drop_off":1}],"agency_name":"LA Go Bus"},"geometry":{"type":"Point","coordinates":[-117.96514,34.00503]}},{"type":"Feature","properties":{"stop_id":"2524995","stop_name":"Hacienda Blvd & Three Palms St","location_type":0,"stop_timezone":"America/Los_Angeles","wheelchair_boarding":0,"stop_city":"El Monte","routes":[{"route_id":"13053","agency_id":"1466","route_long_name":"Heights Hopper Shuttle","route_type":3,"route_url":"https://dpw.lacounty.gov/transit/HeightsHopperShuttle.aspx","route_color":"#3178b5","route_text_color":"#ffffff","route_sort_order":3,"continuous_pickup":1,"continuous_drop_off":1}],"agency_name":"LA Go Bus"},"geometry":{"type":"Point","coordinates":[-117.96482,34.0051]}},{"type":"Feature","properties":{"stop_id":"2524996","stop_name":"Hacienda Blvd & Lujon St","location_type":0,"stop_timezone":"America/Los_Angeles","wheelchair_boarding":0,"stop_city":"El Monte","routes":[{"route_id":"13053","agency_id":"1466","route_long_name":"Heights Hopper Shuttle","route_type":3,"route_url":"https://dpw.lacounty.gov/transit/HeightsHopperShuttle.aspx","route_color":"#3178b5","route_text_color":"#ffffff","route_sort_order":3,"continuous_pickup":1,"continuous_drop_off":1}],"agency_name":"LA Go Bus"},"geometry":{"type":"Point","coordinates":[-117.96641,34.00147]}},{"type":"Feature","properties":{"stop_id":"2524997","stop_name":"Hacienda Blvd & Lujon St","location_type":0,"stop_timezone":"America/Los_Angeles","wheelchair_boarding":0,"stop_city":"El Monte","routes":[{"route_id":"13053","agency_id":"1466","route_long_name":"Heights Hopper Shuttle","route_type":3,"route_url":"https://dpw.lacounty.gov/transit/HeightsHopperShuttle.aspx","route_color":"#3178b5","route_text_color":"#ffffff","route_sort_order":3,"continuous_pickup":1,"continuous_drop_off":1}],"agency_name":"LA Go Bus"},"geometry":{"type":"Point","coordinates":[-117.96627,34.00101]}},{"type":"Feature","properties":{"stop_id":"2524998","stop_name":"Hacienda Blvd & Halliburton Rd","location_type":0,"stop_timezone":"America/Los_Angeles","wheelchair_boarding":0,"stop_city":"El Monte","routes":[{"route_id":"13053","agency_id":"1466","route_long_name":"Heights Hopper Shuttle","route_type":3,"route_url":"https://dpw.lacounty.gov/transit/HeightsHopperShuttle.aspx","route_color":"#3178b5","route_text_color":"#ffffff","route_sort_order":3,"continuous_pickup":1,"continuous_drop_off":1}],"agency_name":"LA Go Bus"},"geometry":{"type":"Point","coordinates":[-117.9674,33.9978]}},{"type":"Feature","properties":{"stop_id":"2524999","stop_name":"Newton St & Hacienda Blvd","location_type":0,"stop_timezone":"America/Los_Angeles","wheelchair_boarding":0,"stop_city":"El Monte","routes":[{"route_id":"13053","agency_id":"1466","route_long_name":"Heights Hopper Shuttle","route_type":3,"route_url":"https://dpw.lacounty.gov/transit/HeightsHopperShuttle.aspx","route_color":"#3178b5","route_text_color":"#ffffff","route_sort_order":3,"continuous_pickup":1,"continuous_drop_off":1}],"agency_name":"LA Go Bus"},"geometry":{"type":"Point","coordinates":[-117.96817,33.99633]}},{"type":"Feature","properties":{"stop_id":"2525000","stop_name":"Newton St & Kiwis Ave","location_type":0,"stop_timezone":"America/Los_Angeles","wheelchair_boarding":0,"stop_city":"El Monte","routes":[{"route_id":"13053","agency_id":"1466","route_long_name":"Heights Hopper Shuttle","route_type":3,"route_url":"https://dpw.lacounty.gov/transit/HeightsHopperShuttle.aspx","route_color":"#3178b5","route_text_color":"#ffffff","route_sort_order":3,"continuous_pickup":1,"continuous_drop_off":1}],"agency_name":"LA Go Bus"},"geometry":{"type":"Point","coordinates":[-117.97351,33.99762]}},{"type":"Feature","properties":{"stop_id":"2525001","stop_name":"Kiwis Ave & Newton St","location_type":0,"stop_timezone":"America/Los_Angeles","wheelchair_boarding":0,"stop_city":"El Monte","routes":[{"route_id":"13053","agency_id":"1466","route_long_name":"Heights Hopper Shuttle","route_type":3,"route_url":"https://dpw.lacounty.gov/transit/HeightsHopperShuttle.aspx","route_color":"#3178b5","route_text_color":"#ffffff","route_sort_order":3,"continuous_pickup":1,"continuous_drop_off":1}],"agency_name":"LA Go Bus"},"geometry":{"type":"Point","coordinates":[-117.97423,33.99826]}},{"type":"Feature","properties":{"stop_id":"2525002","stop_name":"Kiwis Ave & Manzanita Park","location_type":0,"stop_timezone":"America/Los_Angeles","wheelchair_boarding":0,"stop_city":"El Monte","routes":[{"route_id":"13053","agency_id":"1466","route_long_name":"Heights Hopper Shuttle","route_type":3,"route_url":"https://dpw.lacounty.gov/transit/HeightsHopperShuttle.aspx","route_color":"#3178b5","route_text_color":"#ffffff","route_sort_order":3,"continuous_pickup":1,"continuous_drop_off":1}],"agency_name":"LA Go Bus"},"geometry":{"type":"Point","coordinates":[-117.97318,34.00202]}},{"type":"Feature","properties":{"stop_id":"2525003","stop_name":"Kiwis Ave & Manzanita Park","location_type":0,"stop_timezone":"America/Los_Angeles","wheelchair_boarding":0,"stop_city":"El Monte","routes":[{"route_id":"13053","agency_id":"1466","route_long_name":"Heights Hopper Shuttle","route_type":3,"route_url":"https://dpw.lacounty.gov/transit/HeightsHopperShuttle.aspx","route_color":"#3178b5","route_text_color":"#ffffff","route_sort_order":3,"continuous_pickup":1,"continuous_drop_off":1}],"agency_name":"LA Go Bus"},"geometry":{"type":"Point","coordinates":[-117.97317,34.00158]}},{"type":"Feature","properties":{"stop_id":"2525004","stop_name":"Los Robles Ave & Deerhaven Dr","location_type":0,"stop_timezone":"America/Los_Angeles","wheelchair_boarding":0,"stop_city":"El Monte","routes":[{"route_id":"13053","agency_id":"1466","route_long_name":"Heights Hopper Shuttle","route_type":3,"route_url":"https://dpw.lacounty.gov/transit/HeightsHopperShuttle.aspx","route_color":"#3178b5","route_text_color":"#ffffff","route_sort_order":3,"continuous_pickup":1,"continuous_drop_off":1}],"agency_name":"LA Go Bus"},"geometry":{"type":"Point","coordinates":[-117.97651,34.00676]}},{"type":"Feature","properties":{"stop_id":"2525005","stop_name":"Los Robles Ave & Copper Lantern Dr","location_type":0,"stop_timezone":"America/Los_Angeles","wheelchair_boarding":0,"stop_city":"El Monte","routes":[{"route_id":"13053","agency_id":"1466","route_long_name":"Heights Hopper Shuttle","route_type":3,"route_url":"https://dpw.lacounty.gov/transit/HeightsHopperShuttle.aspx","route_color":"#3178b5","route_text_color":"#ffffff","route_sort_order":3,"continuous_pickup":1,"continuous_drop_off":1}],"agency_name":"LA Go Bus"},"geometry":{"type":"Point","coordinates":[-117.97724,34.00719]}},{"type":"Feature","properties":{"stop_id":"2525006","stop_name":"Hacienda Heights Community Center","location_type":0,"stop_timezone":"America/Los_Angeles","wheelchair_boarding":0,"stop_city":"El Monte","routes":[{"route_id":"13053","agency_id":"1466","route_long_name":"Heights Hopper Shuttle","route_type":3,"route_url":"https://dpw.lacounty.gov/transit/HeightsHopperShuttle.aspx","route_color":"#3178b5","route_text_color":"#ffffff","route_sort_order":3,"continuous_pickup":1,"continuous_drop_off":1}],"agency_name":"LA Go Bus"},"geometry":{"type":"Point","coordinates":[-117.97951,34.01261]}},{"type":"Feature","properties":{"stop_id":"2525007","stop_name":"Turnbull Canyon Rd & Shadybend Dr","location_type":0,"stop_timezone":"America/Los_Angeles","wheelchair_boarding":0,"stop_city":"El Monte","routes":[{"route_id":"13053","agency_id":"1466","route_long_name":"Heights Hopper Shuttle","route_type":3,"route_url":"https://dpw.lacounty.gov/transit/HeightsHopperShuttle.aspx","route_color":"#3178b5","route_text_color":"#ffffff","route_sort_order":3,"continuous_pickup":1,"continuous_drop_off":1}],"agency_name":"LA Go Bus"},"geometry":{"type":"Point","coordinates":[-117.9771,34.01293]}},{"type":"Feature","properties":{"stop_id":"2525366","stop_name":"Aguiro St & Los Padres Dr","location_type":0,"stop_timezone":"America/Los_Angeles","wheelchair_boarding":0,"stop_city":"Rowland Heights","routes":[{"route_id":"13053","agency_id":"1466","route_long_name":"Heights Hopper Shuttle","route_type":3,"route_url":"https://dpw.lacounty.gov/transit/HeightsHopperShuttle.aspx","route_color":"#3178b5","route_text_color":"#ffffff","route_sort_order":3,"continuous_pickup":1,"continuous_drop_off":1}],"agency_name":"LA Go Bus"},"geometry":{"type":"Point","coordinates":[-117.89873,33.97314]}},{"type":"Feature","properties":{"stop_id":"2525367","stop_name":"Aguiro St & Los Padres Dr","location_type":0,"stop_timezone":"America/Los_Angeles","wheelchair_boarding":0,"stop_city":"Rowland Heights","routes":[{"route_id":"13053","agency_id":"1466","route_long_name":"Heights Hopper Shuttle","route_type":3,"route_url":"https://dpw.lacounty.gov/transit/HeightsHopperShuttle.aspx","route_color":"#3178b5","route_text_color":"#ffffff","route_sort_order":3,"continuous_pickup":1,"continuous_drop_off":1}],"agency_name":"LA Go Bus"},"geometry":{"type":"Point","coordinates":[-117.89859,33.97326]}},{"type":"Feature","properties":{"stop_id":"2525368","stop_name":"Countrywood Ave & Wedgeworth Dr","location_type":0,"stop_timezone":"America/Los_Angeles","wheelchair_boarding":0,"stop_city":"El Monte","routes":[{"route_id":"13053","agency_id":"1466","route_long_name":"Heights Hopper Shuttle","route_type":3,"route_url":"https://dpw.lacounty.gov/transit/HeightsHopperShuttle.aspx","route_color":"#3178b5","route_text_color":"#ffffff","route_sort_order":3,"continuous_pickup":1,"continuous_drop_off":1}],"agency_name":"LA Go Bus"},"geometry":{"type":"Point","coordinates":[-117.94415,33.99754]}},{"type":"Feature","properties":{"stop_id":"2525369","stop_name":"Gale Ave & Marchmont Ave","location_type":0,"stop_timezone":"America/Los_Angeles","wheelchair_boarding":0,"stop_city":"Rowland","routes":[{"route_id":"13053","agency_id":"1466","route_long_name":"Heights Hopper Shuttle","route_type":3,"route_url":"https://dpw.lacounty.gov/transit/HeightsHopperShuttle.aspx","route_color":"#3178b5","route_text_color":"#ffffff","route_sort_order":3,"continuous_pickup":1,"continuous_drop_off":1}],"agency_name":"LA Go Bus"},"geometry":{"type":"Point","coordinates":[-117.95904,34.00952]}},{"type":"Feature","properties":{"stop_id":"2525370","stop_name":"1st Ave & Amber Valley Dr","location_type":0,"stop_timezone":"America/Los_Angeles","wheelchair_boarding":0,"stop_city":"East La Mirada","routes":[{"route_id":"13060","agency_id":"1466","route_long_name":"Sunshine Shuttle Route B","route_type":3,"route_url":"https://dpw.lacounty.gov/transit/SWSunshineShuttle.aspx","route_color":"#4ebfec","route_text_color":"#000000","route_sort_order":11,"continuous_pickup":1,"continuous_drop_off":1}],"agency_name":"LA Go Bus"},"geometry":{"type":"Point","coordinates":[-117.985618,33.924307]}},{"type":"Feature","properties":{"stop_id":"2525371","stop_name":"1st Ave & Lambert Rd","location_type":0,"stop_timezone":"America/Los_Angeles","wheelchair_boarding":0,"stop_city":"East La Mirada","routes":[{"route_id":"13060","agency_id":"1466","route_long_name":"Sunshine Shuttle Route B","route_type":3,"route_url":"https://dpw.lacounty.gov/transit/SWSunshineShuttle.aspx","route_color":"#4ebfec","route_text_color":"#000000","route_sort_order":11,"continuous_pickup":1,"continuous_drop_off":1}],"agency_name":"LA Go Bus"},"geometry":{"type":"Point","coordinates":[-117.985573,33.928356]}},{"type":"Feature","properties":{"stop_id":"2525372","stop_name":"1st Ave & Candlelight Dr","location_type":0,"stop_timezone":"America/Los_Angeles","wheelchair_boarding":0,"stop_city":"East La Mirada","routes":[{"route_id":"13060","agency_id":"1466","route_long_name":"Sunshine Shuttle Route B","route_type":3,"route_url":"https://dpw.lacounty.gov/transit/SWSunshineShuttle.aspx","route_color":"#4ebfec","route_text_color":"#000000","route_sort_order":11,"continuous_pickup":1,"continuous_drop_off":1}],"agency_name":"LA Go Bus"},"geometry":{"type":"Point","coordinates":[-117.985424,33.921132]}},{"type":"Feature","properties":{"stop_id":"2525373","stop_name":"1st Ave & Whittier Bl","location_type":0,"stop_timezone":"America/Los_Angeles","wheelchair_boarding":0,"stop_city":"Whittier","routes":[{"route_id":"13060","agency_id":"1466","route_long_name":"Sunshine Shuttle Route B","route_type":3,"route_url":"https://dpw.lacounty.gov/transit/SWSunshineShuttle.aspx","route_color":"#4ebfec","route_text_color":"#000000","route_sort_order":11,"continuous_pickup":1,"continuous_drop_off":1}],"agency_name":"LA Go Bus"},"geometry":{"type":"Point","coordinates":[-117.985427,33.941079]}},{"type":"Feature","properties":{"stop_id":"2525374","stop_name":"Beaty Ave & Carmenita Rd","location_type":0,"stop_timezone":"America/Los_Angeles","wheelchair_boarding":0,"stop_city":"South Whittier","routes":[{"route_id":"13060","agency_id":"1466","route_long_name":"Sunshine Shuttle Route B","route_type":3,"route_url":"https://dpw.lacounty.gov/transit/SWSunshineShuttle.aspx","route_color":"#4ebfec","route_text_color":"#000000","route_sort_order":11,"continuous_pickup":1,"continuous_drop_off":1}],"agency_name":"LA Go Bus"},"geometry":{"type":"Point","coordinates":[-118.047422,33.924616]}},{"type":"Feature","properties":{"stop_id":"2525375","stop_name":"1st Ave & Leffingwell Rd","location_type":0,"stop_timezone":"America/Los_Angeles","wheelchair_boarding":0,"stop_city":"Whittier","routes":[{"route_id":"13060","agency_id":"1466","route_long_name":"Sunshine Shuttle Route B","route_type":3,"route_url":"https://dpw.lacounty.gov/transit/SWSunshineShuttle.aspx","route_color":"#4ebfec","route_text_color":"#000000","route_sort_order":11,"continuous_pickup":1,"continuous_drop_off":1}],"agency_name":"LA Go Bus"},"geometry":{"type":"Point","coordinates":[-117.985545,33.931563]}},{"type":"Feature","properties":{"stop_id":"2525376","stop_name":"Beaty Ave & Carmenita Rd","location_type":0,"stop_timezone":"America/Los_Angeles","wheelchair_boarding":0,"stop_city":"South Whittier","routes":[{"route_id":"13060","agency_id":"1466","route_long_name":"Sunshine Shuttle Route B","route_type":3,"route_url":"https://dpw.lacounty.gov/transit/SWSunshineShuttle.aspx","route_color":"#4ebfec","route_text_color":"#000000","route_sort_order":11,"continuous_pickup":1,"continuous_drop_off":1}],"agency_name":"LA Go Bus"},"geometry":{"type":"Point","coordinates":[-118.046836,33.92444]}},{"type":"Feature","properties":{"stop_id":"2525377","stop_name":"1st Ave & Imperial Hwy","location_type":0,"stop_timezone":"America/Los_Angeles","wheelchair_boarding":0,"stop_city":"East La Mirada","routes":[{"route_id":"13060","agency_id":"1466","route_long_name":"Sunshine Shuttle Route B","route_type":3,"route_url":"https://dpw.lacounty.gov/transit/SWSunshineShuttle.aspx","route_color":"#4ebfec","route_text_color":"#000000","route_sort_order":11,"continuous_pickup":1,"continuous_drop_off":1}],"agency_name":"LA Go Bus"},"geometry":{"type":"Point","coordinates":[-117.985449,33.917922]}},{"type":"Feature","properties":{"stop_id":"2525378","stop_name":"Beaty Ave & Laurel Av","location_type":0,"stop_timezone":"America/Los_Angeles","wheelchair_boarding":0,"stop_city":"South Whittier","routes":[{"route_id":"13060","agency_id":"1466","route_long_name":"Sunshine Shuttle Route B","route_type":3,"route_url":"https://dpw.lacounty.gov/transit/SWSunshineShuttle.aspx","route_color":"#4ebfec","route_text_color":"#000000","route_sort_order":11,"continuous_pickup":1,"continuous_drop_off":1}],"agency_name":"LA Go Bus"},"geometry":{"type":"Point","coordinates":[-118.050248,33.924567]}},{"type":"Feature","properties":{"stop_id":"2525379","stop_name":"1st Ave & Richvale Dr","location_type":0,"stop_timezone":"America/Los_Angeles","wheelchair_boarding":0,"stop_city":"East La Mirada","routes":[{"route_id":"13060","agency_id":"1466","route_long_name":"Sunshine Shuttle Route B","route_type":3,"route_url":"https://dpw.lacounty.gov/transit/SWSunshineShuttle.aspx","route_color":"#4ebfec","route_text_color":"#000000","route_sort_order":11,"continuous_pickup":1,"continuous_drop_off":1}],"agency_name":"LA Go Bus"},"geometry":{"type":"Point","coordinates":[-117.985345,33.928214]}},{"type":"Feature","properties":{"stop_id":"2525380","stop_name":"1st Ave & Candlelight Dr","location_type":0,"stop_timezone":"America/Los_Angeles","wheelchair_boarding":0,"stop_city":"East La Mirada","routes":[{"route_id":"13060","agency_id":"1466","route_long_name":"Sunshine Shuttle Route B","route_type":3,"route_url":"https://dpw.lacounty.gov/transit/SWSunshineShuttle.aspx","route_color":"#4ebfec","route_text_color":"#000000","route_sort_order":11,"continuous_pickup":1,"continuous_drop_off":1}],"agency_name":"LA Go Bus"},"geometry":{"type":"Point","coordinates":[-117.985656,33.920577]}},{"type":"Feature","properties":{"stop_id":"2525381","stop_name":"1st Ave & Amber Valley Dr","location_type":0,"stop_timezone":"America/Los_Angeles","wheelchair_boarding":0,"stop_city":"East La Mirada","routes":[{"route_id":"13060","agency_id":"1466","route_long_name":"Sunshine Shuttle Route B","route_type":3,"route_url":"https://dpw.lacounty.gov/transit/SWSunshineShuttle.aspx","route_color":"#4ebfec","route_text_color":"#000000","route_sort_order":11,"continuous_pickup":1,"continuous_drop_off":1}],"agency_name":"LA Go Bus"},"geometry":{"type":"Point","coordinates":[-117.98539,33.925076]}},{"type":"Feature","properties":{"stop_id":"2525382","stop_name":"1st Ave & Leffingwell Rd","location_type":0,"stop_timezone":"America/Los_Angeles","wheelchair_boarding":0,"stop_city":"Whittier","routes":[{"route_id":"13060","agency_id":"1466","route_long_name":"Sunshine Shuttle Route B","route_type":3,"route_url":"https://dpw.lacounty.gov/transit/SWSunshineShuttle.aspx","route_color":"#4ebfec","route_text_color":"#000000","route_sort_order":11,"continuous_pickup":1,"continuous_drop_off":1}],"agency_name":"LA Go Bus"},"geometry":{"type":"Point","coordinates":[-117.985304,33.932554]}},{"type":"Feature","properties":{"stop_id":"2525383","stop_name":"Beaty Ave & Laurel Av","location_type":0,"stop_timezone":"America/Los_Angeles","wheelchair_boarding":0,"stop_city":"South Whittier","routes":[{"route_id":"13060","agency_id":"1466","route_long_name":"Sunshine Shuttle Route B","route_type":3,"route_url":"https://dpw.lacounty.gov/transit/SWSunshineShuttle.aspx","route_color":"#4ebfec","route_text_color":"#000000","route_sort_order":11,"continuous_pickup":1,"continuous_drop_off":1}],"agency_name":"LA Go Bus"},"geometry":{"type":"Point","coordinates":[-118.050037,33.924416]}},{"type":"Feature","properties":{"stop_id":"2525384","stop_name":"1st Ave & Imperial Hwy","location_type":0,"stop_timezone":"America/Los_Angeles","wheelchair_boarding":0,"stop_city":"East La Mirada","routes":[{"route_id":"13060","agency_id":"1466","route_long_name":"Sunshine Shuttle Route B","route_type":3,"route_url":"https://dpw.lacounty.gov/transit/SWSunshineShuttle.aspx","route_color":"#4ebfec","route_text_color":"#000000","route_sort_order":11,"continuous_pickup":1,"continuous_drop_off":1}],"agency_name":"LA Go Bus"},"geometry":{"type":"Point","coordinates":[-117.986042,33.917441]}},{"type":"Feature","properties":{"stop_id":"2525385","stop_name":"Beaty Ave & Painter Av","location_type":0,"stop_timezone":"America/Los_Angeles","wheelchair_boarding":0,"stop_city":"South Whittier","routes":[{"route_id":"13060","agency_id":"1466","route_long_name":"Sunshine Shuttle Route B","route_type":3,"route_url":"https://dpw.lacounty.gov/transit/SWSunshineShuttle.aspx","route_color":"#4ebfec","route_text_color":"#000000","route_sort_order":11,"continuous_pickup":1,"continuous_drop_off":1}],"agency_name":"LA Go Bus"},"geometry":{"type":"Point","coordinates":[-118.053137,33.924573]}},{"type":"Feature","properties":{"stop_id":"2525386","stop_name":"Broadway & Ceres Ave","location_type":0,"stop_timezone":"America/Los_Angeles","wheelchair_boarding":0,"stop_city":"South Whittier","routes":[{"route_id":"13059","agency_id":"1466","route_long_name":"Sunshine Shuttle Route A","route_type":3,"route_url":"https://dpw.lacounty.gov/transit/SWSunshineShuttle.aspx","route_color":"#e3653e","route_text_color":"#ffffff","route_sort_order":10,"continuous_pickup":1,"continuous_drop_off":1}],"agency_name":"LA Go Bus"},"geometry":{"type":"Point","coordinates":[-118.025092,33.938207]}},{"type":"Feature","properties":{"stop_id":"2525387","stop_name":"Beaty Ave & Painter Av","location_type":0,"stop_timezone":"America/Los_Angeles","wheelchair_boarding":0,"stop_city":"South Whittier","routes":[{"route_id":"13060","agency_id":"1466","route_long_name":"Sunshine Shuttle Route B","route_type":3,"route_url":"https://dpw.lacounty.gov/transit/SWSunshineShuttle.aspx","route_color":"#4ebfec","route_text_color":"#000000","route_sort_order":11,"continuous_pickup":1,"continuous_drop_off":1}],"agency_name":"LA Go Bus"},"geometry":{"type":"Point","coordinates":[-118.05305,33.924394]}},{"type":"Feature","properties":{"stop_id":"2525388","stop_name":"Broadway Ave & Mills Ave","location_type":0,"stop_timezone":"America/Los_Angeles","wheelchair_boarding":0,"stop_city":"South Whittier","routes":[{"route_id":"13059","agency_id":"1466","route_long_name":"Sunshine Shuttle Route A","route_type":3,"route_url":"https://dpw.lacounty.gov/transit/SWSunshineShuttle.aspx","route_color":"#e3653e","route_text_color":"#ffffff","route_sort_order":10,"continuous_pickup":1,"continuous_drop_off":1}],"agency_name":"LA Go Bus"},"geometry":{"type":"Point","coordinates":[-118.029826,33.941631]}},{"type":"Feature","properties":{"stop_id":"2525389","stop_name":"Broadway Ave & Parise Dr","location_type":0,"stop_timezone":"America/Los_Angeles","wheelchair_boarding":0,"stop_city":"South Whittier","routes":[{"route_id":"13059","agency_id":"1466","route_long_name":"Sunshine Shuttle Route A","route_type":3,"route_url":"https://dpw.lacounty.gov/transit/SWSunshineShuttle.aspx","route_color":"#e3653e","route_text_color":"#ffffff","route_sort_order":10,"continuous_pickup":1,"continuous_drop_off":1}],"agency_name":"LA Go Bus"},"geometry":{"type":"Point","coordinates":[-118.022126,33.936315]}},{"type":"Feature","properties":{"stop_id":"2525390","stop_name":"Broadway Ave & Regatta Ave","location_type":0,"stop_timezone":"America/Los_Angeles","wheelchair_boarding":0,"stop_city":"South Whittier","routes":[{"route_id":"13059","agency_id":"1466","route_long_name":"Sunshine Shuttle Route A","route_type":3,"route_url":"https://dpw.lacounty.gov/transit/SWSunshineShuttle.aspx","route_color":"#e3653e","route_text_color":"#ffffff","route_sort_order":10,"continuous_pickup":1,"continuous_drop_off":1}],"agency_name":"LA Go Bus"},"geometry":{"type":"Point","coordinates":[-118.02625,33.93916]}},{"type":"Feature","properties":{"stop_id":"2525391","stop_name":"Broadway Ave & Victoria Ave","location_type":0,"stop_timezone":"America/Los_Angeles","wheelchair_boarding":0,"stop_city":"South Whittier","routes":[{"route_id":"13059","agency_id":"1466","route_long_name":"Sunshine Shuttle Route A","route_type":3,"route_url":"https://dpw.lacounty.gov/transit/SWSunshineShuttle.aspx","route_color":"#e3653e","route_text_color":"#ffffff","route_sort_order":10,"continuous_pickup":1,"continuous_drop_off":1}],"agency_name":"LA Go Bus"},"geometry":{"type":"Point","coordinates":[-118.028619,33.940618]}},{"type":"Feature","properties":{"stop_id":"2525392","stop_name":"Broadway Ave & Hadley St","location_type":0,"stop_timezone":"America/Los_Angeles","wheelchair_boarding":0,"stop_city":"West Whittier","routes":[{"route_id":"13059","agency_id":"1466","route_long_name":"Sunshine Shuttle Route A","route_type":3,"route_url":"https://dpw.lacounty.gov/transit/SWSunshineShuttle.aspx","route_color":"#e3653e","route_text_color":"#ffffff","route_sort_order":10,"continuous_pickup":1,"continuous_drop_off":1}],"agency_name":"LA Go Bus"},"geometry":{"type":"Point","coordinates":[-118.059394,33.982659]}},{"type":"Feature","properties":{"stop_id":"2525393","stop_name":"Broadway Ave & Hadley St","location_type":0,"stop_timezone":"America/Los_Angeles","wheelchair_boarding":0,"stop_city":"West Whittier","routes":[{"route_id":"13059","agency_id":"1466","route_long_name":"Sunshine Shuttle Route A","route_type":3,"route_url":"https://dpw.lacounty.gov/transit/SWSunshineShuttle.aspx","route_color":"#e3653e","route_text_color":"#ffffff","route_sort_order":10,"continuous_pickup":1,"continuous_drop_off":1}],"agency_name":"LA Go Bus"},"geometry":{"type":"Point","coordinates":[-118.060135,33.98243]}},{"type":"Feature","properties":{"stop_id":"2525394","stop_name":"Broadway Ave & Sorensen Park","location_type":0,"stop_timezone":"America/Los_Angeles","wheelchair_boarding":0,"stop_city":"West Whittier","routes":[{"route_id":"13059","agency_id":"1466","route_long_name":"Sunshine Shuttle Route A","route_type":3,"route_url":"https://dpw.lacounty.gov/transit/SWSunshineShuttle.aspx","route_color":"#e3653e","route_text_color":"#ffffff","route_sort_order":10,"continuous_pickup":1,"continuous_drop_off":1}],"agency_name":"LA Go Bus"},"geometry":{"type":"Point","coordinates":[-118.062493,33.979781]}},{"type":"Feature","properties":{"stop_id":"2525395","stop_name":"Broadway Ave & Sorensen Park","location_type":0,"stop_timezone":"America/Los_Angeles","wheelchair_boarding":0,"stop_city":"West Whittier","routes":[{"route_id":"13058","agency_id":"1466","route_long_name":"Sunshine Shuttle Route C","route_type":3,"route_url":"https://dpw.lacounty.gov/transit/SWSunshineShuttle.aspx","route_color":"#89bb73","route_text_color":"#000000","route_sort_order":9,"continuous_pickup":1,"continuous_drop_off":1},{"route_id":"13059","agency_id":"1466","route_long_name":"Sunshine Shuttle Route A","route_type":3,"route_url":"https://dpw.lacounty.gov/transit/SWSunshineShuttle.aspx","route_color":"#e3653e","route_text_color":"#ffffff","route_sort_order":10,"continuous_pickup":1,"continuous_drop_off":1}],"agency_name":"LA Go Bus"},"geometry":{"type":"Point","coordinates":[-118.062917,33.979622]}},{"type":"Feature","properties":{"stop_id":"2525396","stop_name":"Carmenita Rd & Florence Ave","location_type":0,"stop_timezone":"America/Los_Angeles","wheelchair_boarding":0,"stop_city":"Santa Fe Springs","routes":[{"route_id":"13059","agency_id":"1466","route_long_name":"Sunshine Shuttle Route A","route_type":3,"route_url":"https://dpw.lacounty.gov/transit/SWSunshineShuttle.aspx","route_color":"#e3653e","route_text_color":"#ffffff","route_sort_order":10,"continuous_pickup":1,"continuous_drop_off":1},{"route_id":"13060","agency_id":"1466","route_long_name":"Sunshine Shuttle Route B","route_type":3,"route_url":"https://dpw.lacounty.gov/transit/SWSunshineShuttle.aspx","route_color":"#4ebfec","route_text_color":"#000000","route_sort_order":11,"continuous_pickup":1,"continuous_drop_off":1}],"agency_name":"LA Go Bus"},"geometry":{"type":"Point","coordinates":[-118.04665,33.936491]}},{"type":"Feature","properties":{"stop_id":"2525397","stop_name":"Carmenita Rd & Gateway Plaza","location_type":0,"stop_timezone":"America/Los_Angeles","wheelchair_boarding":0,"stop_city":"Santa Fe Springs","routes":[{"route_id":"13059","agency_id":"1466","route_long_name":"Sunshine Shuttle Route A","route_type":3,"route_url":"https://dpw.lacounty.gov/transit/SWSunshineShuttle.aspx","route_color":"#e3653e","route_text_color":"#ffffff","route_sort_order":10,"continuous_pickup":1,"continuous_drop_off":1},{"route_id":"13060","agency_id":"1466","route_long_name":"Sunshine Shuttle Route B","route_type":3,"route_url":"https://dpw.lacounty.gov/transit/SWSunshineShuttle.aspx","route_color":"#4ebfec","route_text_color":"#000000","route_sort_order":11,"continuous_pickup":1,"continuous_drop_off":1}],"agency_name":"LA Go Bus"},"geometry":{"type":"Point","coordinates":[-118.046652,33.939716]}},{"type":"Feature","properties":{"stop_id":"2525398","stop_name":"Carmenita Rd & Gateway Plaza","location_type":0,"stop_timezone":"America/Los_Angeles","wheelchair_boarding":0,"stop_city":"Santa Fe Springs","routes":[{"route_id":"13059","agency_id":"1466","route_long_name":"Sunshine Shuttle Route A","route_type":3,"route_url":"https://dpw.lacounty.gov/transit/SWSunshineShuttle.aspx","route_color":"#e3653e","route_text_color":"#ffffff","route_sort_order":10,"continuous_pickup":1,"continuous_drop_off":1},{"route_id":"13060","agency_id":"1466","route_long_name":"Sunshine Shuttle Route B","route_type":3,"route_url":"https://dpw.lacounty.gov/transit/SWSunshineShuttle.aspx","route_color":"#4ebfec","route_text_color":"#000000","route_sort_order":11,"continuous_pickup":1,"continuous_drop_off":1}],"agency_name":"LA Go Bus"},"geometry":{"type":"Point","coordinates":[-118.046358,33.939837]}},{"type":"Feature","properties":{"stop_id":"2525399","stop_name":"Carmenita Rd & Lakeland Rd","location_type":0,"stop_timezone":"America/Los_Angeles","wheelchair_boarding":0,"stop_city":"Santa Fe Springs","routes":[{"route_id":"13059","agency_id":"1466","route_long_name":"Sunshine Shuttle Route A","route_type":3,"route_url":"https://dpw.lacounty.gov/transit/SWSunshineShuttle.aspx","route_color":"#e3653e","route_text_color":"#ffffff","route_sort_order":10,"continuous_pickup":1,"continuous_drop_off":1}],"agency_name":"LA Go Bus"},"geometry":{"type":"Point","coordinates":[-118.045896,33.931677]}},{"type":"Feature","properties":{"stop_id":"2525400","stop_name":"Carmenita Rd & Trumball St","location_type":0,"stop_timezone":"America/Los_Angeles","wheelchair_boarding":0,"stop_city":"South Whittier","routes":[{"route_id":"13059","agency_id":"1466","route_long_name":"Sunshine Shuttle Route A","route_type":3,"route_url":"https://dpw.lacounty.gov/transit/SWSunshineShuttle.aspx","route_color":"#e3653e","route_text_color":"#ffffff","route_sort_order":10,"continuous_pickup":1,"continuous_drop_off":1}],"agency_name":"LA Go Bus"},"geometry":{"type":"Point","coordinates":[-118.046638,33.943797]}},{"type":"Feature","properties":{"stop_id":"2525401","stop_name":"Carmenita Rd & Trumball St","location_type":0,"stop_timezone":"America/Los_Angeles","wheelchair_boarding":0,"stop_city":"South Whittier","routes":[{"route_id":"13059","agency_id":"1466","route_long_name":"Sunshine Shuttle Route A","route_type":3,"route_url":"https://dpw.lacounty.gov/transit/SWSunshineShuttle.aspx","route_color":"#e3653e","route_text_color":"#ffffff","route_sort_order":10,"continuous_pickup":1,"continuous_drop_off":1}],"agency_name":"LA Go Bus"},"geometry":{"type":"Point","coordinates":[-118.046356,33.944152]}},{"type":"Feature","properties":{"stop_id":"2525402","stop_name":"Colima Rd & Broadway Ave","location_type":0,"stop_timezone":"America/Los_Angeles","wheelchair_boarding":0,"stop_city":"South Whittier","routes":[{"route_id":"13059","agency_id":"1466","route_long_name":"Sunshine Shuttle Route A","route_type":3,"route_url":"https://dpw.lacounty.gov/transit/SWSunshineShuttle.aspx","route_color":"#e3653e","route_text_color":"#ffffff","route_sort_order":10,"continuous_pickup":1,"continuous_drop_off":1}],"agency_name":"LA Go Bus"},"geometry":{"type":"Point","coordinates":[-118.017592,33.934042]}},{"type":"Feature","properties":{"stop_id":"2525403","stop_name":"Colima Rd & Broadway Ave","location_type":0,"stop_timezone":"America/Los_Angeles","wheelchair_boarding":0,"stop_city":"South Whittier","routes":[{"route_id":"13059","agency_id":"1466","route_long_name":"Sunshine Shuttle Route A","route_type":3,"route_url":"https://dpw.lacounty.gov/transit/SWSunshineShuttle.aspx","route_color":"#e3653e","route_text_color":"#ffffff","route_sort_order":10,"continuous_pickup":1,"continuous_drop_off":1}],"agency_name":"LA Go Bus"},"geometry":{"type":"Point","coordinates":[-118.018064,33.933693]}},{"type":"Feature","properties":{"stop_id":"2525404","stop_name":"Gunn Ave & Adventure County Park","location_type":0,"stop_timezone":"America/Los_Angeles","wheelchair_boarding":0,"stop_city":"Santa Fe Springs","routes":[{"route_id":"13059","agency_id":"1466","route_long_name":"Sunshine Shuttle Route A","route_type":3,"route_url":"https://dpw.lacounty.gov/transit/SWSunshineShuttle.aspx","route_color":"#e3653e","route_text_color":"#ffffff","route_sort_order":10,"continuous_pickup":1,"continuous_drop_off":1}],"agency_name":"LA Go Bus"},"geometry":{"type":"Point","coordinates":[-118.036718,33.942962]}},{"type":"Feature","properties":{"stop_id":"2525405","stop_name":"Gunn Ave & Mulberry Dr","location_type":0,"stop_timezone":"America/Los_Angeles","wheelchair_boarding":0,"stop_city":"Santa Fe Springs","routes":[{"route_id":"13059","agency_id":"1466","route_long_name":"Sunshine Shuttle Route A","route_type":3,"route_url":"https://dpw.lacounty.gov/transit/SWSunshineShuttle.aspx","route_color":"#e3653e","route_text_color":"#ffffff","route_sort_order":10,"continuous_pickup":1,"continuous_drop_off":1}],"agency_name":"LA Go Bus"},"geometry":{"type":"Point","coordinates":[-118.03142,33.945513]}},{"type":"Feature","properties":{"stop_id":"2525406","stop_name":"Gunn Ave & Mulberry Dr","location_type":0,"stop_timezone":"America/Los_Angeles","wheelchair_boarding":0,"stop_city":"Santa Fe Springs","routes":[{"route_id":"13059","agency_id":"1466","route_long_name":"Sunshine Shuttle Route A","route_type":3,"route_url":"https://dpw.lacounty.gov/transit/SWSunshineShuttle.aspx","route_color":"#e3653e","route_text_color":"#ffffff","route_sort_order":10,"continuous_pickup":1,"continuous_drop_off":1}],"agency_name":"LA Go Bus"},"geometry":{"type":"Point","coordinates":[-118.031746,33.9455]}},{"type":"Feature","properties":{"stop_id":"2525407","stop_name":"Gunn Ave & Reis St","location_type":0,"stop_timezone":"America/Los_Angeles","wheelchair_boarding":0,"stop_city":"Santa Fe Springs","routes":[{"route_id":"13059","agency_id":"1466","route_long_name":"Sunshine Shuttle Route A","route_type":3,"route_url":"https://dpw.lacounty.gov/transit/SWSunshineShuttle.aspx","route_color":"#e3653e","route_text_color":"#ffffff","route_sort_order":10,"continuous_pickup":1,"continuous_drop_off":1}],"agency_name":"LA Go Bus"},"geometry":{"type":"Point","coordinates":[-118.036729,33.942821]}},{"type":"Feature","properties":{"stop_id":"2525408","stop_name":"Gunn Ave & Telegraph Rd","location_type":0,"stop_timezone":"America/Los_Angeles","wheelchair_boarding":0,"stop_city":"Santa Fe Springs","routes":[{"route_id":"13059","agency_id":"1466","route_long_name":"Sunshine Shuttle Route A","route_type":3,"route_url":"https://dpw.lacounty.gov/transit/SWSunshineShuttle.aspx","route_color":"#e3653e","route_text_color":"#ffffff","route_sort_order":10,"continuous_pickup":1,"continuous_drop_off":1}],"agency_name":"LA Go Bus"},"geometry":{"type":"Point","coordinates":[-118.043759,33.939375]}},{"type":"Feature","properties":{"stop_id":"2525409","stop_name":"Gunn Ave & Telegraph Rd","location_type":0,"stop_timezone":"America/Los_Angeles","wheelchair_boarding":0,"stop_city":"Santa Fe Springs","routes":[{"route_id":"13059","agency_id":"1466","route_long_name":"Sunshine Shuttle Route A","route_type":3,"route_url":"https://dpw.lacounty.gov/transit/SWSunshineShuttle.aspx","route_color":"#e3653e","route_text_color":"#ffffff","route_sort_order":10,"continuous_pickup":1,"continuous_drop_off":1}],"agency_name":"LA Go Bus"},"geometry":{"type":"Point","coordinates":[-118.044022,33.939105]}},{"type":"Feature","properties":{"stop_id":"2525410","stop_name":"Hadley St & Prather Ave","location_type":0,"stop_timezone":"America/Los_Angeles","wheelchair_boarding":0,"stop_city":"Whittier","routes":[{"route_id":"13059","agency_id":"1466","route_long_name":"Sunshine Shuttle Route A","route_type":3,"route_url":"https://dpw.lacounty.gov/transit/SWSunshineShuttle.aspx","route_color":"#e3653e","route_text_color":"#ffffff","route_sort_order":10,"continuous_pickup":1,"continuous_drop_off":1}],"agency_name":"LA Go Bus"},"geometry":{"type":"Point","coordinates":[-118.054747,33.982828]}},{"type":"Feature","properties":{"stop_id":"2525411","stop_name":"Hadley St & Whittier Blvd","location_type":0,"stop_timezone":"America/Los_Angeles","wheelchair_boarding":0,"stop_city":"Whittier","routes":[{"route_id":"13059","agency_id":"1466","route_long_name":"Sunshine Shuttle Route A","route_type":3,"route_url":"https://dpw.lacounty.gov/transit/SWSunshineShuttle.aspx","route_color":"#e3653e","route_text_color":"#ffffff","route_sort_order":10,"continuous_pickup":1,"continuous_drop_off":1}],"agency_name":"LA Go Bus"},"geometry":{"type":"Point","coordinates":[-118.053999,33.982661]}},{"type":"Feature","properties":{"stop_id":"2525412","stop_name":"Imperial Hwy & Grovedale Dr","location_type":0,"stop_timezone":"America/Los_Angeles","wheelchair_boarding":0,"stop_city":"East La Mirada","routes":[{"route_id":"13060","agency_id":"1466","route_long_name":"Sunshine Shuttle Route B","route_type":3,"route_url":"https://dpw.lacounty.gov/transit/SWSunshineShuttle.aspx","route_color":"#4ebfec","route_text_color":"#000000","route_sort_order":11,"continuous_pickup":1,"continuous_drop_off":1}],"agency_name":"LA Go Bus"},"geometry":{"type":"Point","coordinates":[-117.988609,33.917425]}},{"type":"Feature","properties":{"stop_id":"2525413","stop_name":"Imperial Hwy & Grovedale Dr","location_type":0,"stop_timezone":"America/Los_Angeles","wheelchair_boarding":0,"stop_city":"La Mirada","routes":[{"route_id":"13060","agency_id":"1466","route_long_name":"Sunshine Shuttle Route B","route_type":3,"route_url":"https://dpw.lacounty.gov/transit/SWSunshineShuttle.aspx","route_color":"#4ebfec","route_text_color":"#000000","route_sort_order":11,"continuous_pickup":1,"continuous_drop_off":1}],"agency_name":"LA Go Bus"},"geometry":{"type":"Point","coordinates":[-117.989,33.917192]}},{"type":"Feature","properties":{"stop_id":"2525414","stop_name":"Imperial Hwy & Valley View Ave","location_type":0,"stop_timezone":"America/Los_Angeles","wheelchair_boarding":0,"stop_city":"South Whittier","routes":[{"route_id":"13060","agency_id":"1466","route_long_name":"Sunshine Shuttle Route B","route_type":3,"route_url":"https://dpw.lacounty.gov/transit/SWSunshineShuttle.aspx","route_color":"#4ebfec","route_text_color":"#000000","route_sort_order":11,"continuous_pickup":1,"continuous_drop_off":1}],"agency_name":"LA Go Bus"},"geometry":{"type":"Point","coordinates":[-118.029794,33.917208]}},{"type":"Feature","properties":{"stop_id":"2525415","stop_name":"Lakeland Rd & Carmenita Rd","location_type":0,"stop_timezone":"America/Los_Angeles","wheelchair_boarding":0,"stop_city":"Santa Fe Springs","routes":[{"route_id":"13059","agency_id":"1466","route_long_name":"Sunshine Shuttle Route A","route_type":3,"route_url":"https://dpw.lacounty.gov/transit/SWSunshineShuttle.aspx","route_color":"#e3653e","route_text_color":"#ffffff","route_sort_order":10,"continuous_pickup":1,"continuous_drop_off":1}],"agency_name":"LA Go Bus"},"geometry":{"type":"Point","coordinates":[-118.045943,33.931801]}},{"type":"Feature","properties":{"stop_id":"2525416","stop_name":"Lakeland Rd & Inez St","location_type":0,"stop_timezone":"America/Los_Angeles","wheelchair_boarding":0,"stop_city":"Santa Fe Springs","routes":[{"route_id":"13059","agency_id":"1466","route_long_name":"Sunshine Shuttle Route A","route_type":3,"route_url":"https://dpw.lacounty.gov/transit/SWSunshineShuttle.aspx","route_color":"#e3653e","route_text_color":"#ffffff","route_sort_order":10,"continuous_pickup":1,"continuous_drop_off":1}],"agency_name":"LA Go Bus"},"geometry":{"type":"Point","coordinates":[-118.043934,33.931677]}},{"type":"Feature","properties":{"stop_id":"2525417","stop_name":"Lakeland Rd & Inez St","location_type":0,"stop_timezone":"America/Los_Angeles","wheelchair_boarding":0,"stop_city":"Santa Fe Springs","routes":[{"route_id":"13059","agency_id":"1466","route_long_name":"Sunshine Shuttle Route A","route_type":3,"route_url":"https://dpw.lacounty.gov/transit/SWSunshineShuttle.aspx","route_color":"#e3653e","route_text_color":"#ffffff","route_sort_order":10,"continuous_pickup":1,"continuous_drop_off":1}],"agency_name":"LA Go Bus"},"geometry":{"type":"Point","coordinates":[-118.043948,33.931801]}},{"type":"Feature","properties":{"stop_id":"2525418","stop_name":"Lakeland Rd & Leland Ave","location_type":0,"stop_timezone":"America/Los_Angeles","wheelchair_boarding":0,"stop_city":"Santa Fe Springs","routes":[{"route_id":"13059","agency_id":"1466","route_long_name":"Sunshine Shuttle Route A","route_type":3,"route_url":"https://dpw.lacounty.gov/transit/SWSunshineShuttle.aspx","route_color":"#e3653e","route_text_color":"#ffffff","route_sort_order":10,"continuous_pickup":1,"continuous_drop_off":1}],"agency_name":"LA Go Bus"},"geometry":{"type":"Point","coordinates":[-118.042271,33.931679]}},{"type":"Feature","properties":{"stop_id":"2525419","stop_name":"Lakeland Rd & Leland Ave","location_type":0,"stop_timezone":"America/Los_Angeles","wheelchair_boarding":0,"stop_city":"Santa Fe Springs","routes":[{"route_id":"13059","agency_id":"1466","route_long_name":"Sunshine Shuttle Route A","route_type":3,"route_url":"https://dpw.lacounty.gov/transit/SWSunshineShuttle.aspx","route_color":"#e3653e","route_text_color":"#ffffff","route_sort_order":10,"continuous_pickup":1,"continuous_drop_off":1}],"agency_name":"LA Go Bus"},"geometry":{"type":"Point","coordinates":[-118.042234,33.931808]}},{"type":"Feature","properties":{"stop_id":"2525420","stop_name":"Laurel Ave & Florence Ave","location_type":0,"stop_timezone":"America/Los_Angeles","wheelchair_boarding":0,"stop_city":"Santa Fe Springs","routes":[{"route_id":"13059","agency_id":"1466","route_long_name":"Sunshine Shuttle Route A","route_type":3,"route_url":"https://dpw.lacounty.gov/transit/SWSunshineShuttle.aspx","route_color":"#e3653e","route_text_color":"#ffffff","route_sort_order":10,"continuous_pickup":1,"continuous_drop_off":1},{"route_id":"13060","agency_id":"1466","route_long_name":"Sunshine Shuttle Route B","route_type":3,"route_url":"https://dpw.lacounty.gov/transit/SWSunshineShuttle.aspx","route_color":"#4ebfec","route_text_color":"#000000","route_sort_order":11,"continuous_pickup":1,"continuous_drop_off":1}],"agency_name":"LA Go Bus"},"geometry":{"type":"Point","coordinates":[-118.04895,33.935506]}},{"type":"Feature","properties":{"stop_id":"2525421","stop_name":"Laurel Ave & Florence Ave","location_type":0,"stop_timezone":"America/Los_Angeles","wheelchair_boarding":0,"stop_city":"Santa Fe Springs","routes":[{"route_id":"13059","agency_id":"1466","route_long_name":"Sunshine Shuttle Route A","route_type":3,"route_url":"https://dpw.lacounty.gov/transit/SWSunshineShuttle.aspx","route_color":"#e3653e","route_text_color":"#ffffff","route_sort_order":10,"continuous_pickup":1,"continuous_drop_off":1},{"route_id":"13060","agency_id":"1466","route_long_name":"Sunshine Shuttle Route B","route_type":3,"route_url":"https://dpw.lacounty.gov/transit/SWSunshineShuttle.aspx","route_color":"#4ebfec","route_text_color":"#000000","route_sort_order":11,"continuous_pickup":1,"continuous_drop_off":1}],"agency_name":"LA Go Bus"},"geometry":{"type":"Point","coordinates":[-118.048763,33.935564]}},{"type":"Feature","properties":{"stop_id":"2525422","stop_name":"Laurel Ave & Lakeland Rd","location_type":0,"stop_timezone":"America/Los_Angeles","wheelchair_boarding":0,"stop_city":"Santa Fe Springs","routes":[{"route_id":"13059","agency_id":"1466","route_long_name":"Sunshine Shuttle Route A","route_type":3,"route_url":"https://dpw.lacounty.gov/transit/SWSunshineShuttle.aspx","route_color":"#e3653e","route_text_color":"#ffffff","route_sort_order":10,"continuous_pickup":1,"continuous_drop_off":1},{"route_id":"13060","agency_id":"1466","route_long_name":"Sunshine Shuttle Route B","route_type":3,"route_url":"https://dpw.lacounty.gov/transit/SWSunshineShuttle.aspx","route_color":"#4ebfec","route_text_color":"#000000","route_sort_order":11,"continuous_pickup":1,"continuous_drop_off":1}],"agency_name":"LA Go Bus"},"geometry":{"type":"Point","coordinates":[-118.048758,33.932179]}},{"type":"Feature","properties":{"stop_id":"2525423","stop_name":"Laurel Ave & Meyer Rd","location_type":0,"stop_timezone":"America/Los_Angeles","wheelchair_boarding":0,"stop_city":"South Whittier","routes":[{"route_id":"13060","agency_id":"1466","route_long_name":"Sunshine Shuttle Route B","route_type":3,"route_url":"https://dpw.lacounty.gov/transit/SWSunshineShuttle.aspx","route_color":"#4ebfec","route_text_color":"#000000","route_sort_order":11,"continuous_pickup":1,"continuous_drop_off":1}],"agency_name":"LA Go Bus"},"geometry":{"type":"Point","coordinates":[-118.048859,33.928066]}},{"type":"Feature","properties":{"stop_id":"2525424","stop_name":"Laurel Ave & Meyer Rd","location_type":0,"stop_timezone":"America/Los_Angeles","wheelchair_boarding":0,"stop_city":"South Whittier","routes":[{"route_id":"13060","agency_id":"1466","route_long_name":"Sunshine Shuttle Route B","route_type":3,"route_url":"https://dpw.lacounty.gov/transit/SWSunshineShuttle.aspx","route_color":"#4ebfec","route_text_color":"#000000","route_sort_order":11,"continuous_pickup":1,"continuous_drop_off":1}],"agency_name":"LA Go Bus"},"geometry":{"type":"Point","coordinates":[-118.049188,33.927911]}},{"type":"Feature","properties":{"stop_id":"2525425","stop_name":"Laurel Ave & Virginia Ave","location_type":0,"stop_timezone":"America/Los_Angeles","wheelchair_boarding":0,"stop_city":"Santa Fe Springs","routes":[{"route_id":"13060","agency_id":"1466","route_long_name":"Sunshine Shuttle Route B","route_type":3,"route_url":"https://dpw.lacounty.gov/transit/SWSunshineShuttle.aspx","route_color":"#4ebfec","route_text_color":"#000000","route_sort_order":11,"continuous_pickup":1,"continuous_drop_off":1}],"agency_name":"LA Go Bus"},"geometry":{"type":"Point","coordinates":[-118.048767,33.930415]}},{"type":"Feature","properties":{"stop_id":"2525426","stop_name":"Laurel Ave & Virginia Ave","location_type":0,"stop_timezone":"America/Los_Angeles","wheelchair_boarding":0,"stop_city":"South Whittier","routes":[{"route_id":"13060","agency_id":"1466","route_long_name":"Sunshine Shuttle Route B","route_type":3,"route_url":"https://dpw.lacounty.gov/transit/SWSunshineShuttle.aspx","route_color":"#4ebfec","route_text_color":"#000000","route_sort_order":11,"continuous_pickup":1,"continuous_drop_off":1}],"agency_name":"LA Go Bus"},"geometry":{"type":"Point","coordinates":[-118.048916,33.930064]}},{"type":"Feature","properties":{"stop_id":"2525427","stop_name":"Leffingwell Rd & Arroyo Dr","location_type":0,"stop_timezone":"America/Los_Angeles","wheelchair_boarding":0,"stop_city":"Leffingwell","routes":[{"route_id":"13060","agency_id":"1466","route_long_name":"Sunshine Shuttle Route B","route_type":3,"route_url":"https://dpw.lacounty.gov/transit/SWSunshineShuttle.aspx","route_color":"#4ebfec","route_text_color":"#000000","route_sort_order":11,"continuous_pickup":1,"continuous_drop_off":1}],"agency_name":"LA Go Bus"},"geometry":{"type":"Point","coordinates":[-118.015665,33.926073]}},{"type":"Feature","properties":{"stop_id":"2525428","stop_name":"Leffingwell Rd & Arroyo Dr","location_type":0,"stop_timezone":"America/Los_Angeles","wheelchair_boarding":0,"stop_city":"La Mirada","routes":[{"route_id":"13060","agency_id":"1466","route_long_name":"Sunshine Shuttle Route B","route_type":3,"route_url":"https://dpw.lacounty.gov/transit/SWSunshineShuttle.aspx","route_color":"#4ebfec","route_text_color":"#000000","route_sort_order":11,"continuous_pickup":1,"continuous_drop_off":1}],"agency_name":"LA Go Bus"},"geometry":{"type":"Point","coordinates":[-118.015586,33.925841]}},{"type":"Feature","properties":{"stop_id":"2525429","stop_name":"Leffingwell Rd & Carmenita Rd","location_type":0,"stop_timezone":"America/Los_Angeles","wheelchair_boarding":0,"stop_city":"South Whittier","routes":[{"route_id":"13060","agency_id":"1466","route_long_name":"Sunshine Shuttle Route B","route_type":3,"route_url":"https://dpw.lacounty.gov/transit/SWSunshineShuttle.aspx","route_color":"#4ebfec","route_text_color":"#000000","route_sort_order":11,"continuous_pickup":1,"continuous_drop_off":1}],"agency_name":"LA Go Bus"},"geometry":{"type":"Point","coordinates":[-118.046349,33.91899]}},{"type":"Feature","properties":{"stop_id":"2525430","stop_name":"Leffingwell Rd & Carmenita Rd","location_type":0,"stop_timezone":"America/Los_Angeles","wheelchair_boarding":0,"stop_city":"South Whittier","routes":[{"route_id":"13060","agency_id":"1466","route_long_name":"Sunshine Shuttle Route B","route_type":3,"route_url":"https://dpw.lacounty.gov/transit/SWSunshineShuttle.aspx","route_color":"#4ebfec","route_text_color":"#000000","route_sort_order":11,"continuous_pickup":1,"continuous_drop_off":1}],"agency_name":"LA Go Bus"},"geometry":{"type":"Point","coordinates":[-118.046188,33.918774]}},{"type":"Feature","properties":{"stop_id":"2525431","stop_name":"Leffingwell Rd & Kibbee Ave","location_type":0,"stop_timezone":"America/Los_Angeles","wheelchair_boarding":0,"stop_city":"Whittier","routes":[{"route_id":"13060","agency_id":"1466","route_long_name":"Sunshine Shuttle Route B","route_type":3,"route_url":"https://dpw.lacounty.gov/transit/SWSunshineShuttle.aspx","route_color":"#4ebfec","route_text_color":"#000000","route_sort_order":11,"continuous_pickup":1,"continuous_drop_off":1}],"agency_name":"LA Go Bus"},"geometry":{"type":"Point","coordinates":[-117.997002,33.930445]}},{"type":"Feature","properties":{"stop_id":"2525432","stop_name":"Leffingwell Rd & Kibbee Ave","location_type":0,"stop_timezone":"America/Los_Angeles","wheelchair_boarding":0,"stop_city":"Leffingwell","routes":[{"route_id":"13060","agency_id":"1466","route_long_name":"Sunshine Shuttle Route B","route_type":3,"route_url":"https://dpw.lacounty.gov/transit/SWSunshineShuttle.aspx","route_color":"#4ebfec","route_text_color":"#000000","route_sort_order":11,"continuous_pickup":1,"continuous_drop_off":1}],"agency_name":"LA Go Bus"},"geometry":{"type":"Point","coordinates":[-117.997178,33.93015]}},{"type":"Feature","properties":{"stop_id":"2525433","stop_name":"Leffingwell Rd & La Mirada Blvd","location_type":0,"stop_timezone":"America/Los_Angeles","wheelchair_boarding":0,"stop_city":"Leffingwell","routes":[{"route_id":"13060","agency_id":"1466","route_long_name":"Sunshine Shuttle Route B","route_type":3,"route_url":"https://dpw.lacounty.gov/transit/SWSunshineShuttle.aspx","route_color":"#4ebfec","route_text_color":"#000000","route_sort_order":11,"continuous_pickup":1,"continuous_drop_off":1}],"agency_name":"LA Go Bus"},"geometry":{"type":"Point","coordinates":[-118.012376,33.926821]}},{"type":"Feature","properties":{"stop_id":"2525434","stop_name":"Leffingwell Rd & La Mirada Blvd","location_type":0,"stop_timezone":"America/Los_Angeles","wheelchair_boarding":0,"stop_city":"Leffingwell","routes":[{"route_id":"13060","agency_id":"1466","route_long_name":"Sunshine Shuttle Route B","route_type":3,"route_url":"https://dpw.lacounty.gov/transit/SWSunshineShuttle.aspx","route_color":"#4ebfec","route_text_color":"#000000","route_sort_order":11,"continuous_pickup":1,"continuous_drop_off":1}],"agency_name":"LA Go Bus"},"geometry":{"type":"Point","coordinates":[-118.011533,33.92677]}},{"type":"Feature","properties":{"stop_id":"2525435","stop_name":"Leffingwell Rd & Meyer Rd","location_type":0,"stop_timezone":"America/Los_Angeles","wheelchair_boarding":0,"stop_city":"South Whittier","routes":[{"route_id":"13060","agency_id":"1466","route_long_name":"Sunshine Shuttle Route B","route_type":3,"route_url":"https://dpw.lacounty.gov/transit/SWSunshineShuttle.aspx","route_color":"#4ebfec","route_text_color":"#000000","route_sort_order":11,"continuous_pickup":1,"continuous_drop_off":1}],"agency_name":"LA Go Bus"},"geometry":{"type":"Point","coordinates":[-118.038824,33.920739]}},{"type":"Feature","properties":{"stop_id":"2525436","stop_name":"Leffingwell Rd & Meyer Rd","location_type":0,"stop_timezone":"America/Los_Angeles","wheelchair_boarding":0,"stop_city":"South Whittier","routes":[{"route_id":"13060","agency_id":"1466","route_long_name":"Sunshine Shuttle Route B","route_type":3,"route_url":"https://dpw.lacounty.gov/transit/SWSunshineShuttle.aspx","route_color":"#4ebfec","route_text_color":"#000000","route_sort_order":11,"continuous_pickup":1,"continuous_drop_off":1}],"agency_name":"LA Go Bus"},"geometry":{"type":"Point","coordinates":[-118.038039,33.920636]}},{"type":"Feature","properties":{"stop_id":"2525437","stop_name":"Leffingwell Rd & Santa Gertrudes Ave","location_type":0,"stop_timezone":"America/Los_Angeles","wheelchair_boarding":0,"stop_city":"Whittier","routes":[{"route_id":"13060","agency_id":"1466","route_long_name":"Sunshine Shuttle Route B","route_type":3,"route_url":"https://dpw.lacounty.gov/transit/SWSunshineShuttle.aspx","route_color":"#4ebfec","route_text_color":"#000000","route_sort_order":11,"continuous_pickup":1,"continuous_drop_off":1}],"agency_name":"LA Go Bus"},"geometry":{"type":"Point","coordinates":[-117.993756,33.930939]}},{"type":"Feature","properties":{"stop_id":"2525438","stop_name":"Leffingwell Rd & Scott Ave","location_type":0,"stop_timezone":"America/Los_Angeles","wheelchair_boarding":0,"stop_city":"Whittier","routes":[{"route_id":"13060","agency_id":"1466","route_long_name":"Sunshine Shuttle Route B","route_type":3,"route_url":"https://dpw.lacounty.gov/transit/SWSunshineShuttle.aspx","route_color":"#4ebfec","route_text_color":"#000000","route_sort_order":11,"continuous_pickup":1,"continuous_drop_off":1}],"agency_name":"LA Go Bus"},"geometry":{"type":"Point","coordinates":[-118.000629,33.929587]}},{"type":"Feature","properties":{"stop_id":"2525439","stop_name":"Leffingwell Rd & Scott Ave","location_type":0,"stop_timezone":"America/Los_Angeles","wheelchair_boarding":0,"stop_city":"Leffingwell","routes":[{"route_id":"13060","agency_id":"1466","route_long_name":"Sunshine Shuttle Route B","route_type":3,"route_url":"https://dpw.lacounty.gov/transit/SWSunshineShuttle.aspx","route_color":"#4ebfec","route_text_color":"#000000","route_sort_order":11,"continuous_pickup":1,"continuous_drop_off":1}],"agency_name":"LA Go Bus"},"geometry":{"type":"Point","coordinates":[-118.001046,33.929216]}},{"type":"Feature","properties":{"stop_id":"2525440","stop_name":"Leffingwell Rd & Stamy Rd","location_type":0,"stop_timezone":"America/Los_Angeles","wheelchair_boarding":0,"stop_city":"Leffingwell","routes":[{"route_id":"13060","agency_id":"1466","route_long_name":"Sunshine Shuttle Route B","route_type":3,"route_url":"https://dpw.lacounty.gov/transit/SWSunshineShuttle.aspx","route_color":"#4ebfec","route_text_color":"#000000","route_sort_order":11,"continuous_pickup":1,"continuous_drop_off":1}],"agency_name":"LA Go Bus"},"geometry":{"type":"Point","coordinates":[-118.006127,33.92827]}},{"type":"Feature","properties":{"stop_id":"2525441","stop_name":"Leffingwell Rd & Stamy Rd","location_type":0,"stop_timezone":"America/Los_Angeles","wheelchair_boarding":0,"stop_city":"Leffingwell","routes":[{"route_id":"13060","agency_id":"1466","route_long_name":"Sunshine Shuttle Route B","route_type":3,"route_url":"https://dpw.lacounty.gov/transit/SWSunshineShuttle.aspx","route_color":"#4ebfec","route_text_color":"#000000","route_sort_order":11,"continuous_pickup":1,"continuous_drop_off":1}],"agency_name":"LA Go Bus"},"geometry":{"type":"Point","coordinates":[-118.00542,33.928171]}},{"type":"Feature","properties":{"stop_id":"2525442","stop_name":"Leffingwell Rd & Telegraph Rd","location_type":0,"stop_timezone":"America/Los_Angeles","wheelchair_boarding":0,"stop_city":"South Whittier","routes":[{"route_id":"13060","agency_id":"1466","route_long_name":"Sunshine Shuttle Route B","route_type":3,"route_url":"https://dpw.lacounty.gov/transit/SWSunshineShuttle.aspx","route_color":"#4ebfec","route_text_color":"#000000","route_sort_order":11,"continuous_pickup":1,"continuous_drop_off":1}],"agency_name":"LA Go Bus"},"geometry":{"type":"Point","coordinates":[-118.023077,33.924363]}},{"type":"Feature","properties":{"stop_id":"2525443","stop_name":"Leffingwell Rd & Telegraph Rd","location_type":0,"stop_timezone":"America/Los_Angeles","wheelchair_boarding":0,"stop_city":"La Mirada","routes":[{"route_id":"13060","agency_id":"1466","route_long_name":"Sunshine Shuttle Route B","route_type":3,"route_url":"https://dpw.lacounty.gov/transit/SWSunshineShuttle.aspx","route_color":"#4ebfec","route_text_color":"#000000","route_sort_order":11,"continuous_pickup":1,"continuous_drop_off":1}],"agency_name":"LA Go Bus"},"geometry":{"type":"Point","coordinates":[-118.022459,33.924255]}},{"type":"Feature","properties":{"stop_id":"2525444","stop_name":"Leffingwell Rd & Toerge Dr","location_type":0,"stop_timezone":"America/Los_Angeles","wheelchair_boarding":0,"stop_city":"Leffingwell","routes":[{"route_id":"13060","agency_id":"1466","route_long_name":"Sunshine Shuttle Route B","route_type":3,"route_url":"https://dpw.lacounty.gov/transit/SWSunshineShuttle.aspx","route_color":"#4ebfec","route_text_color":"#000000","route_sort_order":11,"continuous_pickup":1,"continuous_drop_off":1}],"agency_name":"LA Go Bus"},"geometry":{"type":"Point","coordinates":[-118.009063,33.927602]}},{"type":"Feature","properties":{"stop_id":"2525445","stop_name":"Meyer Rd & Fidel Ave","location_type":0,"stop_timezone":"America/Los_Angeles","wheelchair_boarding":0,"stop_city":"South Whittier","routes":[{"route_id":"13060","agency_id":"1466","route_long_name":"Sunshine Shuttle Route B","route_type":3,"route_url":"https://dpw.lacounty.gov/transit/SWSunshineShuttle.aspx","route_color":"#4ebfec","route_text_color":"#000000","route_sort_order":11,"continuous_pickup":1,"continuous_drop_off":1}],"agency_name":"LA Go Bus"},"geometry":{"type":"Point","coordinates":[-118.0505,33.928815]}},{"type":"Feature","properties":{"stop_id":"2525446","stop_name":"Meyer Rd & Fidel Ave","location_type":0,"stop_timezone":"America/Los_Angeles","wheelchair_boarding":0,"stop_city":"South Whittier","routes":[{"route_id":"13060","agency_id":"1466","route_long_name":"Sunshine Shuttle Route B","route_type":3,"route_url":"https://dpw.lacounty.gov/transit/SWSunshineShuttle.aspx","route_color":"#4ebfec","route_text_color":"#000000","route_sort_order":11,"continuous_pickup":1,"continuous_drop_off":1}],"agency_name":"LA Go Bus"},"geometry":{"type":"Point","coordinates":[-118.050556,33.928551]}},{"type":"Feature","properties":{"stop_id":"2525447","stop_name":"Leffingwell Rd & Toerge Dr","location_type":0,"stop_timezone":"America/Los_Angeles","wheelchair_boarding":0,"stop_city":"Leffingwell","routes":[{"route_id":"13060","agency_id":"1466","route_long_name":"Sunshine Shuttle Route B","route_type":3,"route_url":"https://dpw.lacounty.gov/transit/SWSunshineShuttle.aspx","route_color":"#4ebfec","route_text_color":"#000000","route_sort_order":11,"continuous_pickup":1,"continuous_drop_off":1}],"agency_name":"LA Go Bus"},"geometry":{"type":"Point","coordinates":[-118.009329,33.927282]}},{"type":"Feature","properties":{"stop_id":"2525448","stop_name":"Meyer Rd & Imperial Hwy","location_type":0,"stop_timezone":"America/Los_Angeles","wheelchair_boarding":0,"stop_city":"South Whittier","routes":[{"route_id":"13060","agency_id":"1466","route_long_name":"Sunshine Shuttle Route B","route_type":3,"route_url":"https://dpw.lacounty.gov/transit/SWSunshineShuttle.aspx","route_color":"#4ebfec","route_text_color":"#000000","route_sort_order":11,"continuous_pickup":1,"continuous_drop_off":1}],"agency_name":"LA Go Bus"},"geometry":{"type":"Point","coordinates":[-118.034149,33.917597]}},{"type":"Feature","properties":{"stop_id":"2525449","stop_name":"Meyer Rd & Imperial Hwy","location_type":0,"stop_timezone":"America/Los_Angeles","wheelchair_boarding":0,"stop_city":"South Whittier","routes":[{"route_id":"13060","agency_id":"1466","route_long_name":"Sunshine Shuttle Route B","route_type":3,"route_url":"https://dpw.lacounty.gov/transit/SWSunshineShuttle.aspx","route_color":"#4ebfec","route_text_color":"#000000","route_sort_order":11,"continuous_pickup":1,"continuous_drop_off":1}],"agency_name":"LA Go Bus"},"geometry":{"type":"Point","coordinates":[-118.034942,33.918015]}},{"type":"Feature","properties":{"stop_id":"2525450","stop_name":"Meyer Rd & Placid Dr","location_type":0,"stop_timezone":"America/Los_Angeles","wheelchair_boarding":0,"stop_city":"South Whittier","routes":[{"route_id":"13060","agency_id":"1466","route_long_name":"Sunshine Shuttle Route B","route_type":3,"route_url":"https://dpw.lacounty.gov/transit/SWSunshineShuttle.aspx","route_color":"#4ebfec","route_text_color":"#000000","route_sort_order":11,"continuous_pickup":1,"continuous_drop_off":1}],"agency_name":"LA Go Bus"},"geometry":{"type":"Point","coordinates":[-118.036118,33.919601]}},{"type":"Feature","properties":{"stop_id":"2525451","stop_name":"Mills Ave & Broadway Ave","location_type":0,"stop_timezone":"America/Los_Angeles","wheelchair_boarding":0,"stop_city":"South Whittier","routes":[{"route_id":"13060","agency_id":"1466","route_long_name":"Sunshine Shuttle Route B","route_type":3,"route_url":"https://dpw.lacounty.gov/transit/SWSunshineShuttle.aspx","route_color":"#4ebfec","route_text_color":"#000000","route_sort_order":11,"continuous_pickup":1,"continuous_drop_off":1}],"agency_name":"LA Go Bus"},"geometry":{"type":"Point","coordinates":[-118.02951,33.941912]}},{"type":"Feature","properties":{"stop_id":"2525452","stop_name":"Mills Ave & Broadway Ave","location_type":0,"stop_timezone":"America/Los_Angeles","wheelchair_boarding":0,"stop_city":"South Whittier","routes":[{"route_id":"13059","agency_id":"1466","route_long_name":"Sunshine Shuttle Route A","route_type":3,"route_url":"https://dpw.lacounty.gov/transit/SWSunshineShuttle.aspx","route_color":"#e3653e","route_text_color":"#ffffff","route_sort_order":10,"continuous_pickup":1,"continuous_drop_off":1},{"route_id":"13060","agency_id":"1466","route_long_name":"Sunshine Shuttle Route B","route_type":3,"route_url":"https://dpw.lacounty.gov/transit/SWSunshineShuttle.aspx","route_color":"#4ebfec","route_text_color":"#000000","route_sort_order":11,"continuous_pickup":1,"continuous_drop_off":1}],"agency_name":"LA Go Bus"},"geometry":{"type":"Point","coordinates":[-118.029865,33.941955]}},{"type":"Feature","properties":{"stop_id":"2525453","stop_name":"Mills Ave & Cal High","location_type":0,"stop_timezone":"America/Los_Angeles","wheelchair_boarding":0,"stop_city":"South Whittier","routes":[{"route_id":"13060","agency_id":"1466","route_long_name":"Sunshine Shuttle Route B","route_type":3,"route_url":"https://dpw.lacounty.gov/transit/SWSunshineShuttle.aspx","route_color":"#4ebfec","route_text_color":"#000000","route_sort_order":11,"continuous_pickup":1,"continuous_drop_off":1}],"agency_name":"LA Go Bus"},"geometry":{"type":"Point","coordinates":[-118.023499,33.944636]}},{"type":"Feature","properties":{"stop_id":"2525454","stop_name":"Mills Ave & Lambert Rd","location_type":0,"stop_timezone":"America/Los_Angeles","wheelchair_boarding":0,"stop_city":"South Whittier","routes":[{"route_id":"13060","agency_id":"1466","route_long_name":"Sunshine Shuttle Route B","route_type":3,"route_url":"https://dpw.lacounty.gov/transit/SWSunshineShuttle.aspx","route_color":"#4ebfec","route_text_color":"#000000","route_sort_order":11,"continuous_pickup":1,"continuous_drop_off":1}],"agency_name":"LA Go Bus"},"geometry":{"type":"Point","coordinates":[-118.020515,33.94595]}},{"type":"Feature","properties":{"stop_id":"2525455","stop_name":"Mills Ave & Lambert Rd","location_type":0,"stop_timezone":"America/Los_Angeles","wheelchair_boarding":0,"stop_city":"Whittier","routes":[{"route_id":"13060","agency_id":"1466","route_long_name":"Sunshine Shuttle Route B","route_type":3,"route_url":"https://dpw.lacounty.gov/transit/SWSunshineShuttle.aspx","route_color":"#4ebfec","route_text_color":"#000000","route_sort_order":11,"continuous_pickup":1,"continuous_drop_off":1}],"agency_name":"LA Go Bus"},"geometry":{"type":"Point","coordinates":[-118.019883,33.946459]}},{"type":"Feature","properties":{"stop_id":"2525456","stop_name":"Mills Ave & Mullberry Dr","location_type":0,"stop_timezone":"America/Los_Angeles","wheelchair_boarding":0,"stop_city":"South Whittier","routes":[{"route_id":"13060","agency_id":"1466","route_long_name":"Sunshine Shuttle Route B","route_type":3,"route_url":"https://dpw.lacounty.gov/transit/SWSunshineShuttle.aspx","route_color":"#4ebfec","route_text_color":"#000000","route_sort_order":11,"continuous_pickup":1,"continuous_drop_off":1}],"agency_name":"LA Go Bus"},"geometry":{"type":"Point","coordinates":[-118.027071,33.943236]}},{"type":"Feature","properties":{"stop_id":"2525457","stop_name":"Mills Ave & Trumball St","location_type":0,"stop_timezone":"America/Los_Angeles","wheelchair_boarding":0,"stop_city":"South Whittier","routes":[{"route_id":"13060","agency_id":"1466","route_long_name":"Sunshine Shuttle Route B","route_type":3,"route_url":"https://dpw.lacounty.gov/transit/SWSunshineShuttle.aspx","route_color":"#4ebfec","route_text_color":"#000000","route_sort_order":11,"continuous_pickup":1,"continuous_drop_off":1}],"agency_name":"LA Go Bus"},"geometry":{"type":"Point","coordinates":[-118.038938,33.93768]}},{"type":"Feature","properties":{"stop_id":"2525458","stop_name":"Mills Ave & Trumball St","location_type":0,"stop_timezone":"America/Los_Angeles","wheelchair_boarding":0,"stop_city":"South Whittier","routes":[{"route_id":"13060","agency_id":"1466","route_long_name":"Sunshine Shuttle Route B","route_type":3,"route_url":"https://dpw.lacounty.gov/transit/SWSunshineShuttle.aspx","route_color":"#4ebfec","route_text_color":"#000000","route_sort_order":11,"continuous_pickup":1,"continuous_drop_off":1}],"agency_name":"LA Go Bus"},"geometry":{"type":"Point","coordinates":[-118.038728,33.937973]}},{"type":"Feature","properties":{"stop_id":"2525459","stop_name":"Mulberry Dr & Cole Rd","location_type":0,"stop_timezone":"America/Los_Angeles","wheelchair_boarding":0,"stop_city":"Leffingwell","routes":[{"route_id":"13059","agency_id":"1466","route_long_name":"Sunshine Shuttle Route A","route_type":3,"route_url":"https://dpw.lacounty.gov/transit/SWSunshineShuttle.aspx","route_color":"#e3653e","route_text_color":"#ffffff","route_sort_order":10,"continuous_pickup":1,"continuous_drop_off":1}],"agency_name":"LA Go Bus"},"geometry":{"type":"Point","coordinates":[-118.005804,33.935305]}},{"type":"Feature","properties":{"stop_id":"2525460","stop_name":"Mulberry Dr & Colima Rd","location_type":0,"stop_timezone":"America/Los_Angeles","wheelchair_boarding":0,"stop_city":"South Whittier","routes":[{"route_id":"13059","agency_id":"1466","route_long_name":"Sunshine Shuttle Route A","route_type":3,"route_url":"https://dpw.lacounty.gov/transit/SWSunshineShuttle.aspx","route_color":"#e3653e","route_text_color":"#ffffff","route_sort_order":10,"continuous_pickup":1,"continuous_drop_off":1}],"agency_name":"LA Go Bus"},"geometry":{"type":"Point","coordinates":[-118.016474,33.935128]}},{"type":"Feature","properties":{"stop_id":"2525461","stop_name":"Mulberry Dr & La Mirada Blvd","location_type":0,"stop_timezone":"America/Los_Angeles","wheelchair_boarding":0,"stop_city":"Leffingwell","routes":[{"route_id":"13059","agency_id":"1466","route_long_name":"Sunshine Shuttle Route A","route_type":3,"route_url":"https://dpw.lacounty.gov/transit/SWSunshineShuttle.aspx","route_color":"#e3653e","route_text_color":"#ffffff","route_sort_order":10,"continuous_pickup":1,"continuous_drop_off":1}],"agency_name":"LA Go Bus"},"geometry":{"type":"Point","coordinates":[-118.011402,33.935081]}},{"type":"Feature","properties":{"stop_id":"2525462","stop_name":"Mulberry Dr & La Mirada Blvd","location_type":0,"stop_timezone":"America/Los_Angeles","wheelchair_boarding":0,"stop_city":"Leffingwell","routes":[{"route_id":"13059","agency_id":"1466","route_long_name":"Sunshine Shuttle Route A","route_type":3,"route_url":"https://dpw.lacounty.gov/transit/SWSunshineShuttle.aspx","route_color":"#e3653e","route_text_color":"#ffffff","route_sort_order":10,"continuous_pickup":1,"continuous_drop_off":1}],"agency_name":"LA Go Bus"},"geometry":{"type":"Point","coordinates":[-118.012249,33.935326]}},{"type":"Feature","properties":{"stop_id":"2525463","stop_name":"Mulberry Dr & Mills Ave","location_type":0,"stop_timezone":"America/Los_Angeles","wheelchair_boarding":0,"stop_city":"South Whittier","routes":[{"route_id":"13059","agency_id":"1466","route_long_name":"Sunshine Shuttle Route A","route_type":3,"route_url":"https://dpw.lacounty.gov/transit/SWSunshineShuttle.aspx","route_color":"#e3653e","route_text_color":"#ffffff","route_sort_order":10,"continuous_pickup":1,"continuous_drop_off":1}],"agency_name":"LA Go Bus"},"geometry":{"type":"Point","coordinates":[-118.028016,33.94303]}},{"type":"Feature","properties":{"stop_id":"2525464","stop_name":"Mulberry Dr & Mills Ave","location_type":0,"stop_timezone":"America/Los_Angeles","wheelchair_boarding":0,"stop_city":"South Whittier","routes":[{"route_id":"13059","agency_id":"1466","route_long_name":"Sunshine Shuttle Route A","route_type":3,"route_url":"https://dpw.lacounty.gov/transit/SWSunshineShuttle.aspx","route_color":"#e3653e","route_text_color":"#ffffff","route_sort_order":10,"continuous_pickup":1,"continuous_drop_off":1}],"agency_name":"LA Go Bus"},"geometry":{"type":"Point","coordinates":[-118.027751,33.943135]}},{"type":"Feature","properties":{"stop_id":"2525465","stop_name":"Mulberry Dr & Stamy","location_type":0,"stop_timezone":"America/Los_Angeles","wheelchair_boarding":0,"stop_city":"Leffingwell","routes":[{"route_id":"13059","agency_id":"1466","route_long_name":"Sunshine Shuttle Route A","route_type":3,"route_url":"https://dpw.lacounty.gov/transit/SWSunshineShuttle.aspx","route_color":"#e3653e","route_text_color":"#ffffff","route_sort_order":10,"continuous_pickup":1,"continuous_drop_off":1}],"agency_name":"LA Go Bus"},"geometry":{"type":"Point","coordinates":[-118.00743,33.935073]}},{"type":"Feature","properties":{"stop_id":"2525466","stop_name":"Painter Ave & Carmenita Rd","location_type":0,"stop_timezone":"America/Los_Angeles","wheelchair_boarding":0,"stop_city":"South Whittier","routes":[{"route_id":"13059","agency_id":"1466","route_long_name":"Sunshine Shuttle Route A","route_type":3,"route_url":"https://dpw.lacounty.gov/transit/SWSunshineShuttle.aspx","route_color":"#e3653e","route_text_color":"#ffffff","route_sort_order":10,"continuous_pickup":1,"continuous_drop_off":1}],"agency_name":"LA Go Bus"},"geometry":{"type":"Point","coordinates":[-118.046532,33.949075]}},{"type":"Feature","properties":{"stop_id":"2525467","stop_name":"Painter Ave & Cullen St","location_type":0,"stop_timezone":"America/Los_Angeles","wheelchair_boarding":0,"stop_city":"Whittier","routes":[{"route_id":"13059","agency_id":"1466","route_long_name":"Sunshine Shuttle Route A","route_type":3,"route_url":"https://dpw.lacounty.gov/transit/SWSunshineShuttle.aspx","route_color":"#e3653e","route_text_color":"#ffffff","route_sort_order":10,"continuous_pickup":1,"continuous_drop_off":1}],"agency_name":"LA Go Bus"},"geometry":{"type":"Point","coordinates":[-118.035149,33.96112]}},{"type":"Feature","properties":{"stop_id":"2525468","stop_name":"Painter Ave & Lambert Rd","location_type":0,"stop_timezone":"America/Los_Angeles","wheelchair_boarding":0,"stop_city":"Whittier","routes":[{"route_id":"13059","agency_id":"1466","route_long_name":"Sunshine Shuttle Route A","route_type":3,"route_url":"https://dpw.lacounty.gov/transit/SWSunshineShuttle.aspx","route_color":"#e3653e","route_text_color":"#ffffff","route_sort_order":10,"continuous_pickup":1,"continuous_drop_off":1}],"agency_name":"LA Go Bus"},"geometry":{"type":"Point","coordinates":[-118.038311,33.957984]}},{"type":"Feature","properties":{"stop_id":"2525469","stop_name":"Painter Ave & Cullen St","location_type":0,"stop_timezone":"America/Los_Angeles","wheelchair_boarding":0,"stop_city":"Whittier","routes":[{"route_id":"13059","agency_id":"1466","route_long_name":"Sunshine Shuttle Route A","route_type":3,"route_url":"https://dpw.lacounty.gov/transit/SWSunshineShuttle.aspx","route_color":"#e3653e","route_text_color":"#ffffff","route_sort_order":10,"continuous_pickup":1,"continuous_drop_off":1}],"agency_name":"LA Go Bus"},"geometry":{"type":"Point","coordinates":[-118.033589,33.962307]}},{"type":"Feature","properties":{"stop_id":"2525470","stop_name":"Painter Ave & Lambert Rd","location_type":0,"stop_timezone":"America/Los_Angeles","wheelchair_boarding":0,"stop_city":"Whittier","routes":[{"route_id":"13059","agency_id":"1466","route_long_name":"Sunshine Shuttle Route A","route_type":3,"route_url":"https://dpw.lacounty.gov/transit/SWSunshineShuttle.aspx","route_color":"#e3653e","route_text_color":"#ffffff","route_sort_order":10,"continuous_pickup":1,"continuous_drop_off":1}],"agency_name":"LA Go Bus"},"geometry":{"type":"Point","coordinates":[-118.037955,33.957974]}},{"type":"Feature","properties":{"stop_id":"2525471","stop_name":"Painter Ave & Mulberry Dr","location_type":0,"stop_timezone":"America/Los_Angeles","wheelchair_boarding":0,"stop_city":"Whittier","routes":[{"route_id":"13059","agency_id":"1466","route_long_name":"Sunshine Shuttle Route A","route_type":3,"route_url":"https://dpw.lacounty.gov/transit/SWSunshineShuttle.aspx","route_color":"#e3653e","route_text_color":"#ffffff","route_sort_order":10,"continuous_pickup":1,"continuous_drop_off":1}],"agency_name":"LA Go Bus"},"geometry":{"type":"Point","coordinates":[-118.043778,33.952567]}},{"type":"Feature","properties":{"stop_id":"2525472","stop_name":"Painter Ave & Mulberry Dr","location_type":0,"stop_timezone":"America/Los_Angeles","wheelchair_boarding":0,"stop_city":"Whittier","routes":[{"route_id":"13059","agency_id":"1466","route_long_name":"Sunshine Shuttle Route A","route_type":3,"route_url":"https://dpw.lacounty.gov/transit/SWSunshineShuttle.aspx","route_color":"#e3653e","route_text_color":"#ffffff","route_sort_order":10,"continuous_pickup":1,"continuous_drop_off":1}],"agency_name":"LA Go Bus"},"geometry":{"type":"Point","coordinates":[-118.042362,33.953609]}},{"type":"Feature","properties":{"stop_id":"2525473","stop_name":"Painter Ave & Oval Dr","location_type":0,"stop_timezone":"America/Los_Angeles","wheelchair_boarding":0,"stop_city":"Whittier","routes":[{"route_id":"13059","agency_id":"1466","route_long_name":"Sunshine Shuttle Route A","route_type":3,"route_url":"https://dpw.lacounty.gov/transit/SWSunshineShuttle.aspx","route_color":"#e3653e","route_text_color":"#ffffff","route_sort_order":10,"continuous_pickup":1,"continuous_drop_off":1}],"agency_name":"LA Go Bus"},"geometry":{"type":"Point","coordinates":[-118.040643,33.955667]}},{"type":"Feature","properties":{"stop_id":"2525474","stop_name":"Painter Ave & Oval Dr","location_type":0,"stop_timezone":"America/Los_Angeles","wheelchair_boarding":0,"stop_city":"Whittier","routes":[{"route_id":"13059","agency_id":"1466","route_long_name":"Sunshine Shuttle Route A","route_type":3,"route_url":"https://dpw.lacounty.gov/transit/SWSunshineShuttle.aspx","route_color":"#e3653e","route_text_color":"#ffffff","route_sort_order":10,"continuous_pickup":1,"continuous_drop_off":1}],"agency_name":"LA Go Bus"},"geometry":{"type":"Point","coordinates":[-118.040562,33.955393]}},{"type":"Feature","properties":{"stop_id":"2525475","stop_name":"Painter Ave & Rainier Ave","location_type":0,"stop_timezone":"America/Los_Angeles","wheelchair_boarding":0,"stop_city":"Santa Fe Springs","routes":[{"route_id":"13060","agency_id":"1466","route_long_name":"Sunshine Shuttle Route B","route_type":3,"route_url":"https://dpw.lacounty.gov/transit/SWSunshineShuttle.aspx","route_color":"#4ebfec","route_text_color":"#000000","route_sort_order":11,"continuous_pickup":1,"continuous_drop_off":1}],"agency_name":"LA Go Bus"},"geometry":{"type":"Point","coordinates":[-118.053216,33.927991]}},{"type":"Feature","properties":{"stop_id":"2525476","stop_name":"Painter Ave & Rainier Ave","location_type":0,"stop_timezone":"America/Los_Angeles","wheelchair_boarding":0,"stop_city":"Santa Fe Springs","routes":[{"route_id":"13060","agency_id":"1466","route_long_name":"Sunshine Shuttle Route B","route_type":3,"route_url":"https://dpw.lacounty.gov/transit/SWSunshineShuttle.aspx","route_color":"#4ebfec","route_text_color":"#000000","route_sort_order":11,"continuous_pickup":1,"continuous_drop_off":1}],"agency_name":"LA Go Bus"},"geometry":{"type":"Point","coordinates":[-118.053361,33.928281]}},{"type":"Feature","properties":{"stop_id":"2525477","stop_name":"Painter Ave & Walburg St","location_type":0,"stop_timezone":"America/Los_Angeles","wheelchair_boarding":0,"stop_city":"South Whittier","routes":[{"route_id":"13059","agency_id":"1466","route_long_name":"Sunshine Shuttle Route A","route_type":3,"route_url":"https://dpw.lacounty.gov/transit/SWSunshineShuttle.aspx","route_color":"#e3653e","route_text_color":"#ffffff","route_sort_order":10,"continuous_pickup":1,"continuous_drop_off":1}],"agency_name":"LA Go Bus"},"geometry":{"type":"Point","coordinates":[-118.04634,33.948486]}},{"type":"Feature","properties":{"stop_id":"2525478","stop_name":"Painter Ave & Whittier Bl","location_type":0,"stop_timezone":"America/Los_Angeles","wheelchair_boarding":0,"stop_city":"Whittier","routes":[{"route_id":"13059","agency_id":"1466","route_long_name":"Sunshine Shuttle Route A","route_type":3,"route_url":"https://dpw.lacounty.gov/transit/SWSunshineShuttle.aspx","route_color":"#e3653e","route_text_color":"#ffffff","route_sort_order":10,"continuous_pickup":1,"continuous_drop_off":1}],"agency_name":"LA Go Bus"},"geometry":{"type":"Point","coordinates":[-118.033281,33.963005]}},{"type":"Feature","properties":{"stop_id":"2525479","stop_name":"Santa Gertrudes Ave & Landmark Dr","location_type":0,"stop_timezone":"America/Los_Angeles","wheelchair_boarding":0,"stop_city":"La Mirada","routes":[{"route_id":"13060","agency_id":"1466","route_long_name":"Sunshine Shuttle Route B","route_type":3,"route_url":"https://dpw.lacounty.gov/transit/SWSunshineShuttle.aspx","route_color":"#4ebfec","route_text_color":"#000000","route_sort_order":11,"continuous_pickup":1,"continuous_drop_off":1}],"agency_name":"LA Go Bus"},"geometry":{"type":"Point","coordinates":[-117.994247,33.91899]}},{"type":"Feature","properties":{"stop_id":"2525480","stop_name":"Santa Gertrudes Ave & Leffingwell Rd","location_type":0,"stop_timezone":"America/Los_Angeles","wheelchair_boarding":0,"stop_city":"Leffingwell","routes":[{"route_id":"13060","agency_id":"1466","route_long_name":"Sunshine Shuttle Route B","route_type":3,"route_url":"https://dpw.lacounty.gov/transit/SWSunshineShuttle.aspx","route_color":"#4ebfec","route_text_color":"#000000","route_sort_order":11,"continuous_pickup":1,"continuous_drop_off":1}],"agency_name":"LA Go Bus"},"geometry":{"type":"Point","coordinates":[-117.993531,33.930049]}},{"type":"Feature","properties":{"stop_id":"2525481","stop_name":"Santa Gertrudes Ave & Ocean Ave","location_type":0,"stop_timezone":"America/Los_Angeles","wheelchair_boarding":0,"stop_city":"La Mirada","routes":[{"route_id":"13060","agency_id":"1466","route_long_name":"Sunshine Shuttle Route B","route_type":3,"route_url":"https://dpw.lacounty.gov/transit/SWSunshineShuttle.aspx","route_color":"#4ebfec","route_text_color":"#000000","route_sort_order":11,"continuous_pickup":1,"continuous_drop_off":1}],"agency_name":"LA Go Bus"},"geometry":{"type":"Point","coordinates":[-117.994303,33.924336]}},{"type":"Feature","properties":{"stop_id":"2525482","stop_name":"Santa Gertrudes Ave & Ocean Dr","location_type":0,"stop_timezone":"America/Los_Angeles","wheelchair_boarding":0,"stop_city":"East La Mirada","routes":[{"route_id":"13060","agency_id":"1466","route_long_name":"Sunshine Shuttle Route B","route_type":3,"route_url":"https://dpw.lacounty.gov/transit/SWSunshineShuttle.aspx","route_color":"#4ebfec","route_text_color":"#000000","route_sort_order":11,"continuous_pickup":1,"continuous_drop_off":1}],"agency_name":"LA Go Bus"},"geometry":{"type":"Point","coordinates":[-117.994531,33.92483]}},{"type":"Feature","properties":{"stop_id":"2525483","stop_name":"Scott Ave & Lambert Rd","location_type":0,"stop_timezone":"America/Los_Angeles","wheelchair_boarding":0,"stop_city":"Whittier","routes":[{"route_id":"13059","agency_id":"1466","route_long_name":"Sunshine Shuttle Route A","route_type":3,"route_url":"https://dpw.lacounty.gov/transit/SWSunshineShuttle.aspx","route_color":"#e3653e","route_text_color":"#ffffff","route_sort_order":10,"continuous_pickup":1,"continuous_drop_off":1}],"agency_name":"LA Go Bus"},"geometry":{"type":"Point","coordinates":[-118.000734,33.936505]}},{"type":"Feature","properties":{"stop_id":"2525484","stop_name":"Scott Ave & Mulberry Dr","location_type":0,"stop_timezone":"America/Los_Angeles","wheelchair_boarding":0,"stop_city":"Whittier","routes":[{"route_id":"13059","agency_id":"1466","route_long_name":"Sunshine Shuttle Route A","route_type":3,"route_url":"https://dpw.lacounty.gov/transit/SWSunshineShuttle.aspx","route_color":"#e3653e","route_text_color":"#ffffff","route_sort_order":10,"continuous_pickup":1,"continuous_drop_off":1}],"agency_name":"LA Go Bus"},"geometry":{"type":"Point","coordinates":[-118.000915,33.936331]}},{"type":"Feature","properties":{"stop_id":"2525485","stop_name":"Scott Ave & Whittier Blvd","location_type":0,"stop_timezone":"America/Los_Angeles","wheelchair_boarding":0,"stop_city":"Whittier","routes":[{"route_id":"13059","agency_id":"1466","route_long_name":"Sunshine Shuttle Route A","route_type":3,"route_url":"https://dpw.lacounty.gov/transit/SWSunshineShuttle.aspx","route_color":"#e3653e","route_text_color":"#ffffff","route_sort_order":10,"continuous_pickup":1,"continuous_drop_off":1}],"agency_name":"LA Go Bus"},"geometry":{"type":"Point","coordinates":[-118.000719,33.946302]}},{"type":"Feature","properties":{"stop_id":"2525489","stop_name":"Mines Blvd & Kengard Ave","location_type":0,"stop_timezone":"America/Los_Angeles","wheelchair_boarding":0,"stop_city":"West Whittier","routes":[{"route_id":"13059","agency_id":"1466","route_long_name":"Sunshine Shuttle Route A","route_type":3,"route_url":"https://dpw.lacounty.gov/transit/SWSunshineShuttle.aspx","route_color":"#e3653e","route_text_color":"#ffffff","route_sort_order":10,"continuous_pickup":1,"continuous_drop_off":1}],"agency_name":"LA Go Bus"},"geometry":{"type":"Point","coordinates":[-118.05928,33.973342]}},{"type":"Feature","properties":{"stop_id":"2525492","stop_name":"Telechron & Lakeland Rd","location_type":0,"stop_timezone":"America/Los_Angeles","wheelchair_boarding":0,"stop_city":"South Whittier","routes":[{"route_id":"13059","agency_id":"1466","route_long_name":"Sunshine Shuttle Route A","route_type":3,"route_url":"https://dpw.lacounty.gov/transit/SWSunshineShuttle.aspx","route_color":"#e3653e","route_text_color":"#ffffff","route_sort_order":10,"continuous_pickup":1,"continuous_drop_off":1}],"agency_name":"LA Go Bus"},"geometry":{"type":"Point","coordinates":[-118.039378,33.932077]}},{"type":"Feature","properties":{"stop_id":"2525493","stop_name":"Telechron & Lakeland Rd","location_type":0,"stop_timezone":"America/Los_Angeles","wheelchair_boarding":0,"stop_city":"South Whittier","routes":[{"route_id":"13059","agency_id":"1466","route_long_name":"Sunshine Shuttle Route A","route_type":3,"route_url":"https://dpw.lacounty.gov/transit/SWSunshineShuttle.aspx","route_color":"#e3653e","route_text_color":"#ffffff","route_sort_order":10,"continuous_pickup":1,"continuous_drop_off":1}],"agency_name":"LA Go Bus"},"geometry":{"type":"Point","coordinates":[-118.039498,33.931858]}},{"type":"Feature","properties":{"stop_id":"2525494","stop_name":"Telechron & Telegraph Rd","location_type":0,"stop_timezone":"America/Los_Angeles","wheelchair_boarding":0,"stop_city":"South Whittier","routes":[{"route_id":"13059","agency_id":"1466","route_long_name":"Sunshine Shuttle Route A","route_type":3,"route_url":"https://dpw.lacounty.gov/transit/SWSunshineShuttle.aspx","route_color":"#e3653e","route_text_color":"#ffffff","route_sort_order":10,"continuous_pickup":1,"continuous_drop_off":1}],"agency_name":"LA Go Bus"},"geometry":{"type":"Point","coordinates":[-118.039505,33.935027]}},{"type":"Feature","properties":{"stop_id":"2525495","stop_name":"Telegraph Rd & Chadsey Dr","location_type":0,"stop_timezone":"America/Los_Angeles","wheelchair_boarding":0,"stop_city":"South Whittier","routes":[{"route_id":"13060","agency_id":"1466","route_long_name":"Sunshine Shuttle Route B","route_type":3,"route_url":"https://dpw.lacounty.gov/transit/SWSunshineShuttle.aspx","route_color":"#4ebfec","route_text_color":"#000000","route_sort_order":11,"continuous_pickup":1,"continuous_drop_off":1}],"agency_name":"LA Go Bus"},"geometry":{"type":"Point","coordinates":[-118.026201,33.926372]}},{"type":"Feature","properties":{"stop_id":"2525496","stop_name":"Telegraph Rd & Chadsey Dr","location_type":0,"stop_timezone":"America/Los_Angeles","wheelchair_boarding":0,"stop_city":"South Whittier","routes":[{"route_id":"13060","agency_id":"1466","route_long_name":"Sunshine Shuttle Route B","route_type":3,"route_url":"https://dpw.lacounty.gov/transit/SWSunshineShuttle.aspx","route_color":"#4ebfec","route_text_color":"#000000","route_sort_order":11,"continuous_pickup":1,"continuous_drop_off":1}],"agency_name":"LA Go Bus"},"geometry":{"type":"Point","coordinates":[-118.02672,33.926421]}},{"type":"Feature","properties":{"stop_id":"2525497","stop_name":"Telegraph Rd & Florence Ave","location_type":0,"stop_timezone":"America/Los_Angeles","wheelchair_boarding":0,"stop_city":"South Whittier","routes":[{"route_id":"13059","agency_id":"1466","route_long_name":"Sunshine Shuttle Route A","route_type":3,"route_url":"https://dpw.lacounty.gov/transit/SWSunshineShuttle.aspx","route_color":"#e3653e","route_text_color":"#ffffff","route_sort_order":10,"continuous_pickup":1,"continuous_drop_off":1}],"agency_name":"LA Go Bus"},"geometry":{"type":"Point","coordinates":[-118.041446,33.936584]}},{"type":"Feature","properties":{"stop_id":"2525499","stop_name":"Telegraph Rd & Gunn Ave","location_type":0,"stop_timezone":"America/Los_Angeles","wheelchair_boarding":0,"stop_city":"Santa Fe Springs","routes":[{"route_id":"13060","agency_id":"1466","route_long_name":"Sunshine Shuttle Route B","route_type":3,"route_url":"https://dpw.lacounty.gov/transit/SWSunshineShuttle.aspx","route_color":"#4ebfec","route_text_color":"#000000","route_sort_order":11,"continuous_pickup":1,"continuous_drop_off":1}],"agency_name":"LA Go Bus"},"geometry":{"type":"Point","coordinates":[-118.044539,33.938778]}},{"type":"Feature","properties":{"stop_id":"2525500","stop_name":"Telegraph Rd & Gunn Ave","location_type":0,"stop_timezone":"America/Los_Angeles","wheelchair_boarding":0,"stop_city":"Santa Fe Springs","routes":[{"route_id":"13060","agency_id":"1466","route_long_name":"Sunshine Shuttle Route B","route_type":3,"route_url":"https://dpw.lacounty.gov/transit/SWSunshineShuttle.aspx","route_color":"#4ebfec","route_text_color":"#000000","route_sort_order":11,"continuous_pickup":1,"continuous_drop_off":1}],"agency_name":"LA Go Bus"},"geometry":{"type":"Point","coordinates":[-118.044132,33.938798]}},{"type":"Feature","properties":{"stop_id":"2525502","stop_name":"Telegraph Rd & Mills Ave","location_type":0,"stop_timezone":"America/Los_Angeles","wheelchair_boarding":0,"stop_city":"South Whittier","routes":[{"route_id":"13059","agency_id":"1466","route_long_name":"Sunshine Shuttle Route A","route_type":3,"route_url":"https://dpw.lacounty.gov/transit/SWSunshineShuttle.aspx","route_color":"#e3653e","route_text_color":"#ffffff","route_sort_order":10,"continuous_pickup":1,"continuous_drop_off":1},{"route_id":"13060","agency_id":"1466","route_long_name":"Sunshine Shuttle Route B","route_type":3,"route_url":"https://dpw.lacounty.gov/transit/SWSunshineShuttle.aspx","route_color":"#4ebfec","route_text_color":"#000000","route_sort_order":11,"continuous_pickup":1,"continuous_drop_off":1}],"agency_name":"LA Go Bus"},"geometry":{"type":"Point","coordinates":[-118.041895,33.937233]}},{"type":"Feature","properties":{"stop_id":"2525503","stop_name":"Telegraph Rd & Telechron","location_type":0,"stop_timezone":"America/Los_Angeles","wheelchair_boarding":0,"stop_city":"South Whittier","routes":[{"route_id":"13059","agency_id":"1466","route_long_name":"Sunshine Shuttle Route A","route_type":3,"route_url":"https://dpw.lacounty.gov/transit/SWSunshineShuttle.aspx","route_color":"#e3653e","route_text_color":"#ffffff","route_sort_order":10,"continuous_pickup":1,"continuous_drop_off":1}],"agency_name":"LA Go Bus"},"geometry":{"type":"Point","coordinates":[-118.03963,33.935679]}},{"type":"Feature","properties":{"stop_id":"2525504","stop_name":"Valley View Ave & Imperial Hwy","location_type":0,"stop_timezone":"America/Los_Angeles","wheelchair_boarding":0,"stop_city":"South Whittier","routes":[{"route_id":"13060","agency_id":"1466","route_long_name":"Sunshine Shuttle Route B","route_type":3,"route_url":"https://dpw.lacounty.gov/transit/SWSunshineShuttle.aspx","route_color":"#4ebfec","route_text_color":"#000000","route_sort_order":11,"continuous_pickup":1,"continuous_drop_off":1}],"agency_name":"LA Go Bus"},"geometry":{"type":"Point","coordinates":[-118.029163,33.917398]}},{"type":"Feature","properties":{"stop_id":"2525505","stop_name":"Valley View Ave & Leffingwell Rd","location_type":0,"stop_timezone":"America/Los_Angeles","wheelchair_boarding":0,"stop_city":"South Whittier","routes":[{"route_id":"13060","agency_id":"1466","route_long_name":"Sunshine Shuttle Route B","route_type":3,"route_url":"https://dpw.lacounty.gov/transit/SWSunshineShuttle.aspx","route_color":"#4ebfec","route_text_color":"#000000","route_sort_order":11,"continuous_pickup":1,"continuous_drop_off":1}],"agency_name":"LA Go Bus"},"geometry":{"type":"Point","coordinates":[-118.029292,33.922473]}},{"type":"Feature","properties":{"stop_id":"2525506","stop_name":"Valley View Ave & Leffingwell Rd","location_type":0,"stop_timezone":"America/Los_Angeles","wheelchair_boarding":0,"stop_city":"South Whittier","routes":[{"route_id":"13060","agency_id":"1466","route_long_name":"Sunshine Shuttle Route B","route_type":3,"route_url":"https://dpw.lacounty.gov/transit/SWSunshineShuttle.aspx","route_color":"#4ebfec","route_text_color":"#000000","route_sort_order":11,"continuous_pickup":1,"continuous_drop_off":1}],"agency_name":"LA Go Bus"},"geometry":{"type":"Point","coordinates":[-118.029035,33.921924]}},{"type":"Feature","properties":{"stop_id":"2525507","stop_name":"Valley View Ave & Telegraph Rd","location_type":0,"stop_timezone":"America/Los_Angeles","wheelchair_boarding":0,"stop_city":"South Whittier","routes":[{"route_id":"13060","agency_id":"1466","route_long_name":"Sunshine Shuttle Route B","route_type":3,"route_url":"https://dpw.lacounty.gov/transit/SWSunshineShuttle.aspx","route_color":"#4ebfec","route_text_color":"#000000","route_sort_order":11,"continuous_pickup":1,"continuous_drop_off":1}],"agency_name":"LA Go Bus"},"geometry":{"type":"Point","coordinates":[-118.029135,33.927864]}},{"type":"Feature","properties":{"stop_id":"2525508","stop_name":"Valley View Ave & Telegraph Rd","location_type":0,"stop_timezone":"America/Los_Angeles","wheelchair_boarding":0,"stop_city":"South Whittier","routes":[{"route_id":"13060","agency_id":"1466","route_long_name":"Sunshine Shuttle Route B","route_type":3,"route_url":"https://dpw.lacounty.gov/transit/SWSunshineShuttle.aspx","route_color":"#4ebfec","route_text_color":"#000000","route_sort_order":11,"continuous_pickup":1,"continuous_drop_off":1}],"agency_name":"LA Go Bus"},"geometry":{"type":"Point","coordinates":[-118.028863,33.9276]}},{"type":"Feature","properties":{"stop_id":"2525509","stop_name":"Washington Blvd & Appledale Ave","location_type":0,"stop_timezone":"America/Los_Angeles","wheelchair_boarding":0,"stop_city":"Valla","routes":[{"route_id":"13059","agency_id":"1466","route_long_name":"Sunshine Shuttle Route A","route_type":3,"route_url":"https://dpw.lacounty.gov/transit/SWSunshineShuttle.aspx","route_color":"#e3653e","route_text_color":"#ffffff","route_sort_order":10,"continuous_pickup":1,"continuous_drop_off":1}],"agency_name":"LA Go Bus"},"geometry":{"type":"Point","coordinates":[-118.056308,33.968419]}},{"type":"Feature","properties":{"stop_id":"2525510","stop_name":"Washington Blvd & Appledale Ave","location_type":0,"stop_timezone":"America/Los_Angeles","wheelchair_boarding":0,"stop_city":"Valla","routes":[{"route_id":"13059","agency_id":"1466","route_long_name":"Sunshine Shuttle Route A","route_type":3,"route_url":"https://dpw.lacounty.gov/transit/SWSunshineShuttle.aspx","route_color":"#e3653e","route_text_color":"#ffffff","route_sort_order":10,"continuous_pickup":1,"continuous_drop_off":1}],"agency_name":"LA Go Bus"},"geometry":{"type":"Point","coordinates":[-118.056278,33.968642]}},{"type":"Feature","properties":{"stop_id":"2525511","stop_name":"Washington Blvd & Crowndale Ave","location_type":0,"stop_timezone":"America/Los_Angeles","wheelchair_boarding":0,"stop_city":"Valla","routes":[{"route_id":"13059","agency_id":"1466","route_long_name":"Sunshine Shuttle Route A","route_type":3,"route_url":"https://dpw.lacounty.gov/transit/SWSunshineShuttle.aspx","route_color":"#e3653e","route_text_color":"#ffffff","route_sort_order":10,"continuous_pickup":1,"continuous_drop_off":1}],"agency_name":"LA Go Bus"},"geometry":{"type":"Point","coordinates":[-118.05252,33.967809]}},{"type":"Feature","properties":{"stop_id":"2525512","stop_name":"Washington Blvd & Lambert Rd","location_type":0,"stop_timezone":"America/Los_Angeles","wheelchair_boarding":0,"stop_city":"Whittier","routes":[{"route_id":"13059","agency_id":"1466","route_long_name":"Sunshine Shuttle Route A","route_type":3,"route_url":"https://dpw.lacounty.gov/transit/SWSunshineShuttle.aspx","route_color":"#e3653e","route_text_color":"#ffffff","route_sort_order":10,"continuous_pickup":1,"continuous_drop_off":1}],"agency_name":"LA Go Bus"},"geometry":{"type":"Point","coordinates":[-118.047638,33.967323]}},{"type":"Feature","properties":{"stop_id":"2525513","stop_name":"Washington Blvd & Lambert Rd","location_type":0,"stop_timezone":"America/Los_Angeles","wheelchair_boarding":0,"stop_city":"Whittier","routes":[{"route_id":"13059","agency_id":"1466","route_long_name":"Sunshine Shuttle Route A","route_type":3,"route_url":"https://dpw.lacounty.gov/transit/SWSunshineShuttle.aspx","route_color":"#e3653e","route_text_color":"#ffffff","route_sort_order":10,"continuous_pickup":1,"continuous_drop_off":1}],"agency_name":"LA Go Bus"},"geometry":{"type":"Point","coordinates":[-118.047916,33.967522]}},{"type":"Feature","properties":{"stop_id":"2525514","stop_name":"Washington Blvd & Putnam St","location_type":0,"stop_timezone":"America/Los_Angeles","wheelchair_boarding":0,"stop_city":"Whittier","routes":[{"route_id":"13059","agency_id":"1466","route_long_name":"Sunshine Shuttle Route A","route_type":3,"route_url":"https://dpw.lacounty.gov/transit/SWSunshineShuttle.aspx","route_color":"#e3653e","route_text_color":"#ffffff","route_sort_order":10,"continuous_pickup":1,"continuous_drop_off":1}],"agency_name":"LA Go Bus"},"geometry":{"type":"Point","coordinates":[-118.044251,33.967911]}},{"type":"Feature","properties":{"stop_id":"2525515","stop_name":"Washington Blvd & Putnam St","location_type":0,"stop_timezone":"America/Los_Angeles","wheelchair_boarding":0,"stop_city":"Whittier","routes":[{"route_id":"13059","agency_id":"1466","route_long_name":"Sunshine Shuttle Route A","route_type":3,"route_url":"https://dpw.lacounty.gov/transit/SWSunshineShuttle.aspx","route_color":"#e3653e","route_text_color":"#ffffff","route_sort_order":10,"continuous_pickup":1,"continuous_drop_off":1}],"agency_name":"LA Go Bus"},"geometry":{"type":"Point","coordinates":[-118.044362,33.968122]}},{"type":"Feature","properties":{"stop_id":"2525516","stop_name":"Washington Blvd & Rivera Rd","location_type":0,"stop_timezone":"America/Los_Angeles","wheelchair_boarding":0,"stop_city":"Valla","routes":[{"route_id":"13059","agency_id":"1466","route_long_name":"Sunshine Shuttle Route A","route_type":3,"route_url":"https://dpw.lacounty.gov/transit/SWSunshineShuttle.aspx","route_color":"#e3653e","route_text_color":"#ffffff","route_sort_order":10,"continuous_pickup":1,"continuous_drop_off":1}],"agency_name":"LA Go Bus"},"geometry":{"type":"Point","coordinates":[-118.052824,33.967632]}},{"type":"Feature","properties":{"stop_id":"2525517","stop_name":"Washington Blvd & Sorensen Ave","location_type":0,"stop_timezone":"America/Los_Angeles","wheelchair_boarding":0,"stop_city":"Los Nietos","routes":[{"route_id":"13059","agency_id":"1466","route_long_name":"Sunshine Shuttle Route A","route_type":3,"route_url":"https://dpw.lacounty.gov/transit/SWSunshineShuttle.aspx","route_color":"#e3653e","route_text_color":"#ffffff","route_sort_order":10,"continuous_pickup":1,"continuous_drop_off":1}],"agency_name":"LA Go Bus"},"geometry":{"type":"Point","coordinates":[-118.059472,33.969376]}},{"type":"Feature","properties":{"stop_id":"2525518","stop_name":"Whittier Blvd & 1st Ave","location_type":0,"stop_timezone":"America/Los_Angeles","wheelchair_boarding":0,"stop_city":"Whittier","routes":[{"route_id":"13060","agency_id":"1466","route_long_name":"Sunshine Shuttle Route B","route_type":3,"route_url":"https://dpw.lacounty.gov/transit/SWSunshineShuttle.aspx","route_color":"#4ebfec","route_text_color":"#000000","route_sort_order":11,"continuous_pickup":1,"continuous_drop_off":1}],"agency_name":"LA Go Bus"},"geometry":{"type":"Point","coordinates":[-117.985749,33.941584]}},{"type":"Feature","properties":{"stop_id":"2525519","stop_name":"Whittier Blvd & Cole Rd","location_type":0,"stop_timezone":"America/Los_Angeles","wheelchair_boarding":0,"stop_city":"Whittier","routes":[{"route_id":"13060","agency_id":"1466","route_long_name":"Sunshine Shuttle Route B","route_type":3,"route_url":"https://dpw.lacounty.gov/transit/SWSunshineShuttle.aspx","route_color":"#4ebfec","route_text_color":"#000000","route_sort_order":11,"continuous_pickup":1,"continuous_drop_off":1}],"agency_name":"LA Go Bus"},"geometry":{"type":"Point","coordinates":[-118.004777,33.948139]}},{"type":"Feature","properties":{"stop_id":"2525520","stop_name":"Whittier Blvd & Colima Rd","location_type":0,"stop_timezone":"America/Los_Angeles","wheelchair_boarding":0,"stop_city":"Whittier","routes":[{"route_id":"13060","agency_id":"1466","route_long_name":"Sunshine Shuttle Route B","route_type":3,"route_url":"https://dpw.lacounty.gov/transit/SWSunshineShuttle.aspx","route_color":"#4ebfec","route_text_color":"#000000","route_sort_order":11,"continuous_pickup":1,"continuous_drop_off":1}],"agency_name":"LA Go Bus"},"geometry":{"type":"Point","coordinates":[-118.007029,33.948829]}},{"type":"Feature","properties":{"stop_id":"2525521","stop_name":"Whittier Blvd & Colima Rd","location_type":0,"stop_timezone":"America/Los_Angeles","wheelchair_boarding":0,"stop_city":"Whittier","routes":[{"route_id":"13060","agency_id":"1466","route_long_name":"Sunshine Shuttle Route B","route_type":3,"route_url":"https://dpw.lacounty.gov/transit/SWSunshineShuttle.aspx","route_color":"#4ebfec","route_text_color":"#000000","route_sort_order":11,"continuous_pickup":1,"continuous_drop_off":1}],"agency_name":"LA Go Bus"},"geometry":{"type":"Point","coordinates":[-118.005797,33.948707]}},{"type":"Feature","properties":{"stop_id":"2525522","stop_name":"Whittier Blvd & Comstock","location_type":0,"stop_timezone":"America/Los_Angeles","wheelchair_boarding":0,"stop_city":"Whittier","routes":[{"route_id":"13059","agency_id":"1466","route_long_name":"Sunshine Shuttle Route A","route_type":3,"route_url":"https://dpw.lacounty.gov/transit/SWSunshineShuttle.aspx","route_color":"#e3653e","route_text_color":"#ffffff","route_sort_order":10,"continuous_pickup":1,"continuous_drop_off":1}],"agency_name":"LA Go Bus"},"geometry":{"type":"Point","coordinates":[-118.038587,33.96631]}},{"type":"Feature","properties":{"stop_id":"2525523","stop_name":"Whittier Blvd & Greenleaf","location_type":0,"stop_timezone":"America/Los_Angeles","wheelchair_boarding":0,"stop_city":"Whittier","routes":[{"route_id":"13059","agency_id":"1466","route_long_name":"Sunshine Shuttle Route A","route_type":3,"route_url":"https://dpw.lacounty.gov/transit/SWSunshineShuttle.aspx","route_color":"#e3653e","route_text_color":"#ffffff","route_sort_order":10,"continuous_pickup":1,"continuous_drop_off":1}],"agency_name":"LA Go Bus"},"geometry":{"type":"Point","coordinates":[-118.037976,33.966231]}},{"type":"Feature","properties":{"stop_id":"2525524","stop_name":"Whittier Blvd & Santa Gertrudes","location_type":0,"stop_timezone":"America/Los_Angeles","wheelchair_boarding":0,"stop_city":"Whittier","routes":[{"route_id":"13059","agency_id":"1466","route_long_name":"Sunshine Shuttle Route A","route_type":3,"route_url":"https://dpw.lacounty.gov/transit/SWSunshineShuttle.aspx","route_color":"#e3653e","route_text_color":"#ffffff","route_sort_order":10,"continuous_pickup":1,"continuous_drop_off":1},{"route_id":"13060","agency_id":"1466","route_long_name":"Sunshine Shuttle Route B","route_type":3,"route_url":"https://dpw.lacounty.gov/transit/SWSunshineShuttle.aspx","route_color":"#4ebfec","route_text_color":"#000000","route_sort_order":11,"continuous_pickup":1,"continuous_drop_off":1}],"agency_name":"LA Go Bus"},"geometry":{"type":"Point","coordinates":[-117.994637,33.944964]}},{"type":"Feature","properties":{"stop_id":"2525526","stop_name":"Whittier Blvd & Sorensen Av","location_type":0,"stop_timezone":"America/Los_Angeles","wheelchair_boarding":0,"stop_city":"Whittier","routes":[{"route_id":"13059","agency_id":"1466","route_long_name":"Sunshine Shuttle Route A","route_type":3,"route_url":"https://dpw.lacounty.gov/transit/SWSunshineShuttle.aspx","route_color":"#e3653e","route_text_color":"#ffffff","route_sort_order":10,"continuous_pickup":1,"continuous_drop_off":1}],"agency_name":"LA Go Bus"},"geometry":{"type":"Point","coordinates":[-118.051238,33.981094]}},{"type":"Feature","properties":{"stop_id":"2525527","stop_name":"Whittier Blvd & Sorensen Av","location_type":0,"stop_timezone":"America/Los_Angeles","wheelchair_boarding":0,"stop_city":"Whittier","routes":[{"route_id":"13059","agency_id":"1466","route_long_name":"Sunshine Shuttle Route A","route_type":3,"route_url":"https://dpw.lacounty.gov/transit/SWSunshineShuttle.aspx","route_color":"#e3653e","route_text_color":"#ffffff","route_sort_order":10,"continuous_pickup":1,"continuous_drop_off":1}],"agency_name":"LA Go Bus"},"geometry":{"type":"Point","coordinates":[-118.050903,33.981176]}},{"type":"Feature","properties":{"stop_id":"2525528","stop_name":"Whittwood Town Center","location_type":0,"stop_timezone":"America/Los_Angeles","wheelchair_boarding":0,"stop_city":"Whittier","routes":[{"route_id":"13060","agency_id":"1466","route_long_name":"Sunshine Shuttle Route B","route_type":3,"route_url":"https://dpw.lacounty.gov/transit/SWSunshineShuttle.aspx","route_color":"#4ebfec","route_text_color":"#000000","route_sort_order":11,"continuous_pickup":1,"continuous_drop_off":1}],"agency_name":"LA Go Bus"},"geometry":{"type":"Point","coordinates":[-117.998259,33.945028]}},{"type":"Feature","properties":{"stop_id":"2525529","stop_name":"Whittier Blvd & Whittwood Dr","location_type":0,"stop_timezone":"America/Los_Angeles","wheelchair_boarding":0,"stop_city":"Whittier","routes":[{"route_id":"13059","agency_id":"1466","route_long_name":"Sunshine Shuttle Route A","route_type":3,"route_url":"https://dpw.lacounty.gov/transit/SWSunshineShuttle.aspx","route_color":"#e3653e","route_text_color":"#ffffff","route_sort_order":10,"continuous_pickup":1,"continuous_drop_off":1},{"route_id":"13060","agency_id":"1466","route_long_name":"Sunshine Shuttle Route B","route_type":3,"route_url":"https://dpw.lacounty.gov/transit/SWSunshineShuttle.aspx","route_color":"#4ebfec","route_text_color":"#000000","route_sort_order":11,"continuous_pickup":1,"continuous_drop_off":1}],"agency_name":"LA Go Bus"},"geometry":{"type":"Point","coordinates":[-117.998984,33.946578]}},{"type":"Feature","properties":{"stop_id":"2525530","stop_name":"Whittwood Town Center","location_type":0,"stop_timezone":"America/Los_Angeles","wheelchair_boarding":0,"stop_city":"Whittier","routes":[{"route_id":"13059","agency_id":"1466","route_long_name":"Sunshine Shuttle Route A","route_type":3,"route_url":"https://dpw.lacounty.gov/transit/SWSunshineShuttle.aspx","route_color":"#e3653e","route_text_color":"#ffffff","route_sort_order":10,"continuous_pickup":1,"continuous_drop_off":1}],"agency_name":"LA Go Bus"},"geometry":{"type":"Point","coordinates":[-117.995744,33.944335]}},{"type":"Feature","properties":{"stop_id":"2525531","stop_name":"La Seda Rd & Rorimer St","location_type":0,"stop_timezone":"America/Los_Angeles","wheelchair_boarding":0,"stop_city":"Rowland Heights","routes":[{"route_id":"13051","agency_id":"1466","route_long_name":"East Valinda Shuttle","route_type":3,"route_url":"https://dpw.lacounty.gov/transit/EastValindaShuttle.aspx#schedule","route_color":"#864d95","route_text_color":"#ffffff","route_sort_order":4,"continuous_pickup":1,"continuous_drop_off":1}],"agency_name":"LA Go Bus"},"geometry":{"type":"Point","coordinates":[-117.898103,34.007448]}},{"type":"Feature","properties":{"stop_id":"2525532","stop_name":"Villa Park St & Richburn Ave","location_type":0,"stop_timezone":"America/Los_Angeles","wheelchair_boarding":0,"stop_city":"South San Jose Hills","routes":[{"route_id":"13051","agency_id":"1466","route_long_name":"East Valinda Shuttle","route_type":3,"route_url":"https://dpw.lacounty.gov/transit/EastValindaShuttle.aspx#schedule","route_color":"#864d95","route_text_color":"#ffffff","route_sort_order":4,"continuous_pickup":1,"continuous_drop_off":1}],"agency_name":"LA Go Bus"},"geometry":{"type":"Point","coordinates":[-117.893781,34.011905]}},{"type":"Feature","properties":{"stop_id":"2525533","stop_name":"La Seda Rd & Villa Park St","location_type":0,"stop_timezone":"America/Los_Angeles","wheelchair_boarding":0,"stop_city":"Rowland Heights","routes":[{"route_id":"13051","agency_id":"1466","route_long_name":"East Valinda Shuttle","route_type":3,"route_url":"https://dpw.lacounty.gov/transit/EastValindaShuttle.aspx#schedule","route_color":"#864d95","route_text_color":"#ffffff","route_sort_order":4,"continuous_pickup":1,"continuous_drop_off":1}],"agency_name":"LA Go Bus"},"geometry":{"type":"Point","coordinates":[-117.897627,34.011919]}},{"type":"Feature","properties":{"stop_id":"2525534","stop_name":"Azusa Ave & Salias St","location_type":0,"stop_timezone":"America/Los_Angeles","wheelchair_boarding":0,"stop_city":"La Puente","routes":[{"route_id":"13051","agency_id":"1466","route_long_name":"East Valinda Shuttle","route_type":3,"route_url":"https://dpw.lacounty.gov/transit/EastValindaShuttle.aspx#schedule","route_color":"#864d95","route_text_color":"#ffffff","route_sort_order":4,"continuous_pickup":1,"continuous_drop_off":1}],"agency_name":"LA Go Bus"},"geometry":{"type":"Point","coordinates":[-117.923384,34.011791]}},{"type":"Feature","properties":{"stop_id":"2525535","stop_name":"Valley Blvd & Alderton","location_type":0,"stop_timezone":"America/Los_Angeles","wheelchair_boarding":0,"stop_city":"Industry","routes":[{"route_id":"13051","agency_id":"1466","route_long_name":"East Valinda Shuttle","route_type":3,"route_url":"https://dpw.lacounty.gov/transit/EastValindaShuttle.aspx#schedule","route_color":"#864d95","route_text_color":"#ffffff","route_sort_order":4,"continuous_pickup":1,"continuous_drop_off":1}],"agency_name":"LA Go Bus"},"geometry":{"type":"Point","coordinates":[-117.913153,34.007258]}},{"type":"Feature","properties":{"stop_id":"2525536","stop_name":"Valley Blvd & Hambledon Ave","location_type":0,"stop_timezone":"America/Los_Angeles","wheelchair_boarding":0,"stop_city":"Rowland","routes":[{"route_id":"13051","agency_id":"1466","route_long_name":"East Valinda Shuttle","route_type":3,"route_url":"https://dpw.lacounty.gov/transit/EastValindaShuttle.aspx#schedule","route_color":"#864d95","route_text_color":"#ffffff","route_sort_order":4,"continuous_pickup":1,"continuous_drop_off":1}],"agency_name":"LA Go Bus"},"geometry":{"type":"Point","coordinates":[-117.917533,34.007968]}},{"type":"Feature","properties":{"stop_id":"2525537","stop_name":"Deapmead Ave & Altario St","location_type":0,"stop_timezone":"America/Los_Angeles","wheelchair_boarding":0,"stop_city":"Industry","routes":[{"route_id":"13051","agency_id":"1466","route_long_name":"East Valinda Shuttle","route_type":3,"route_url":"https://dpw.lacounty.gov/transit/EastValindaShuttle.aspx#schedule","route_color":"#864d95","route_text_color":"#ffffff","route_sort_order":4,"continuous_pickup":1,"continuous_drop_off":1}],"agency_name":"LA Go Bus"},"geometry":{"type":"Point","coordinates":[-117.898716,34.004929]}},{"type":"Feature","properties":{"stop_id":"2525538","stop_name":"Valley Blvd & Rancho La Puente Dr","location_type":0,"stop_timezone":"America/Los_Angeles","wheelchair_boarding":0,"stop_city":"Industry","routes":[{"route_id":"13051","agency_id":"1466","route_long_name":"East Valinda Shuttle","route_type":3,"route_url":"https://dpw.lacounty.gov/transit/EastValindaShuttle.aspx#schedule","route_color":"#864d95","route_text_color":"#ffffff","route_sort_order":4,"continuous_pickup":1,"continuous_drop_off":1}],"agency_name":"LA Go Bus"},"geometry":{"type":"Point","coordinates":[-117.906623,34.006203]}},{"type":"Feature","properties":{"stop_id":"2525539","stop_name":"Salais & Sandalwood","location_type":0,"stop_timezone":"America/Los_Angeles","wheelchair_boarding":0,"stop_city":"Rowland","routes":[{"route_id":"13051","agency_id":"1466","route_long_name":"East Valinda Shuttle","route_type":3,"route_url":"https://dpw.lacounty.gov/transit/EastValindaShuttle.aspx#schedule","route_color":"#864d95","route_text_color":"#ffffff","route_sort_order":4,"continuous_pickup":1,"continuous_drop_off":1}],"agency_name":"LA Go Bus"},"geometry":{"type":"Point","coordinates":[-117.91854,34.011782]}},{"type":"Feature","properties":{"stop_id":"2525540","stop_name":"Gendel Dr & Villa Park St","location_type":0,"stop_timezone":"America/Los_Angeles","wheelchair_boarding":0,"stop_city":"Woodside Village","routes":[{"route_id":"13051","agency_id":"1466","route_long_name":"East Valinda Shuttle","route_type":3,"route_url":"https://dpw.lacounty.gov/transit/EastValindaShuttle.aspx#schedule","route_color":"#864d95","route_text_color":"#ffffff","route_sort_order":4,"continuous_pickup":1,"continuous_drop_off":1}],"agency_name":"LA Go Bus"},"geometry":{"type":"Point","coordinates":[-117.891011,34.011676]}},{"type":"Feature","properties":{"stop_id":"2525541","stop_name":"Valley Blvd & Giano Ave","location_type":0,"stop_timezone":"America/Los_Angeles","wheelchair_boarding":0,"stop_city":"Industry","routes":[{"route_id":"13051","agency_id":"1466","route_long_name":"East Valinda Shuttle","route_type":3,"route_url":"https://dpw.lacounty.gov/transit/EastValindaShuttle.aspx#schedule","route_color":"#864d95","route_text_color":"#ffffff","route_sort_order":4,"continuous_pickup":1,"continuous_drop_off":1}],"agency_name":"LA Go Bus"},"geometry":{"type":"Point","coordinates":[-117.909278,34.006631]}},{"type":"Feature","properties":{"stop_id":"2525542","stop_name":"Hambledon Ave & Northam St","location_type":0,"stop_timezone":"America/Los_Angeles","wheelchair_boarding":0,"stop_city":"El Monte","routes":[{"route_id":"13051","agency_id":"1466","route_long_name":"East Valinda Shuttle","route_type":3,"route_url":"https://dpw.lacounty.gov/transit/EastValindaShuttle.aspx#schedule","route_color":"#864d95","route_text_color":"#ffffff","route_sort_order":4,"continuous_pickup":1,"continuous_drop_off":1}],"agency_name":"LA Go Bus"},"geometry":{"type":"Point","coordinates":[-117.916468,34.012365]}},{"type":"Feature","properties":{"stop_id":"2525543","stop_name":"Renault St & Bainford Ave","location_type":0,"stop_timezone":"America/Los_Angeles","wheelchair_boarding":0,"stop_city":"El Monte","routes":[{"route_id":"13051","agency_id":"1466","route_long_name":"East Valinda Shuttle","route_type":3,"route_url":"https://dpw.lacounty.gov/transit/EastValindaShuttle.aspx#schedule","route_color":"#864d95","route_text_color":"#ffffff","route_sort_order":4,"continuous_pickup":1,"continuous_drop_off":1}],"agency_name":"LA Go Bus"},"geometry":{"type":"Point","coordinates":[-117.913993,34.014078]}},{"type":"Feature","properties":{"stop_id":"2525544","stop_name":"Gemini St & Bainford Ave","location_type":0,"stop_timezone":"America/Los_Angeles","wheelchair_boarding":0,"stop_city":"Industry","routes":[{"route_id":"13051","agency_id":"1466","route_long_name":"East Valinda Shuttle","route_type":3,"route_url":"https://dpw.lacounty.gov/transit/EastValindaShuttle.aspx#schedule","route_color":"#864d95","route_text_color":"#ffffff","route_sort_order":4,"continuous_pickup":1,"continuous_drop_off":1}],"agency_name":"LA Go Bus"},"geometry":{"type":"Point","coordinates":[-117.912491,34.016624]}},{"type":"Feature","properties":{"stop_id":"2525546","stop_name":"Nogales High School","location_type":0,"stop_timezone":"America/Los_Angeles","wheelchair_boarding":0,"stop_city":"Woodside Village","routes":[{"route_id":"13051","agency_id":"1466","route_long_name":"East Valinda Shuttle","route_type":3,"route_url":"https://dpw.lacounty.gov/transit/EastValindaShuttle.aspx#schedule","route_color":"#864d95","route_text_color":"#ffffff","route_sort_order":4,"continuous_pickup":1,"continuous_drop_off":1}],"agency_name":"LA Go Bus"},"geometry":{"type":"Point","coordinates":[-117.887109,34.009847]}},{"type":"Feature","properties":{"stop_id":"2525547","stop_name":"Gemini St & Sandalwood Ave","location_type":0,"stop_timezone":"America/Los_Angeles","wheelchair_boarding":0,"stop_city":"Industry","routes":[{"route_id":"13051","agency_id":"1466","route_long_name":"East Valinda Shuttle","route_type":3,"route_url":"https://dpw.lacounty.gov/transit/EastValindaShuttle.aspx#schedule","route_color":"#864d95","route_text_color":"#ffffff","route_sort_order":4,"continuous_pickup":1,"continuous_drop_off":1}],"agency_name":"LA Go Bus"},"geometry":{"type":"Point","coordinates":[-117.917057,34.017844]}},{"type":"Feature","properties":{"stop_id":"2525548","stop_name":"Azusa Ave & Gemini St","location_type":0,"stop_timezone":"America/Los_Angeles","wheelchair_boarding":0,"stop_city":"Rowland","routes":[{"route_id":"13051","agency_id":"1466","route_long_name":"East Valinda Shuttle","route_type":3,"route_url":"https://dpw.lacounty.gov/transit/EastValindaShuttle.aspx#schedule","route_color":"#864d95","route_text_color":"#ffffff","route_sort_order":4,"continuous_pickup":1,"continuous_drop_off":1}],"agency_name":"LA Go Bus"},"geometry":{"type":"Point","coordinates":[-117.919811,34.018837]}},{"type":"Feature","properties":{"stop_id":"2525549","stop_name":"Azusa Ave & Temple Ave","location_type":0,"stop_timezone":"America/Los_Angeles","wheelchair_boarding":0,"stop_city":"Rowland","routes":[{"route_id":"13051","agency_id":"1466","route_long_name":"East Valinda Shuttle","route_type":3,"route_url":"https://dpw.lacounty.gov/transit/EastValindaShuttle.aspx#schedule","route_color":"#864d95","route_text_color":"#ffffff","route_sort_order":4,"continuous_pickup":1,"continuous_drop_off":1}],"agency_name":"LA Go Bus"},"geometry":{"type":"Point","coordinates":[-117.917607,34.024309]}},{"type":"Feature","properties":{"stop_id":"2525550","stop_name":"Azusa Ave & Wing Lane","location_type":0,"stop_timezone":"America/Los_Angeles","wheelchair_boarding":0,"stop_city":"West Covina","routes":[{"route_id":"13051","agency_id":"1466","route_long_name":"East Valinda Shuttle","route_type":3,"route_url":"https://dpw.lacounty.gov/transit/EastValindaShuttle.aspx#schedule","route_color":"#864d95","route_text_color":"#ffffff","route_sort_order":4,"continuous_pickup":1,"continuous_drop_off":1}],"agency_name":"LA Go Bus"},"geometry":{"type":"Point","coordinates":[-117.916468,34.027207]}},{"type":"Feature","properties":{"stop_id":"2525551","stop_name":"Amar Ave & Brentwood","location_type":0,"stop_timezone":"America/Los_Angeles","wheelchair_boarding":0,"stop_city":"West Covina","routes":[{"route_id":"13051","agency_id":"1466","route_long_name":"East Valinda Shuttle","route_type":3,"route_url":"https://dpw.lacounty.gov/transit/EastValindaShuttle.aspx#schedule","route_color":"#864d95","route_text_color":"#ffffff","route_sort_order":4,"continuous_pickup":1,"continuous_drop_off":1}],"agency_name":"LA Go Bus"},"geometry":{"type":"Point","coordinates":[-117.917681,34.034493]}},{"type":"Feature","properties":{"stop_id":"2525552","stop_name":"Amar Ave & Azusa Ave","location_type":0,"stop_timezone":"America/Los_Angeles","wheelchair_boarding":0,"stop_city":"West Covina","routes":[{"route_id":"13051","agency_id":"1466","route_long_name":"East Valinda Shuttle","route_type":3,"route_url":"https://dpw.lacounty.gov/transit/EastValindaShuttle.aspx#schedule","route_color":"#864d95","route_text_color":"#ffffff","route_sort_order":4,"continuous_pickup":1,"continuous_drop_off":1}],"agency_name":"LA Go Bus"},"geometry":{"type":"Point","coordinates":[-117.915066,34.031773]}},{"type":"Feature","properties":{"stop_id":"2525553","stop_name":"Amar Ave & Lark Allen","location_type":0,"stop_timezone":"America/Los_Angeles","wheelchair_boarding":0,"stop_city":"West Covina","routes":[{"route_id":"13051","agency_id":"1466","route_long_name":"East Valinda Shuttle","route_type":3,"route_url":"https://dpw.lacounty.gov/transit/EastValindaShuttle.aspx#schedule","route_color":"#864d95","route_text_color":"#ffffff","route_sort_order":4,"continuous_pickup":1,"continuous_drop_off":1}],"agency_name":"LA Go Bus"},"geometry":{"type":"Point","coordinates":[-117.919881,34.035371]}},{"type":"Feature","properties":{"stop_id":"2525554","stop_name":"Valinda Ave & Amar Ave","location_type":0,"stop_timezone":"America/Los_Angeles","wheelchair_boarding":0,"stop_city":"El Monte","routes":[{"route_id":"13051","agency_id":"1466","route_long_name":"East Valinda Shuttle","route_type":3,"route_url":"https://dpw.lacounty.gov/transit/EastValindaShuttle.aspx#schedule","route_color":"#864d95","route_text_color":"#ffffff","route_sort_order":4,"continuous_pickup":1,"continuous_drop_off":1}],"agency_name":"LA Go Bus"},"geometry":{"type":"Point","coordinates":[-117.92648,34.03536]}},{"type":"Feature","properties":{"stop_id":"2525555","stop_name":"Valinda Ave & Mulvane","location_type":0,"stop_timezone":"America/Los_Angeles","wheelchair_boarding":0,"stop_city":"El Monte","routes":[{"route_id":"13051","agency_id":"1466","route_long_name":"East Valinda Shuttle","route_type":3,"route_url":"https://dpw.lacounty.gov/transit/EastValindaShuttle.aspx#schedule","route_color":"#864d95","route_text_color":"#ffffff","route_sort_order":4,"continuous_pickup":1,"continuous_drop_off":1}],"agency_name":"LA Go Bus"},"geometry":{"type":"Point","coordinates":[-117.926768,34.032277]}},{"type":"Feature","properties":{"stop_id":"2525556","stop_name":"Valinda Ave & Wing Lane","location_type":0,"stop_timezone":"America/Los_Angeles","wheelchair_boarding":0,"stop_city":"El Monte","routes":[{"route_id":"13051","agency_id":"1466","route_long_name":"East Valinda Shuttle","route_type":3,"route_url":"https://dpw.lacounty.gov/transit/EastValindaShuttle.aspx#schedule","route_color":"#864d95","route_text_color":"#ffffff","route_sort_order":4,"continuous_pickup":1,"continuous_drop_off":1}],"agency_name":"LA Go Bus"},"geometry":{"type":"Point","coordinates":[-117.927083,34.028942]}},{"type":"Feature","properties":{"stop_id":"2525557","stop_name":"Wing Lane & Glenhope Dr","location_type":0,"stop_timezone":"America/Los_Angeles","wheelchair_boarding":0,"stop_city":"El Monte","routes":[{"route_id":"13051","agency_id":"1466","route_long_name":"East Valinda Shuttle","route_type":3,"route_url":"https://dpw.lacounty.gov/transit/EastValindaShuttle.aspx#schedule","route_color":"#864d95","route_text_color":"#ffffff","route_sort_order":4,"continuous_pickup":1,"continuous_drop_off":1}],"agency_name":"LA Go Bus"},"geometry":{"type":"Point","coordinates":[-117.925368,34.028003]}},{"type":"Feature","properties":{"stop_id":"2525558","stop_name":"Wing Lane & Roxdale","location_type":0,"stop_timezone":"America/Los_Angeles","wheelchair_boarding":0,"stop_city":"El Monte","routes":[{"route_id":"13051","agency_id":"1466","route_long_name":"East Valinda Shuttle","route_type":3,"route_url":"https://dpw.lacounty.gov/transit/EastValindaShuttle.aspx#schedule","route_color":"#864d95","route_text_color":"#ffffff","route_sort_order":4,"continuous_pickup":1,"continuous_drop_off":1}],"agency_name":"LA Go Bus"},"geometry":{"type":"Point","coordinates":[-117.921516,34.028322]}},{"type":"Feature","properties":{"stop_id":"2525559","stop_name":"Rimgrove Dr & Samgerry Dr","location_type":0,"stop_timezone":"America/Los_Angeles","wheelchair_boarding":0,"stop_city":"El Monte","routes":[{"route_id":"13051","agency_id":"1466","route_long_name":"East Valinda Shuttle","route_type":3,"route_url":"https://dpw.lacounty.gov/transit/EastValindaShuttle.aspx#schedule","route_color":"#864d95","route_text_color":"#ffffff","route_sort_order":4,"continuous_pickup":1,"continuous_drop_off":1}],"agency_name":"LA Go Bus"},"geometry":{"type":"Point","coordinates":[-117.919327,34.029332]}},{"type":"Feature","properties":{"stop_id":"2525560","stop_name":"Rimgrove Park","location_type":0,"stop_timezone":"America/Los_Angeles","wheelchair_boarding":0,"stop_city":"El Monte","routes":[{"route_id":"13051","agency_id":"1466","route_long_name":"East Valinda Shuttle","route_type":3,"route_url":"https://dpw.lacounty.gov/transit/EastValindaShuttle.aspx#schedule","route_color":"#864d95","route_text_color":"#ffffff","route_sort_order":4,"continuous_pickup":1,"continuous_drop_off":1}],"agency_name":"LA Go Bus"},"geometry":{"type":"Point","coordinates":[-117.919631,34.031577]}},{"type":"Feature","properties":{"stop_id":"2525561","stop_name":"Wing Ln & Roxdale Ave","location_type":0,"stop_timezone":"America/Los_Angeles","wheelchair_boarding":0,"stop_city":"El Monte","routes":[{"route_id":"13051","agency_id":"1466","route_long_name":"East Valinda Shuttle","route_type":3,"route_url":"https://dpw.lacounty.gov/transit/EastValindaShuttle.aspx#schedule","route_color":"#864d95","route_text_color":"#ffffff","route_sort_order":4,"continuous_pickup":1,"continuous_drop_off":1}],"agency_name":"LA Go Bus"},"geometry":{"type":"Point","coordinates":[-117.921531,34.028433]}},{"type":"Feature","properties":{"stop_id":"2525562","stop_name":"Wing Ln & Glenhope Dr","location_type":0,"stop_timezone":"America/Los_Angeles","wheelchair_boarding":0,"stop_city":"El Monte","routes":[{"route_id":"13051","agency_id":"1466","route_long_name":"East Valinda Shuttle","route_type":3,"route_url":"https://dpw.lacounty.gov/transit/EastValindaShuttle.aspx#schedule","route_color":"#864d95","route_text_color":"#ffffff","route_sort_order":4,"continuous_pickup":1,"continuous_drop_off":1}],"agency_name":"LA Go Bus"},"geometry":{"type":"Point","coordinates":[-117.924961,34.028339]}},{"type":"Feature","properties":{"stop_id":"2525563","stop_name":"Amar Rd & Lark Ellen Ave","location_type":0,"stop_timezone":"America/Los_Angeles","wheelchair_boarding":0,"stop_city":"El Monte","routes":[{"route_id":"13051","agency_id":"1466","route_long_name":"East Valinda Shuttle","route_type":3,"route_url":"https://dpw.lacounty.gov/transit/EastValindaShuttle.aspx#schedule","route_color":"#864d95","route_text_color":"#ffffff","route_sort_order":4,"continuous_pickup":1,"continuous_drop_off":1}],"agency_name":"LA Go Bus"},"geometry":{"type":"Point","coordinates":[-117.919232,34.034951]}},{"type":"Feature","properties":{"stop_id":"2525564","stop_name":"Amar Rd & Valinda Ave","location_type":0,"stop_timezone":"America/Los_Angeles","wheelchair_boarding":0,"stop_city":"El Monte","routes":[{"route_id":"13051","agency_id":"1466","route_long_name":"East Valinda Shuttle","route_type":3,"route_url":"https://dpw.lacounty.gov/transit/EastValindaShuttle.aspx#schedule","route_color":"#864d95","route_text_color":"#ffffff","route_sort_order":4,"continuous_pickup":1,"continuous_drop_off":1}],"agency_name":"LA Go Bus"},"geometry":{"type":"Point","coordinates":[-117.925799,34.035563]}},{"type":"Feature","properties":{"stop_id":"2525565","stop_name":"Valinda Ave & Mulvane St","location_type":0,"stop_timezone":"America/Los_Angeles","wheelchair_boarding":0,"stop_city":"El Monte","routes":[{"route_id":"13051","agency_id":"1466","route_long_name":"East Valinda Shuttle","route_type":3,"route_url":"https://dpw.lacounty.gov/transit/EastValindaShuttle.aspx#schedule","route_color":"#864d95","route_text_color":"#ffffff","route_sort_order":4,"continuous_pickup":1,"continuous_drop_off":1}],"agency_name":"LA Go Bus"},"geometry":{"type":"Point","coordinates":[-117.926508,34.032668]}},{"type":"Feature","properties":{"stop_id":"2525566","stop_name":"Amar Rd & Brentwood Dr","location_type":0,"stop_timezone":"America/Los_Angeles","wheelchair_boarding":0,"stop_city":"El Monte","routes":[{"route_id":"13051","agency_id":"1466","route_long_name":"East Valinda Shuttle","route_type":3,"route_url":"https://dpw.lacounty.gov/transit/EastValindaShuttle.aspx#schedule","route_color":"#864d95","route_text_color":"#ffffff","route_sort_order":4,"continuous_pickup":1,"continuous_drop_off":1}],"agency_name":"LA Go Bus"},"geometry":{"type":"Point","coordinates":[-117.917975,34.034371]}},{"type":"Feature","properties":{"stop_id":"2525567","stop_name":"Azusa Ave & Amar Rd","location_type":0,"stop_timezone":"America/Los_Angeles","wheelchair_boarding":0,"stop_city":"El Monte","routes":[{"route_id":"13051","agency_id":"1466","route_long_name":"East Valinda Shuttle","route_type":3,"route_url":"https://dpw.lacounty.gov/transit/EastValindaShuttle.aspx#schedule","route_color":"#864d95","route_text_color":"#ffffff","route_sort_order":4,"continuous_pickup":1,"continuous_drop_off":1}],"agency_name":"LA Go Bus"},"geometry":{"type":"Point","coordinates":[-117.915108,34.031184]}},{"type":"Feature","properties":{"stop_id":"2525568","stop_name":"Azusa Ave & Wing Ln","location_type":0,"stop_timezone":"America/Los_Angeles","wheelchair_boarding":0,"stop_city":"El Monte","routes":[{"route_id":"13051","agency_id":"1466","route_long_name":"East Valinda Shuttle","route_type":3,"route_url":"https://dpw.lacounty.gov/transit/EastValindaShuttle.aspx#schedule","route_color":"#864d95","route_text_color":"#ffffff","route_sort_order":4,"continuous_pickup":1,"continuous_drop_off":1}],"agency_name":"LA Go Bus"},"geometry":{"type":"Point","coordinates":[-117.916632,34.027629]}},{"type":"Feature","properties":{"stop_id":"2525569","stop_name":"Azusa Ave & Temple Ave","location_type":0,"stop_timezone":"America/Los_Angeles","wheelchair_boarding":0,"stop_city":"Rowland","routes":[{"route_id":"13051","agency_id":"1466","route_long_name":"East Valinda Shuttle","route_type":3,"route_url":"https://dpw.lacounty.gov/transit/EastValindaShuttle.aspx#schedule","route_color":"#864d95","route_text_color":"#ffffff","route_sort_order":4,"continuous_pickup":1,"continuous_drop_off":1}],"agency_name":"LA Go Bus"},"geometry":{"type":"Point","coordinates":[-117.918031,34.024202]}},{"type":"Feature","properties":{"stop_id":"2525570","stop_name":"Gemini St & Azusa Ave","location_type":0,"stop_timezone":"America/Los_Angeles","wheelchair_boarding":0,"stop_city":"Industry","routes":[{"route_id":"13051","agency_id":"1466","route_long_name":"East Valinda Shuttle","route_type":3,"route_url":"https://dpw.lacounty.gov/transit/EastValindaShuttle.aspx#schedule","route_color":"#864d95","route_text_color":"#ffffff","route_sort_order":4,"continuous_pickup":1,"continuous_drop_off":1}],"agency_name":"LA Go Bus"},"geometry":{"type":"Point","coordinates":[-117.919615,34.018404]}},{"type":"Feature","properties":{"stop_id":"2525571","stop_name":"Gemini St & Sandalwood Ave","location_type":0,"stop_timezone":"America/Los_Angeles","wheelchair_boarding":0,"stop_city":"Industry","routes":[{"route_id":"13051","agency_id":"1466","route_long_name":"East Valinda Shuttle","route_type":3,"route_url":"https://dpw.lacounty.gov/transit/EastValindaShuttle.aspx#schedule","route_color":"#864d95","route_text_color":"#ffffff","route_sort_order":4,"continuous_pickup":1,"continuous_drop_off":1}],"agency_name":"LA Go Bus"},"geometry":{"type":"Point","coordinates":[-117.916656,34.017604]}},{"type":"Feature","properties":{"stop_id":"2525572","stop_name":"Gemini St & Bainford Ave","location_type":0,"stop_timezone":"America/Los_Angeles","wheelchair_boarding":0,"stop_city":"Industry","routes":[{"route_id":"13051","agency_id":"1466","route_long_name":"East Valinda Shuttle","route_type":3,"route_url":"https://dpw.lacounty.gov/transit/EastValindaShuttle.aspx#schedule","route_color":"#864d95","route_text_color":"#ffffff","route_sort_order":4,"continuous_pickup":1,"continuous_drop_off":1}],"agency_name":"LA Go Bus"},"geometry":{"type":"Point","coordinates":[-117.912504,34.016499]}},{"type":"Feature","properties":{"stop_id":"2525573","stop_name":"Renault St & Hambledon Ave","location_type":0,"stop_timezone":"America/Los_Angeles","wheelchair_boarding":0,"stop_city":"El Monte","routes":[{"route_id":"13051","agency_id":"1466","route_long_name":"East Valinda Shuttle","route_type":3,"route_url":"https://dpw.lacounty.gov/transit/EastValindaShuttle.aspx#schedule","route_color":"#864d95","route_text_color":"#ffffff","route_sort_order":4,"continuous_pickup":1,"continuous_drop_off":1}],"agency_name":"LA Go Bus"},"geometry":{"type":"Point","coordinates":[-117.915711,34.014612]}},{"type":"Feature","properties":{"stop_id":"2525574","stop_name":"Hambledon Ave & Northam St","location_type":0,"stop_timezone":"America/Los_Angeles","wheelchair_boarding":0,"stop_city":"El Monte","routes":[{"route_id":"13051","agency_id":"1466","route_long_name":"East Valinda Shuttle","route_type":3,"route_url":"https://dpw.lacounty.gov/transit/EastValindaShuttle.aspx#schedule","route_color":"#864d95","route_text_color":"#ffffff","route_sort_order":4,"continuous_pickup":1,"continuous_drop_off":1}],"agency_name":"LA Go Bus"},"geometry":{"type":"Point","coordinates":[-117.916645,34.012079]}},{"type":"Feature","properties":{"stop_id":"2525575","stop_name":"Salais St & Sandalwood Ave","location_type":0,"stop_timezone":"America/Los_Angeles","wheelchair_boarding":0,"stop_city":"Rowland","routes":[{"route_id":"13051","agency_id":"1466","route_long_name":"East Valinda Shuttle","route_type":3,"route_url":"https://dpw.lacounty.gov/transit/EastValindaShuttle.aspx#schedule","route_color":"#864d95","route_text_color":"#ffffff","route_sort_order":4,"continuous_pickup":1,"continuous_drop_off":1}],"agency_name":"LA Go Bus"},"geometry":{"type":"Point","coordinates":[-117.919037,34.011988]}},{"type":"Feature","properties":{"stop_id":"2525576","stop_name":"Azusa Way & Azusa Ave","location_type":0,"stop_timezone":"America/Los_Angeles","wheelchair_boarding":0,"stop_city":"La Puente","routes":[{"route_id":"13051","agency_id":"1466","route_long_name":"East Valinda Shuttle","route_type":3,"route_url":"https://dpw.lacounty.gov/transit/EastValindaShuttle.aspx#schedule","route_color":"#864d95","route_text_color":"#ffffff","route_sort_order":4,"continuous_pickup":1,"continuous_drop_off":1}],"agency_name":"LA Go Bus"},"geometry":{"type":"Point","coordinates":[-117.92506,34.01032]}},{"type":"Feature","properties":{"stop_id":"2525577","stop_name":"Valley Blvd & Hambleton Ave","location_type":0,"stop_timezone":"America/Los_Angeles","wheelchair_boarding":0,"stop_city":"Rowland","routes":[{"route_id":"13051","agency_id":"1466","route_long_name":"East Valinda Shuttle","route_type":3,"route_url":"https://dpw.lacounty.gov/transit/EastValindaShuttle.aspx#schedule","route_color":"#864d95","route_text_color":"#ffffff","route_sort_order":4,"continuous_pickup":1,"continuous_drop_off":1}],"agency_name":"LA Go Bus"},"geometry":{"type":"Point","coordinates":[-117.917063,34.00764]}},{"type":"Feature","properties":{"stop_id":"2525578","stop_name":"Valley Blvd & Giano Ave","location_type":0,"stop_timezone":"America/Los_Angeles","wheelchair_boarding":0,"stop_city":"Industry","routes":[{"route_id":"13051","agency_id":"1466","route_long_name":"East Valinda Shuttle","route_type":3,"route_url":"https://dpw.lacounty.gov/transit/EastValindaShuttle.aspx#schedule","route_color":"#864d95","route_text_color":"#ffffff","route_sort_order":4,"continuous_pickup":1,"continuous_drop_off":1}],"agency_name":"LA Go Bus"},"geometry":{"type":"Point","coordinates":[-117.90998,34.006463]}},{"type":"Feature","properties":{"stop_id":"2525579","stop_name":"Deapmead Ave & Altario St","location_type":0,"stop_timezone":"America/Los_Angeles","wheelchair_boarding":0,"stop_city":"Rowland Heights","routes":[{"route_id":"13051","agency_id":"1466","route_long_name":"East Valinda Shuttle","route_type":3,"route_url":"https://dpw.lacounty.gov/transit/EastValindaShuttle.aspx#schedule","route_color":"#864d95","route_text_color":"#ffffff","route_sort_order":4,"continuous_pickup":1,"continuous_drop_off":1}],"agency_name":"LA Go Bus"},"geometry":{"type":"Point","coordinates":[-117.898149,34.005371]}},{"type":"Feature","properties":{"stop_id":"2525581","stop_name":"La Seda Rd & Villa Park St","location_type":0,"stop_timezone":"America/Los_Angeles","wheelchair_boarding":0,"stop_city":"Rowland Heights","routes":[{"route_id":"13051","agency_id":"1466","route_long_name":"East Valinda Shuttle","route_type":3,"route_url":"https://dpw.lacounty.gov/transit/EastValindaShuttle.aspx#schedule","route_color":"#864d95","route_text_color":"#ffffff","route_sort_order":4,"continuous_pickup":1,"continuous_drop_off":1}],"agency_name":"LA Go Bus"},"geometry":{"type":"Point","coordinates":[-117.897468,34.011929]}},{"type":"Feature","properties":{"stop_id":"2525582","stop_name":"Villa Park St & Richburn Ave","location_type":0,"stop_timezone":"America/Los_Angeles","wheelchair_boarding":0,"stop_city":"South San Jose Hills","routes":[{"route_id":"13051","agency_id":"1466","route_long_name":"East Valinda Shuttle","route_type":3,"route_url":"https://dpw.lacounty.gov/transit/EastValindaShuttle.aspx#schedule","route_color":"#864d95","route_text_color":"#ffffff","route_sort_order":4,"continuous_pickup":1,"continuous_drop_off":1}],"agency_name":"LA Go Bus"},"geometry":{"type":"Point","coordinates":[-117.894225,34.011804]}},{"type":"Feature","properties":{"stop_id":"2525583","stop_name":"Gendel Dr & Villa Park St","location_type":0,"stop_timezone":"America/Los_Angeles","wheelchair_boarding":0,"stop_city":"Woodside Village","routes":[{"route_id":"13051","agency_id":"1466","route_long_name":"East Valinda Shuttle","route_type":3,"route_url":"https://dpw.lacounty.gov/transit/EastValindaShuttle.aspx#schedule","route_color":"#864d95","route_text_color":"#ffffff","route_sort_order":4,"continuous_pickup":1,"continuous_drop_off":1}],"agency_name":"LA Go Bus"},"geometry":{"type":"Point","coordinates":[-117.891146,34.011592]}},{"type":"Feature","properties":{"stop_id":"2525584","stop_name":"Northam St & Nogales St","location_type":0,"stop_timezone":"America/Los_Angeles","wheelchair_boarding":0,"stop_city":"Rowland Heights","routes":[{"route_id":"13051","agency_id":"1466","route_long_name":"East Valinda Shuttle","route_type":3,"route_url":"https://dpw.lacounty.gov/transit/EastValindaShuttle.aspx#schedule","route_color":"#864d95","route_text_color":"#ffffff","route_sort_order":4,"continuous_pickup":1,"continuous_drop_off":1}],"agency_name":"LA Go Bus"},"geometry":{"type":"Point","coordinates":[-117.88771,34.008283]}},{"type":"Feature","properties":{"stop_id":"2525585","stop_name":"Deepmead Ave & Sunshine Park","location_type":0,"stop_timezone":"America/Los_Angeles","wheelchair_boarding":0,"stop_city":"Rowland Heights","routes":[{"route_id":"13051","agency_id":"1466","route_long_name":"East Valinda Shuttle","route_type":3,"route_url":"https://dpw.lacounty.gov/transit/EastValindaShuttle.aspx#schedule","route_color":"#864d95","route_text_color":"#ffffff","route_sort_order":4,"continuous_pickup":1,"continuous_drop_off":1}],"agency_name":"LA Go Bus"},"geometry":{"type":"Point","coordinates":[-117.90037003591425,34.00952168749998]}},{"type":"Feature","properties":{"stop_id":"2525586","stop_name":"Deepmead Ave & Sunshine Park","location_type":0,"stop_timezone":"America/Los_Angeles","wheelchair_boarding":0,"stop_city":"Rowland Heights","routes":[{"route_id":"13051","agency_id":"1466","route_long_name":"East Valinda Shuttle","route_type":3,"route_url":"https://dpw.lacounty.gov/transit/EastValindaShuttle.aspx#schedule","route_color":"#864d95","route_text_color":"#ffffff","route_sort_order":4,"continuous_pickup":1,"continuous_drop_off":1}],"agency_name":"LA Go Bus"},"geometry":{"type":"Point","coordinates":[-117.90050118275474,34.00952168749998]}},{"type":"Feature","properties":{"stop_id":"2525587","stop_name":"Kenneth Hahn State Recreational Area","location_type":0,"stop_timezone":"America/Los_Angeles","wheelchair_boarding":0,"stop_city":"Los Angeles","routes":[{"route_id":"13063","agency_id":"1466","route_long_name":"The Link - Baldwin Hills Parklands","route_type":3,"route_url":"https://dpw.lacounty.gov/transit/TheLinkBaldwin.aspx","route_color":"#63e1cd","route_text_color":"#000000","route_sort_order":14,"continuous_pickup":1,"continuous_drop_off":1}],"agency_name":"LA Go Bus"},"geometry":{"type":"Point","coordinates":[-118.368815,34.006317]}},{"type":"Feature","properties":{"stop_id":"2525588","stop_name":"La Cienega Blvd & Jefferson Blvd","location_type":0,"stop_timezone":"America/Los_Angeles","wheelchair_boarding":0,"stop_city":"Los Angeles","routes":[{"route_id":"13063","agency_id":"1466","route_long_name":"The Link - Baldwin Hills Parklands","route_type":3,"route_url":"https://dpw.lacounty.gov/transit/TheLinkBaldwin.aspx","route_color":"#63e1cd","route_text_color":"#000000","route_sort_order":14,"continuous_pickup":1,"continuous_drop_off":1}],"agency_name":"LA Go Bus"},"geometry":{"type":"Point","coordinates":[-118.372243,34.025995]}},{"type":"Feature","properties":{"stop_id":"2525589","stop_name":"La Cienega Blvd & Rodeo Dr","location_type":0,"stop_timezone":"America/Los_Angeles","wheelchair_boarding":0,"stop_city":"Los Angeles","routes":[{"route_id":"13063","agency_id":"1466","route_long_name":"The Link - Baldwin Hills Parklands","route_type":3,"route_url":"https://dpw.lacounty.gov/transit/TheLinkBaldwin.aspx","route_color":"#63e1cd","route_text_color":"#000000","route_sort_order":14,"continuous_pickup":1,"continuous_drop_off":1}],"agency_name":"LA Go Bus"},"geometry":{"type":"Point","coordinates":[-118.372528,34.021177]}},{"type":"Feature","properties":{"stop_id":"2525590","stop_name":"Stoneview Nature Center","location_type":0,"stop_timezone":"America/Los_Angeles","wheelchair_boarding":0,"stop_city":"Culver City","routes":[{"route_id":"13063","agency_id":"1466","route_long_name":"The Link - Baldwin Hills Parklands","route_type":3,"route_url":"https://dpw.lacounty.gov/transit/TheLinkBaldwin.aspx","route_color":"#63e1cd","route_text_color":"#000000","route_sort_order":14,"continuous_pickup":1,"continuous_drop_off":1}],"agency_name":"LA Go Bus"},"geometry":{"type":"Point","coordinates":[-118.3773,34.014763]}},{"type":"Feature","properties":{"stop_id":"2525592","stop_name":"Baldwin Hills Scenic Overlook","location_type":0,"stop_timezone":"America/Los_Angeles","wheelchair_boarding":0,"stop_city":"Culver City","routes":[{"route_id":"13063","agency_id":"1466","route_long_name":"The Link - Baldwin Hills Parklands","route_type":3,"route_url":"https://dpw.lacounty.gov/transit/TheLinkBaldwin.aspx","route_color":"#63e1cd","route_text_color":"#000000","route_sort_order":14,"continuous_pickup":1,"continuous_drop_off":1}],"agency_name":"LA Go Bus"},"geometry":{"type":"Point","coordinates":[-118.382506,34.016186]}},{"type":"Feature","properties":{"stop_id":"2525593","stop_name":"Imperial Hwy & Western Ave","location_type":0,"stop_timezone":"America/Los_Angeles","wheelchair_boarding":0,"stop_city":"Westmont","routes":[{"route_id":"13062","agency_id":"1466","route_long_name":"The Link - Athens","route_type":3,"route_url":"https://dpw.lacounty.gov/transit/TheLinkAthens.aspx","route_color":"#f6b255","route_text_color":"#000000","route_sort_order":13,"continuous_pickup":1,"continuous_drop_off":1}],"agency_name":"LA Go Bus"},"geometry":{"type":"Point","coordinates":[-118.309997,33.931083]}},{"type":"Feature","properties":{"stop_id":"2525594","stop_name":"Imperial Hwy & Wilton Pl","location_type":0,"stop_timezone":"America/Los_Angeles","wheelchair_boarding":0,"stop_city":"Westmont","routes":[{"route_id":"13062","agency_id":"1466","route_long_name":"The Link - Athens","route_type":3,"route_url":"https://dpw.lacounty.gov/transit/TheLinkAthens.aspx","route_color":"#f6b255","route_text_color":"#000000","route_sort_order":13,"continuous_pickup":1,"continuous_drop_off":1}],"agency_name":"LA Go Bus"},"geometry":{"type":"Point","coordinates":[-118.31324,33.931105]}},{"type":"Feature","properties":{"stop_id":"2525595","stop_name":"108th St & Denker Ave","location_type":0,"stop_timezone":"America/Los_Angeles","wheelchair_boarding":0,"stop_city":"Westmont","routes":[{"route_id":"13062","agency_id":"1466","route_long_name":"The Link - Athens","route_type":3,"route_url":"https://dpw.lacounty.gov/transit/TheLinkAthens.aspx","route_color":"#f6b255","route_text_color":"#000000","route_sort_order":13,"continuous_pickup":1,"continuous_drop_off":1}],"agency_name":"LA Go Bus"},"geometry":{"type":"Point","coordinates":[-118.304879,33.938129]}},{"type":"Feature","properties":{"stop_id":"2525596","stop_name":"108th St & Western Ave","location_type":0,"stop_timezone":"America/Los_Angeles","wheelchair_boarding":0,"stop_city":"Westmont","routes":[{"route_id":"13062","agency_id":"1466","route_long_name":"The Link - Athens","route_type":3,"route_url":"https://dpw.lacounty.gov/transit/TheLinkAthens.aspx","route_color":"#f6b255","route_text_color":"#000000","route_sort_order":13,"continuous_pickup":1,"continuous_drop_off":1}],"agency_name":"LA Go Bus"},"geometry":{"type":"Point","coordinates":[-118.309406,33.938125]}},{"type":"Feature","properties":{"stop_id":"2525597","stop_name":"108th St & Gramercy Place","location_type":0,"stop_timezone":"America/Los_Angeles","wheelchair_boarding":0,"stop_city":"Westmont","routes":[{"route_id":"13062","agency_id":"1466","route_long_name":"The Link - Athens","route_type":3,"route_url":"https://dpw.lacounty.gov/transit/TheLinkAthens.aspx","route_color":"#f6b255","route_text_color":"#000000","route_sort_order":13,"continuous_pickup":1,"continuous_drop_off":1}],"agency_name":"LA Go Bus"},"geometry":{"type":"Point","coordinates":[-118.313617,33.938129]}},{"type":"Feature","properties":{"stop_id":"2525598","stop_name":"120th St & Western Ave","location_type":0,"stop_timezone":"America/Los_Angeles","wheelchair_boarding":0,"stop_city":"Athens","routes":[{"route_id":"13062","agency_id":"1466","route_long_name":"The Link - Athens","route_type":3,"route_url":"https://dpw.lacounty.gov/transit/TheLinkAthens.aspx","route_color":"#f6b255","route_text_color":"#000000","route_sort_order":13,"continuous_pickup":1,"continuous_drop_off":1}],"agency_name":"LA Go Bus"},"geometry":{"type":"Point","coordinates":[-118.308564,33.924132]}},{"type":"Feature","properties":{"stop_id":"2525599","stop_name":"108th St Mid-Block","location_type":0,"stop_timezone":"America/Los_Angeles","wheelchair_boarding":0,"stop_city":"Westmont","routes":[{"route_id":"13062","agency_id":"1466","route_long_name":"The Link - Athens","route_type":3,"route_url":"https://dpw.lacounty.gov/transit/TheLinkAthens.aspx","route_color":"#f6b255","route_text_color":"#000000","route_sort_order":13,"continuous_pickup":1,"continuous_drop_off":1}],"agency_name":"LA Go Bus"},"geometry":{"type":"Point","coordinates":[-118.30326,33.938122]}},{"type":"Feature","properties":{"stop_id":"2525600","stop_name":"Crenshaw Blvd & Thoreau St","location_type":0,"stop_timezone":"America/Los_Angeles","wheelchair_boarding":0,"stop_city":"Inglewood","routes":[{"route_id":"13062","agency_id":"1466","route_long_name":"The Link - Athens","route_type":3,"route_url":"https://dpw.lacounty.gov/transit/TheLinkAthens.aspx","route_color":"#f6b255","route_text_color":"#000000","route_sort_order":13,"continuous_pickup":1,"continuous_drop_off":1}],"agency_name":"LA Go Bus"},"geometry":{"type":"Point","coordinates":[-118.326361,33.933962]}},{"type":"Feature","properties":{"stop_id":"2525601","stop_name":"Crenshaw Blvd & Imperial Hwy","location_type":0,"stop_timezone":"America/Los_Angeles","wheelchair_boarding":0,"stop_city":"Inglewood","routes":[{"route_id":"13062","agency_id":"1466","route_long_name":"The Link - Athens","route_type":3,"route_url":"https://dpw.lacounty.gov/transit/TheLinkAthens.aspx","route_color":"#f6b255","route_text_color":"#000000","route_sort_order":13,"continuous_pickup":1,"continuous_drop_off":1}],"agency_name":"LA Go Bus"},"geometry":{"type":"Point","coordinates":[-118.326354,33.931526]}},{"type":"Feature","properties":{"stop_id":"2525602","stop_name":"Western Ave & LA Southwest College St","location_type":0,"stop_timezone":"America/Los_Angeles","wheelchair_boarding":0,"stop_city":"Hawthorne","routes":[{"route_id":"13062","agency_id":"1466","route_long_name":"The Link - Athens","route_type":3,"route_url":"https://dpw.lacounty.gov/transit/TheLinkAthens.aspx","route_color":"#f6b255","route_text_color":"#000000","route_sort_order":13,"continuous_pickup":1,"continuous_drop_off":1}],"agency_name":"LA Go Bus"},"geometry":{"type":"Point","coordinates":[-118.308911,33.929029]}},{"type":"Feature","properties":{"stop_id":"2525603","stop_name":"108th St & Van Ness Ave","location_type":0,"stop_timezone":"America/Los_Angeles","wheelchair_boarding":0,"stop_city":"Inglewood","routes":[{"route_id":"13062","agency_id":"1466","route_long_name":"The Link - Athens","route_type":3,"route_url":"https://dpw.lacounty.gov/transit/TheLinkAthens.aspx","route_color":"#f6b255","route_text_color":"#000000","route_sort_order":13,"continuous_pickup":1,"continuous_drop_off":1}],"agency_name":"LA Go Bus"},"geometry":{"type":"Point","coordinates":[-118.317398,33.938134]}},{"type":"Feature","properties":{"stop_id":"2525604","stop_name":"Imperial Hwy & Van Ness Ave","location_type":0,"stop_timezone":"America/Los_Angeles","wheelchair_boarding":0,"stop_city":"Inglewood","routes":[{"route_id":"13062","agency_id":"1466","route_long_name":"The Link - Athens","route_type":3,"route_url":"https://dpw.lacounty.gov/transit/TheLinkAthens.aspx","route_color":"#f6b255","route_text_color":"#000000","route_sort_order":13,"continuous_pickup":1,"continuous_drop_off":1}],"agency_name":"LA Go Bus"},"geometry":{"type":"Point","coordinates":[-118.317555,33.931085]}},{"type":"Feature","properties":{"stop_id":"2525605","stop_name":"Normandie Ave & 108th St","location_type":0,"stop_timezone":"America/Los_Angeles","wheelchair_boarding":0,"stop_city":"Westmont","routes":[{"route_id":"13062","agency_id":"1466","route_long_name":"The Link - Athens","route_type":3,"route_url":"https://dpw.lacounty.gov/transit/TheLinkAthens.aspx","route_color":"#f6b255","route_text_color":"#000000","route_sort_order":13,"continuous_pickup":1,"continuous_drop_off":1}],"agency_name":"LA Go Bus"},"geometry":{"type":"Point","coordinates":[-118.30044,33.937964]}},{"type":"Feature","properties":{"stop_id":"2525606","stop_name":"110th St & Normandie Ave","location_type":0,"stop_timezone":"America/Los_Angeles","wheelchair_boarding":0,"stop_city":"Westmont","routes":[{"route_id":"13062","agency_id":"1466","route_long_name":"The Link - Athens","route_type":3,"route_url":"https://dpw.lacounty.gov/transit/TheLinkAthens.aspx","route_color":"#f6b255","route_text_color":"#000000","route_sort_order":13,"continuous_pickup":1,"continuous_drop_off":1}],"agency_name":"LA Go Bus"},"geometry":{"type":"Point","coordinates":[-118.29991,33.935439]}},{"type":"Feature","properties":{"stop_id":"2525607","stop_name":"110th St & Budlong Ave","location_type":0,"stop_timezone":"America/Los_Angeles","wheelchair_boarding":0,"stop_city":"Westmont","routes":[{"route_id":"13062","agency_id":"1466","route_long_name":"The Link - Athens","route_type":3,"route_url":"https://dpw.lacounty.gov/transit/TheLinkAthens.aspx","route_color":"#f6b255","route_text_color":"#000000","route_sort_order":13,"continuous_pickup":1,"continuous_drop_off":1}],"agency_name":"LA Go Bus"},"geometry":{"type":"Point","coordinates":[-118.29599,33.93544]}},{"type":"Feature","properties":{"stop_id":"2525608","stop_name":"Vermont Ave & Imperial Hwy","location_type":0,"stop_timezone":"America/Los_Angeles","wheelchair_boarding":0,"stop_city":"West Athens","routes":[{"route_id":"13062","agency_id":"1466","route_long_name":"The Link - Athens","route_type":3,"route_url":"https://dpw.lacounty.gov/transit/TheLinkAthens.aspx","route_color":"#f6b255","route_text_color":"#000000","route_sort_order":13,"continuous_pickup":1,"continuous_drop_off":1}],"agency_name":"LA Go Bus"},"geometry":{"type":"Point","coordinates":[-118.29204,33.930612]}},{"type":"Feature","properties":{"stop_id":"2525609","stop_name":"Vermont Ave & 112th St","location_type":0,"stop_timezone":"America/Los_Angeles","wheelchair_boarding":0,"stop_city":"Westmont","routes":[{"route_id":"13062","agency_id":"1466","route_long_name":"The Link - Athens","route_type":3,"route_url":"https://dpw.lacounty.gov/transit/TheLinkAthens.aspx","route_color":"#f6b255","route_text_color":"#000000","route_sort_order":13,"continuous_pickup":1,"continuous_drop_off":1}],"agency_name":"LA Go Bus"},"geometry":{"type":"Point","coordinates":[-118.292032,33.933035]}},{"type":"Feature","properties":{"stop_id":"2525610","stop_name":"Vermont Ave & Metro Rail Station","location_type":0,"stop_timezone":"America/Los_Angeles","wheelchair_boarding":0,"stop_city":"Los Angeles","routes":[{"route_id":"13062","agency_id":"1466","route_long_name":"The Link - Athens","route_type":3,"route_url":"https://dpw.lacounty.gov/transit/TheLinkAthens.aspx","route_color":"#f6b255","route_text_color":"#000000","route_sort_order":13,"continuous_pickup":1,"continuous_drop_off":1}],"agency_name":"LA Go Bus"},"geometry":{"type":"Point","coordinates":[-118.292046,33.928819]}},{"type":"Feature","properties":{"stop_id":"2525611","stop_name":"120th St & Budlong Ave","location_type":0,"stop_timezone":"America/Los_Angeles","wheelchair_boarding":0,"stop_city":"West Athens","routes":[{"route_id":"13062","agency_id":"1466","route_long_name":"The Link - Athens","route_type":3,"route_url":"https://dpw.lacounty.gov/transit/TheLinkAthens.aspx","route_color":"#f6b255","route_text_color":"#000000","route_sort_order":13,"continuous_pickup":1,"continuous_drop_off":1}],"agency_name":"LA Go Bus"},"geometry":{"type":"Point","coordinates":[-118.295733,33.923798]}},{"type":"Feature","properties":{"stop_id":"2525612","stop_name":"Vermont Ave & 119th St","location_type":0,"stop_timezone":"America/Los_Angeles","wheelchair_boarding":0,"stop_city":"West Athens","routes":[{"route_id":"13062","agency_id":"1466","route_long_name":"The Link - Athens","route_type":3,"route_url":"https://dpw.lacounty.gov/transit/TheLinkAthens.aspx","route_color":"#f6b255","route_text_color":"#000000","route_sort_order":13,"continuous_pickup":1,"continuous_drop_off":1}],"agency_name":"LA Go Bus"},"geometry":{"type":"Point","coordinates":[-118.291907,33.924401]}},{"type":"Feature","properties":{"stop_id":"2525613","stop_name":"120th St & Normandie Ave","location_type":0,"stop_timezone":"America/Los_Angeles","wheelchair_boarding":0,"stop_city":"West Athens","routes":[{"route_id":"13062","agency_id":"1466","route_long_name":"The Link - Athens","route_type":3,"route_url":"https://dpw.lacounty.gov/transit/TheLinkAthens.aspx","route_color":"#f6b255","route_text_color":"#000000","route_sort_order":13,"continuous_pickup":1,"continuous_drop_off":1}],"agency_name":"LA Go Bus"},"geometry":{"type":"Point","coordinates":[-118.300644,33.924074]}},{"type":"Feature","properties":{"stop_id":"2525614","stop_name":"120th St & Trojan Ave","location_type":0,"stop_timezone":"America/Los_Angeles","wheelchair_boarding":0,"stop_city":"West Athens","routes":[{"route_id":"13062","agency_id":"1466","route_long_name":"The Link - Athens","route_type":3,"route_url":"https://dpw.lacounty.gov/transit/TheLinkAthens.aspx","route_color":"#f6b255","route_text_color":"#000000","route_sort_order":13,"continuous_pickup":1,"continuous_drop_off":1}],"agency_name":"LA Go Bus"},"geometry":{"type":"Point","coordinates":[-118.304354,33.924119]}},{"type":"Feature","properties":{"stop_id":"2525616","stop_name":"Compton Ave & 83rd St","location_type":0,"stop_timezone":"America/Los_Angeles","wheelchair_boarding":0,"stop_city":"Florence-Firestone","routes":[{"route_id":"13065","agency_id":"1466","route_long_name":"The Link - Florence-Firestone/Walnut Park","route_type":3,"route_url":"https://dpw.lacounty.gov/transit/TheLinkFlorenceFirestone.aspx","route_color":"#e66575","route_text_color":"#000000","route_sort_order":15,"continuous_pickup":1,"continuous_drop_off":1}],"agency_name":"LA Go Bus"},"geometry":{"type":"Point","coordinates":[-118.247555,33.963174]}},{"type":"Feature","properties":{"stop_id":"2525617","stop_name":"Central Ave & Florence Ave","location_type":0,"stop_timezone":"America/Los_Angeles","wheelchair_boarding":0,"stop_city":"Los Angeles","routes":[{"route_id":"13065","agency_id":"1466","route_long_name":"The Link - Florence-Firestone/Walnut Park","route_type":3,"route_url":"https://dpw.lacounty.gov/transit/TheLinkFlorenceFirestone.aspx","route_color":"#e66575","route_text_color":"#000000","route_sort_order":15,"continuous_pickup":1,"continuous_drop_off":1}],"agency_name":"LA Go Bus"},"geometry":{"type":"Point","coordinates":[-118.255979,33.974672]}},{"type":"Feature","properties":{"stop_id":"2525618","stop_name":"Compton Ave & 81st St","location_type":0,"stop_timezone":"America/Los_Angeles","wheelchair_boarding":0,"stop_city":"Nadeau","routes":[{"route_id":"13065","agency_id":"1466","route_long_name":"The Link - Florence-Firestone/Walnut Park","route_type":3,"route_url":"https://dpw.lacounty.gov/transit/TheLinkFlorenceFirestone.aspx","route_color":"#e66575","route_text_color":"#000000","route_sort_order":15,"continuous_pickup":1,"continuous_drop_off":1}],"agency_name":"LA Go Bus"},"geometry":{"type":"Point","coordinates":[-118.247566,33.965713]}},{"type":"Feature","properties":{"stop_id":"2525619","stop_name":"Compton Ave & Nadeau St","location_type":0,"stop_timezone":"America/Los_Angeles","wheelchair_boarding":0,"stop_city":"Florence-Firestone","routes":[{"route_id":"13065","agency_id":"1466","route_long_name":"The Link - Florence-Firestone/Walnut Park","route_type":3,"route_url":"https://dpw.lacounty.gov/transit/TheLinkFlorenceFirestone.aspx","route_color":"#e66575","route_text_color":"#000000","route_sort_order":15,"continuous_pickup":1,"continuous_drop_off":1}],"agency_name":"LA Go Bus"},"geometry":{"type":"Point","coordinates":[-118.248003,33.96754]}},{"type":"Feature","properties":{"stop_id":"2525620","stop_name":"Florence Ave & Hooper Ave Midblock","location_type":0,"stop_timezone":"America/Los_Angeles","wheelchair_boarding":0,"stop_city":"Florence-Firestone","routes":[{"route_id":"13065","agency_id":"1466","route_long_name":"The Link - Florence-Firestone/Walnut Park","route_type":3,"route_url":"https://dpw.lacounty.gov/transit/TheLinkFlorenceFirestone.aspx","route_color":"#e66575","route_text_color":"#000000","route_sort_order":15,"continuous_pickup":1,"continuous_drop_off":1}],"agency_name":"LA Go Bus"},"geometry":{"type":"Point","coordinates":[-118.253665,33.974671]}},{"type":"Feature","properties":{"stop_id":"2525621","stop_name":"Central Ave & 75th St","location_type":0,"stop_timezone":"America/Los_Angeles","wheelchair_boarding":0,"stop_city":"Los Angeles","routes":[{"route_id":"13065","agency_id":"1466","route_long_name":"The Link - Florence-Firestone/Walnut Park","route_type":3,"route_url":"https://dpw.lacounty.gov/transit/TheLinkFlorenceFirestone.aspx","route_color":"#e66575","route_text_color":"#000000","route_sort_order":15,"continuous_pickup":1,"continuous_drop_off":1}],"agency_name":"LA Go Bus"},"geometry":{"type":"Point","coordinates":[-118.256283,33.972193]}},{"type":"Feature","properties":{"stop_id":"2525622","stop_name":"Nadeau St & Hooper Ave","location_type":0,"stop_timezone":"America/Los_Angeles","wheelchair_boarding":0,"stop_city":"Los Angeles","routes":[{"route_id":"13065","agency_id":"1466","route_long_name":"The Link - Florence-Firestone/Walnut Park","route_type":3,"route_url":"https://dpw.lacounty.gov/transit/TheLinkFlorenceFirestone.aspx","route_color":"#e66575","route_text_color":"#000000","route_sort_order":15,"continuous_pickup":1,"continuous_drop_off":1}],"agency_name":"LA Go Bus"},"geometry":{"type":"Point","coordinates":[-118.251717,33.967553]}},{"type":"Feature","properties":{"stop_id":"2525623","stop_name":"Maie Ave & Firestone Blvd","location_type":0,"stop_timezone":"America/Los_Angeles","wheelchair_boarding":0,"stop_city":"Nadeau","routes":[{"route_id":"13065","agency_id":"1466","route_long_name":"The Link - Florence-Firestone/Walnut Park","route_type":3,"route_url":"https://dpw.lacounty.gov/transit/TheLinkFlorenceFirestone.aspx","route_color":"#e66575","route_text_color":"#000000","route_sort_order":15,"continuous_pickup":1,"continuous_drop_off":1}],"agency_name":"LA Go Bus"},"geometry":{"type":"Point","coordinates":[-118.244112,33.959806]}},{"type":"Feature","properties":{"stop_id":"2525624","stop_name":"Central Ave & 76th Pl","location_type":0,"stop_timezone":"America/Los_Angeles","wheelchair_boarding":0,"stop_city":"Los Angeles","routes":[{"route_id":"13065","agency_id":"1466","route_long_name":"The Link - Florence-Firestone/Walnut Park","route_type":3,"route_url":"https://dpw.lacounty.gov/transit/TheLinkFlorenceFirestone.aspx","route_color":"#e66575","route_text_color":"#000000","route_sort_order":15,"continuous_pickup":1,"continuous_drop_off":1}],"agency_name":"LA Go Bus"},"geometry":{"type":"Point","coordinates":[-118.256269,33.970128]}},{"type":"Feature","properties":{"stop_id":"2525625","stop_name":"Nadeau St & Central Ave","location_type":0,"stop_timezone":"America/Los_Angeles","wheelchair_boarding":0,"stop_city":"Los Angeles","routes":[{"route_id":"13065","agency_id":"1466","route_long_name":"The Link - Florence-Firestone/Walnut Park","route_type":3,"route_url":"https://dpw.lacounty.gov/transit/TheLinkFlorenceFirestone.aspx","route_color":"#e66575","route_text_color":"#000000","route_sort_order":15,"continuous_pickup":1,"continuous_drop_off":1}],"agency_name":"LA Go Bus"},"geometry":{"type":"Point","coordinates":[-118.256279,33.967792]}},{"type":"Feature","properties":{"stop_id":"2525626","stop_name":"Firestone Blvd & Maie Ave","location_type":0,"stop_timezone":"America/Los_Angeles","wheelchair_boarding":0,"stop_city":"Nadeau","routes":[{"route_id":"13065","agency_id":"1466","route_long_name":"The Link - Florence-Firestone/Walnut Park","route_type":3,"route_url":"https://dpw.lacounty.gov/transit/TheLinkFlorenceFirestone.aspx","route_color":"#e66575","route_text_color":"#000000","route_sort_order":15,"continuous_pickup":1,"continuous_drop_off":1}],"agency_name":"LA Go Bus"},"geometry":{"type":"Point","coordinates":[-118.244819,33.96028]}},{"type":"Feature","properties":{"stop_id":"2525627","stop_name":"Compton Ave & Firestone Blvd","location_type":0,"stop_timezone":"America/Los_Angeles","wheelchair_boarding":0,"stop_city":"Florence-Firestone","routes":[{"route_id":"13065","agency_id":"1466","route_long_name":"The Link - Florence-Firestone/Walnut Park","route_type":3,"route_url":"https://dpw.lacounty.gov/transit/TheLinkFlorenceFirestone.aspx","route_color":"#e66575","route_text_color":"#000000","route_sort_order":15,"continuous_pickup":1,"continuous_drop_off":1}],"agency_name":"LA Go Bus"},"geometry":{"type":"Point","coordinates":[-118.247556,33.960605]}},{"type":"Feature","properties":{"stop_id":"2525628","stop_name":"Hooper Ave & 70th St","location_type":0,"stop_timezone":"America/Los_Angeles","wheelchair_boarding":0,"stop_city":"Wingfoot","routes":[{"route_id":"13065","agency_id":"1466","route_long_name":"The Link - Florence-Firestone/Walnut Park","route_type":3,"route_url":"https://dpw.lacounty.gov/transit/TheLinkFlorenceFirestone.aspx","route_color":"#e66575","route_text_color":"#000000","route_sort_order":15,"continuous_pickup":1,"continuous_drop_off":1}],"agency_name":"LA Go Bus"},"geometry":{"type":"Point","coordinates":[-118.251975,33.976935]}},{"type":"Feature","properties":{"stop_id":"2525629","stop_name":"Hooper Ave & 68th St","location_type":0,"stop_timezone":"America/Los_Angeles","wheelchair_boarding":0,"stop_city":"Wingfoot","routes":[{"route_id":"13065","agency_id":"1466","route_long_name":"The Link - Florence-Firestone/Walnut Park","route_type":3,"route_url":"https://dpw.lacounty.gov/transit/TheLinkFlorenceFirestone.aspx","route_color":"#e66575","route_text_color":"#000000","route_sort_order":15,"continuous_pickup":1,"continuous_drop_off":1}],"agency_name":"LA Go Bus"},"geometry":{"type":"Point","coordinates":[-118.251964,33.978585]}},{"type":"Feature","properties":{"stop_id":"2525630","stop_name":"Hooper Ave & 65th St","location_type":0,"stop_timezone":"America/Los_Angeles","wheelchair_boarding":0,"stop_city":"Los Angeles","routes":[{"route_id":"13065","agency_id":"1466","route_long_name":"The Link - Florence-Firestone/Walnut Park","route_type":3,"route_url":"https://dpw.lacounty.gov/transit/TheLinkFlorenceFirestone.aspx","route_color":"#e66575","route_text_color":"#000000","route_sort_order":15,"continuous_pickup":1,"continuous_drop_off":1}],"agency_name":"LA Go Bus"},"geometry":{"type":"Point","coordinates":[-118.251974,33.980856]}},{"type":"Feature","properties":{"stop_id":"2525631","stop_name":"Hooper Ave & Gage Ave","location_type":0,"stop_timezone":"America/Los_Angeles","wheelchair_boarding":0,"stop_city":"Wingfoot","routes":[{"route_id":"13065","agency_id":"1466","route_long_name":"The Link - Florence-Firestone/Walnut Park","route_type":3,"route_url":"https://dpw.lacounty.gov/transit/TheLinkFlorenceFirestone.aspx","route_color":"#e66575","route_text_color":"#000000","route_sort_order":15,"continuous_pickup":1,"continuous_drop_off":1}],"agency_name":"LA Go Bus"},"geometry":{"type":"Point","coordinates":[-118.251805,33.981985]}},{"type":"Feature","properties":{"stop_id":"2525632","stop_name":"Gage Ave & Compton Ave","location_type":0,"stop_timezone":"America/Los_Angeles","wheelchair_boarding":0,"stop_city":"Wingfoot","routes":[{"route_id":"13065","agency_id":"1466","route_long_name":"The Link - Florence-Firestone/Walnut Park","route_type":3,"route_url":"https://dpw.lacounty.gov/transit/TheLinkFlorenceFirestone.aspx","route_color":"#e66575","route_text_color":"#000000","route_sort_order":15,"continuous_pickup":1,"continuous_drop_off":1}],"agency_name":"LA Go Bus"},"geometry":{"type":"Point","coordinates":[-118.248015,33.981993]}},{"type":"Feature","properties":{"stop_id":"2525633","stop_name":"Compton Ave & 66th St","location_type":0,"stop_timezone":"America/Los_Angeles","wheelchair_boarding":0,"stop_city":"Wingfoot","routes":[{"route_id":"13065","agency_id":"1466","route_long_name":"The Link - Florence-Firestone/Walnut Park","route_type":3,"route_url":"https://dpw.lacounty.gov/transit/TheLinkFlorenceFirestone.aspx","route_color":"#e66575","route_text_color":"#000000","route_sort_order":15,"continuous_pickup":1,"continuous_drop_off":1}],"agency_name":"LA Go Bus"},"geometry":{"type":"Point","coordinates":[-118.24782,33.980269]}},{"type":"Feature","properties":{"stop_id":"2525634","stop_name":"Compton Ave & 68th St","location_type":0,"stop_timezone":"America/Los_Angeles","wheelchair_boarding":0,"stop_city":"Wingfoot","routes":[{"route_id":"13065","agency_id":"1466","route_long_name":"The Link - Florence-Firestone/Walnut Park","route_type":3,"route_url":"https://dpw.lacounty.gov/transit/TheLinkFlorenceFirestone.aspx","route_color":"#e66575","route_text_color":"#000000","route_sort_order":15,"continuous_pickup":1,"continuous_drop_off":1}],"agency_name":"LA Go Bus"},"geometry":{"type":"Point","coordinates":[-118.247818,33.978227]}},{"type":"Feature","properties":{"stop_id":"2525635","stop_name":"Compton Ave & 70th St","location_type":0,"stop_timezone":"America/Los_Angeles","wheelchair_boarding":0,"stop_city":"Florence-Firestone","routes":[{"route_id":"13065","agency_id":"1466","route_long_name":"The Link - Florence-Firestone/Walnut Park","route_type":3,"route_url":"https://dpw.lacounty.gov/transit/TheLinkFlorenceFirestone.aspx","route_color":"#e66575","route_text_color":"#000000","route_sort_order":15,"continuous_pickup":1,"continuous_drop_off":1}],"agency_name":"LA Go Bus"},"geometry":{"type":"Point","coordinates":[-118.2478,33.976454]}},{"type":"Feature","properties":{"stop_id":"2525636","stop_name":"Florence Ave & Miramonte Blvd","location_type":0,"stop_timezone":"America/Los_Angeles","wheelchair_boarding":0,"stop_city":"Florence-Firestone","routes":[{"route_id":"13065","agency_id":"1466","route_long_name":"The Link - Florence-Firestone/Walnut Park","route_type":3,"route_url":"https://dpw.lacounty.gov/transit/TheLinkFlorenceFirestone.aspx","route_color":"#e66575","route_text_color":"#000000","route_sort_order":15,"continuous_pickup":1,"continuous_drop_off":1}],"agency_name":"LA Go Bus"},"geometry":{"type":"Point","coordinates":[-118.245788,33.974641]}},{"type":"Feature","properties":{"stop_id":"2525637","stop_name":"Florence Ave & Metro Blue Line","location_type":0,"stop_timezone":"America/Los_Angeles","wheelchair_boarding":0,"stop_city":"Florence-Firestone","routes":[{"route_id":"13065","agency_id":"1466","route_long_name":"The Link - Florence-Firestone/Walnut Park","route_type":3,"route_url":"https://dpw.lacounty.gov/transit/TheLinkFlorenceFirestone.aspx","route_color":"#e66575","route_text_color":"#000000","route_sort_order":15,"continuous_pickup":1,"continuous_drop_off":1}],"agency_name":"LA Go Bus"},"geometry":{"type":"Point","coordinates":[-118.242464,33.974629]}},{"type":"Feature","properties":{"stop_id":"2525638","stop_name":"Florence Ave & Bell Ave","location_type":0,"stop_timezone":"America/Los_Angeles","wheelchair_boarding":0,"stop_city":"Florence-Firestone","routes":[{"route_id":"13065","agency_id":"1466","route_long_name":"The Link - Florence-Firestone/Walnut Park","route_type":3,"route_url":"https://dpw.lacounty.gov/transit/TheLinkFlorenceFirestone.aspx","route_color":"#e66575","route_text_color":"#000000","route_sort_order":15,"continuous_pickup":1,"continuous_drop_off":1}],"agency_name":"LA Go Bus"},"geometry":{"type":"Point","coordinates":[-118.238329,33.974623]}},{"type":"Feature","properties":{"stop_id":"2525639","stop_name":"Florence Ave & Roseberry Ave","location_type":0,"stop_timezone":"America/Los_Angeles","wheelchair_boarding":0,"stop_city":"Florence-Firestone","routes":[{"route_id":"13065","agency_id":"1466","route_long_name":"The Link - Florence-Firestone/Walnut Park","route_type":3,"route_url":"https://dpw.lacounty.gov/transit/TheLinkFlorenceFirestone.aspx","route_color":"#e66575","route_text_color":"#000000","route_sort_order":15,"continuous_pickup":1,"continuous_drop_off":1}],"agency_name":"LA Go Bus"},"geometry":{"type":"Point","coordinates":[-118.233186,33.974573]}},{"type":"Feature","properties":{"stop_id":"2525640","stop_name":"Florence Ave & Santa Fe Ave","location_type":0,"stop_timezone":"America/Los_Angeles","wheelchair_boarding":0,"stop_city":"Walnut Park","routes":[{"route_id":"13065","agency_id":"1466","route_long_name":"The Link - Florence-Firestone/Walnut Park","route_type":3,"route_url":"https://dpw.lacounty.gov/transit/TheLinkFlorenceFirestone.aspx","route_color":"#e66575","route_text_color":"#000000","route_sort_order":15,"continuous_pickup":1,"continuous_drop_off":1}],"agency_name":"LA Go Bus"},"geometry":{"type":"Point","coordinates":[-118.230703,33.974627]}},{"type":"Feature","properties":{"stop_id":"2525641","stop_name":"Florence Ave & Malabar St","location_type":0,"stop_timezone":"America/Los_Angeles","wheelchair_boarding":0,"stop_city":"Huntington Park","routes":[{"route_id":"13065","agency_id":"1466","route_long_name":"The Link - Florence-Firestone/Walnut Park","route_type":3,"route_url":"https://dpw.lacounty.gov/transit/TheLinkFlorenceFirestone.aspx","route_color":"#e66575","route_text_color":"#000000","route_sort_order":15,"continuous_pickup":1,"continuous_drop_off":1}],"agency_name":"LA Go Bus"},"geometry":{"type":"Point","coordinates":[-118.227505,33.974342]}},{"type":"Feature","properties":{"stop_id":"2525642","stop_name":"Florence Ave & Rita Ave","location_type":0,"stop_timezone":"America/Los_Angeles","wheelchair_boarding":0,"stop_city":"Huntington Park","routes":[{"route_id":"13065","agency_id":"1466","route_long_name":"The Link - Florence-Firestone/Walnut Park","route_type":3,"route_url":"https://dpw.lacounty.gov/transit/TheLinkFlorenceFirestone.aspx","route_color":"#e66575","route_text_color":"#000000","route_sort_order":15,"continuous_pickup":1,"continuous_drop_off":1}],"agency_name":"LA Go Bus"},"geometry":{"type":"Point","coordinates":[-118.224486,33.974017]}},{"type":"Feature","properties":{"stop_id":"2525643","stop_name":"Florence Ave & Seville Ave","location_type":0,"stop_timezone":"America/Los_Angeles","wheelchair_boarding":0,"stop_city":"Walnut Park","routes":[{"route_id":"13065","agency_id":"1466","route_long_name":"The Link - Florence-Firestone/Walnut Park","route_type":3,"route_url":"https://dpw.lacounty.gov/transit/TheLinkFlorenceFirestone.aspx","route_color":"#e66575","route_text_color":"#000000","route_sort_order":15,"continuous_pickup":1,"continuous_drop_off":1}],"agency_name":"LA Go Bus"},"geometry":{"type":"Point","coordinates":[-118.222796,33.973841]}},{"type":"Feature","properties":{"stop_id":"2525644","stop_name":"Florence Ave & Mountain View Ave","location_type":0,"stop_timezone":"America/Los_Angeles","wheelchair_boarding":0,"stop_city":"Huntington Park","routes":[{"route_id":"13065","agency_id":"1466","route_long_name":"The Link - Florence-Firestone/Walnut Park","route_type":3,"route_url":"https://dpw.lacounty.gov/transit/TheLinkFlorenceFirestone.aspx","route_color":"#e66575","route_text_color":"#000000","route_sort_order":15,"continuous_pickup":1,"continuous_drop_off":1}],"agency_name":"LA Go Bus"},"geometry":{"type":"Point","coordinates":[-118.217747,33.97332]}},{"type":"Feature","properties":{"stop_id":"2525645","stop_name":"Mountain View Ave & California St","location_type":0,"stop_timezone":"America/Los_Angeles","wheelchair_boarding":0,"stop_city":"Huntington Park","routes":[{"route_id":"13065","agency_id":"1466","route_long_name":"The Link - Florence-Firestone/Walnut Park","route_type":3,"route_url":"https://dpw.lacounty.gov/transit/TheLinkFlorenceFirestone.aspx","route_color":"#e66575","route_text_color":"#000000","route_sort_order":15,"continuous_pickup":1,"continuous_drop_off":1}],"agency_name":"LA Go Bus"},"geometry":{"type":"Point","coordinates":[-118.217841,33.971613]}},{"type":"Feature","properties":{"stop_id":"2525646","stop_name":"Mountain View & Hope St","location_type":0,"stop_timezone":"America/Los_Angeles","wheelchair_boarding":0,"stop_city":"Huntington Park","routes":[{"route_id":"13065","agency_id":"1466","route_long_name":"The Link - Florence-Firestone/Walnut Park","route_type":3,"route_url":"https://dpw.lacounty.gov/transit/TheLinkFlorenceFirestone.aspx","route_color":"#e66575","route_text_color":"#000000","route_sort_order":15,"continuous_pickup":1,"continuous_drop_off":1}],"agency_name":"LA Go Bus"},"geometry":{"type":"Point","coordinates":[-118.21818,33.969379]}},{"type":"Feature","properties":{"stop_id":"2525647","stop_name":"Mountain View Ave & Hill St","location_type":0,"stop_timezone":"America/Los_Angeles","wheelchair_boarding":0,"stop_city":"Huntington Park","routes":[{"route_id":"13065","agency_id":"1466","route_long_name":"The Link - Florence-Firestone/Walnut Park","route_type":3,"route_url":"https://dpw.lacounty.gov/transit/TheLinkFlorenceFirestone.aspx","route_color":"#e66575","route_text_color":"#000000","route_sort_order":15,"continuous_pickup":1,"continuous_drop_off":1}],"agency_name":"LA Go Bus"},"geometry":{"type":"Point","coordinates":[-118.218581,33.966721]}},{"type":"Feature","properties":{"stop_id":"2525648","stop_name":"Mountain View & Cudahy St","location_type":0,"stop_timezone":"America/Los_Angeles","wheelchair_boarding":0,"stop_city":"Huntington Park","routes":[{"route_id":"13065","agency_id":"1466","route_long_name":"The Link - Florence-Firestone/Walnut Park","route_type":3,"route_url":"https://dpw.lacounty.gov/transit/TheLinkFlorenceFirestone.aspx","route_color":"#e66575","route_text_color":"#000000","route_sort_order":15,"continuous_pickup":1,"continuous_drop_off":1}],"agency_name":"LA Go Bus"},"geometry":{"type":"Point","coordinates":[-118.218824,33.965079]}},{"type":"Feature","properties":{"stop_id":"2525649","stop_name":"Mountain View & Santa Ana St","location_type":0,"stop_timezone":"America/Los_Angeles","wheelchair_boarding":0,"stop_city":"South Gate","routes":[{"route_id":"13065","agency_id":"1466","route_long_name":"The Link - Florence-Firestone/Walnut Park","route_type":3,"route_url":"https://dpw.lacounty.gov/transit/TheLinkFlorenceFirestone.aspx","route_color":"#e66575","route_text_color":"#000000","route_sort_order":15,"continuous_pickup":1,"continuous_drop_off":1}],"agency_name":"LA Go Bus"},"geometry":{"type":"Point","coordinates":[-118.219109,33.964459]}},{"type":"Feature","properties":{"stop_id":"2525650","stop_name":"Santa Ana St & Seville Ave","location_type":0,"stop_timezone":"America/Los_Angeles","wheelchair_boarding":0,"stop_city":"South Gate","routes":[{"route_id":"13065","agency_id":"1466","route_long_name":"The Link - Florence-Firestone/Walnut Park","route_type":3,"route_url":"https://dpw.lacounty.gov/transit/TheLinkFlorenceFirestone.aspx","route_color":"#e66575","route_text_color":"#000000","route_sort_order":15,"continuous_pickup":1,"continuous_drop_off":1}],"agency_name":"LA Go Bus"},"geometry":{"type":"Point","coordinates":[-118.222189,33.964781]}},{"type":"Feature","properties":{"stop_id":"2525651","stop_name":"Broadway Ave & Pacific Blvd","location_type":0,"stop_timezone":"America/Los_Angeles","wheelchair_boarding":0,"stop_city":"Walnut Park","routes":[{"route_id":"13065","agency_id":"1466","route_long_name":"The Link - Florence-Firestone/Walnut Park","route_type":3,"route_url":"https://dpw.lacounty.gov/transit/TheLinkFlorenceFirestone.aspx","route_color":"#e66575","route_text_color":"#000000","route_sort_order":15,"continuous_pickup":1,"continuous_drop_off":1}],"agency_name":"LA Go Bus"},"geometry":{"type":"Point","coordinates":[-118.22485,33.966725]}},{"type":"Feature","properties":{"stop_id":"2525652","stop_name":"Broadway Ave & Santa Fe Ave","location_type":0,"stop_timezone":"America/Los_Angeles","wheelchair_boarding":0,"stop_city":"Walnut Park","routes":[{"route_id":"13065","agency_id":"1466","route_long_name":"The Link - Florence-Firestone/Walnut Park","route_type":3,"route_url":"https://dpw.lacounty.gov/transit/TheLinkFlorenceFirestone.aspx","route_color":"#e66575","route_text_color":"#000000","route_sort_order":15,"continuous_pickup":1,"continuous_drop_off":1}],"agency_name":"LA Go Bus"},"geometry":{"type":"Point","coordinates":[-118.229946,33.967312]}},{"type":"Feature","properties":{"stop_id":"2525653","stop_name":"Alameda St & Nadeau St","location_type":0,"stop_timezone":"America/Los_Angeles","wheelchair_boarding":0,"stop_city":"Nadeau","routes":[{"route_id":"13065","agency_id":"1466","route_long_name":"The Link - Florence-Firestone/Walnut Park","route_type":3,"route_url":"https://dpw.lacounty.gov/transit/TheLinkFlorenceFirestone.aspx","route_color":"#e66575","route_text_color":"#000000","route_sort_order":15,"continuous_pickup":1,"continuous_drop_off":1}],"agency_name":"LA Go Bus"},"geometry":{"type":"Point","coordinates":[-118.233898,33.967569]}},{"type":"Feature","properties":{"stop_id":"2525654","stop_name":"Crocket Blvd & Nadeau St","location_type":0,"stop_timezone":"America/Los_Angeles","wheelchair_boarding":0,"stop_city":"Nadeau","routes":[{"route_id":"13065","agency_id":"1466","route_long_name":"The Link - Florence-Firestone/Walnut Park","route_type":3,"route_url":"https://dpw.lacounty.gov/transit/TheLinkFlorenceFirestone.aspx","route_color":"#e66575","route_text_color":"#000000","route_sort_order":15,"continuous_pickup":1,"continuous_drop_off":1}],"agency_name":"LA Go Bus"},"geometry":{"type":"Point","coordinates":[-118.236586,33.967497]}},{"type":"Feature","properties":{"stop_id":"2525655","stop_name":"Bell Ave & Nadeau St","location_type":0,"stop_timezone":"America/Los_Angeles","wheelchair_boarding":0,"stop_city":"Nadeau","routes":[{"route_id":"13065","agency_id":"1466","route_long_name":"The Link - Florence-Firestone/Walnut Park","route_type":3,"route_url":"https://dpw.lacounty.gov/transit/TheLinkFlorenceFirestone.aspx","route_color":"#e66575","route_text_color":"#000000","route_sort_order":15,"continuous_pickup":1,"continuous_drop_off":1}],"agency_name":"LA Go Bus"},"geometry":{"type":"Point","coordinates":[-118.239029,33.967239]}},{"type":"Feature","properties":{"stop_id":"2525656","stop_name":"81st St & Bell Ave","location_type":0,"stop_timezone":"America/Los_Angeles","wheelchair_boarding":0,"stop_city":"Nadeau","routes":[{"route_id":"13065","agency_id":"1466","route_long_name":"The Link - Florence-Firestone/Walnut Park","route_type":3,"route_url":"https://dpw.lacounty.gov/transit/TheLinkFlorenceFirestone.aspx","route_color":"#e66575","route_text_color":"#000000","route_sort_order":15,"continuous_pickup":1,"continuous_drop_off":1}],"agency_name":"LA Go Bus"},"geometry":{"type":"Point","coordinates":[-118.23902,33.965872]}},{"type":"Feature","properties":{"stop_id":"2525657","stop_name":"84th St & Bell Ave","location_type":0,"stop_timezone":"America/Los_Angeles","wheelchair_boarding":0,"stop_city":"Nadeau","routes":[{"route_id":"13065","agency_id":"1466","route_long_name":"The Link - Florence-Firestone/Walnut Park","route_type":3,"route_url":"https://dpw.lacounty.gov/transit/TheLinkFlorenceFirestone.aspx","route_color":"#e66575","route_text_color":"#000000","route_sort_order":15,"continuous_pickup":1,"continuous_drop_off":1}],"agency_name":"LA Go Bus"},"geometry":{"type":"Point","coordinates":[-118.239066,33.961676]}},{"type":"Feature","properties":{"stop_id":"2525658","stop_name":"Firestone Blvd & Fir Ave","location_type":0,"stop_timezone":"America/Los_Angeles","wheelchair_boarding":0,"stop_city":"Nadeau","routes":[{"route_id":"13065","agency_id":"1466","route_long_name":"The Link - Florence-Firestone/Walnut Park","route_type":3,"route_url":"https://dpw.lacounty.gov/transit/TheLinkFlorenceFirestone.aspx","route_color":"#e66575","route_text_color":"#000000","route_sort_order":15,"continuous_pickup":1,"continuous_drop_off":1}],"agency_name":"LA Go Bus"},"geometry":{"type":"Point","coordinates":[-118.237543,33.960027]}},{"type":"Feature","properties":{"stop_id":"2525659","stop_name":"Fir Ave & 87th St","location_type":0,"stop_timezone":"America/Los_Angeles","wheelchair_boarding":0,"stop_city":"Nadeau","routes":[{"route_id":"13065","agency_id":"1466","route_long_name":"The Link - Florence-Firestone/Walnut Park","route_type":3,"route_url":"https://dpw.lacounty.gov/transit/TheLinkFlorenceFirestone.aspx","route_color":"#e66575","route_text_color":"#000000","route_sort_order":15,"continuous_pickup":1,"continuous_drop_off":1}],"agency_name":"LA Go Bus"},"geometry":{"type":"Point","coordinates":[-118.237487,33.95868]}},{"type":"Feature","properties":{"stop_id":"2525660","stop_name":"Fir Ave & 88th St","location_type":0,"stop_timezone":"America/Los_Angeles","wheelchair_boarding":0,"stop_city":"Nadeau","routes":[{"route_id":"13065","agency_id":"1466","route_long_name":"The Link - Florence-Firestone/Walnut Park","route_type":3,"route_url":"https://dpw.lacounty.gov/transit/TheLinkFlorenceFirestone.aspx","route_color":"#e66575","route_text_color":"#000000","route_sort_order":15,"continuous_pickup":1,"continuous_drop_off":1}],"agency_name":"LA Go Bus"},"geometry":{"type":"Point","coordinates":[-118.237485,33.956764]}},{"type":"Feature","properties":{"stop_id":"2525661","stop_name":"Fir Ave & 91st St","location_type":0,"stop_timezone":"America/Los_Angeles","wheelchair_boarding":0,"stop_city":"Nadeau","routes":[{"route_id":"13065","agency_id":"1466","route_long_name":"The Link - Florence-Firestone/Walnut Park","route_type":3,"route_url":"https://dpw.lacounty.gov/transit/TheLinkFlorenceFirestone.aspx","route_color":"#e66575","route_text_color":"#000000","route_sort_order":15,"continuous_pickup":1,"continuous_drop_off":1}],"agency_name":"LA Go Bus"},"geometry":{"type":"Point","coordinates":[-118.237506,33.954248]}},{"type":"Feature","properties":{"stop_id":"2525662","stop_name":"92nd St & Bandera St","location_type":0,"stop_timezone":"America/Los_Angeles","wheelchair_boarding":0,"stop_city":"Los Angeles","routes":[{"route_id":"13065","agency_id":"1466","route_long_name":"The Link - Florence-Firestone/Walnut Park","route_type":3,"route_url":"https://dpw.lacounty.gov/transit/TheLinkFlorenceFirestone.aspx","route_color":"#e66575","route_text_color":"#000000","route_sort_order":15,"continuous_pickup":1,"continuous_drop_off":1}],"agency_name":"LA Go Bus"},"geometry":{"type":"Point","coordinates":[-118.239933,33.953381]}},{"type":"Feature","properties":{"stop_id":"2525663","stop_name":"92nd St & Fir Ave","location_type":0,"stop_timezone":"America/Los_Angeles","wheelchair_boarding":0,"stop_city":"Nadeau","routes":[{"route_id":"13065","agency_id":"1466","route_long_name":"The Link - Florence-Firestone/Walnut Park","route_type":3,"route_url":"https://dpw.lacounty.gov/transit/TheLinkFlorenceFirestone.aspx","route_color":"#e66575","route_text_color":"#000000","route_sort_order":15,"continuous_pickup":1,"continuous_drop_off":1}],"agency_name":"LA Go Bus"},"geometry":{"type":"Point","coordinates":[-118.237808,33.953368]}},{"type":"Feature","properties":{"stop_id":"2525664","stop_name":"92nd St & Maie Ave","location_type":0,"stop_timezone":"America/Los_Angeles","wheelchair_boarding":0,"stop_city":"Los Angeles","routes":[{"route_id":"13065","agency_id":"1466","route_long_name":"The Link - Florence-Firestone/Walnut Park","route_type":3,"route_url":"https://dpw.lacounty.gov/transit/TheLinkFlorenceFirestone.aspx","route_color":"#e66575","route_text_color":"#000000","route_sort_order":15,"continuous_pickup":1,"continuous_drop_off":1}],"agency_name":"LA Go Bus"},"geometry":{"type":"Point","coordinates":[-118.243808,33.953366]}},{"type":"Feature","properties":{"stop_id":"2525665","stop_name":"Maie Ave & 88th St","location_type":0,"stop_timezone":"America/Los_Angeles","wheelchair_boarding":0,"stop_city":"Nadeau","routes":[{"route_id":"13065","agency_id":"1466","route_long_name":"The Link - Florence-Firestone/Walnut Park","route_type":3,"route_url":"https://dpw.lacounty.gov/transit/TheLinkFlorenceFirestone.aspx","route_color":"#e66575","route_text_color":"#000000","route_sort_order":15,"continuous_pickup":1,"continuous_drop_off":1}],"agency_name":"LA Go Bus"},"geometry":{"type":"Point","coordinates":[-118.244111,33.957205]}},{"type":"Feature","properties":{"stop_id":"2525666","stop_name":"Maie Ave & Firestone Blvd","location_type":0,"stop_timezone":"America/Los_Angeles","wheelchair_boarding":0,"stop_city":"Nadeau","routes":[{"route_id":"13065","agency_id":"1466","route_long_name":"The Link - Florence-Firestone/Walnut Park","route_type":3,"route_url":"https://dpw.lacounty.gov/transit/TheLinkFlorenceFirestone.aspx","route_color":"#e66575","route_text_color":"#000000","route_sort_order":15,"continuous_pickup":1,"continuous_drop_off":1}],"agency_name":"LA Go Bus"},"geometry":{"type":"Point","coordinates":[-118.244272,33.959744]}},{"type":"Feature","properties":{"stop_id":"2525667","stop_name":"Maie Ave & 88th St","location_type":0,"stop_timezone":"America/Los_Angeles","wheelchair_boarding":0,"stop_city":"Nadeau","routes":[{"route_id":"13065","agency_id":"1466","route_long_name":"The Link - Florence-Firestone/Walnut Park","route_type":3,"route_url":"https://dpw.lacounty.gov/transit/TheLinkFlorenceFirestone.aspx","route_color":"#e66575","route_text_color":"#000000","route_sort_order":15,"continuous_pickup":1,"continuous_drop_off":1}],"agency_name":"LA Go Bus"},"geometry":{"type":"Point","coordinates":[-118.244257,33.957077]}},{"type":"Feature","properties":{"stop_id":"2525668","stop_name":"92nd & Blue Line Station","location_type":0,"stop_timezone":"America/Los_Angeles","wheelchair_boarding":0,"stop_city":"Los Angeles","routes":[{"route_id":"13065","agency_id":"1466","route_long_name":"The Link - Florence-Firestone/Walnut Park","route_type":3,"route_url":"https://dpw.lacounty.gov/transit/TheLinkFlorenceFirestone.aspx","route_color":"#e66575","route_text_color":"#000000","route_sort_order":15,"continuous_pickup":1,"continuous_drop_off":1}],"agency_name":"LA Go Bus"},"geometry":{"type":"Point","coordinates":[-118.24359,33.95317]}},{"type":"Feature","properties":{"stop_id":"2525669","stop_name":"92nd St & Bandera St","location_type":0,"stop_timezone":"America/Los_Angeles","wheelchair_boarding":0,"stop_city":"Los Angeles","routes":[{"route_id":"13065","agency_id":"1466","route_long_name":"The Link - Florence-Firestone/Walnut Park","route_type":3,"route_url":"https://dpw.lacounty.gov/transit/TheLinkFlorenceFirestone.aspx","route_color":"#e66575","route_text_color":"#000000","route_sort_order":15,"continuous_pickup":1,"continuous_drop_off":1}],"agency_name":"LA Go Bus"},"geometry":{"type":"Point","coordinates":[-118.239795,33.953178]}},{"type":"Feature","properties":{"stop_id":"2525670","stop_name":"Fir Ave & 92nd St","location_type":0,"stop_timezone":"America/Los_Angeles","wheelchair_boarding":0,"stop_city":"Nadeau","routes":[{"route_id":"13065","agency_id":"1466","route_long_name":"The Link - Florence-Firestone/Walnut Park","route_type":3,"route_url":"https://dpw.lacounty.gov/transit/TheLinkFlorenceFirestone.aspx","route_color":"#e66575","route_text_color":"#000000","route_sort_order":15,"continuous_pickup":1,"continuous_drop_off":1}],"agency_name":"LA Go Bus"},"geometry":{"type":"Point","coordinates":[-118.237343,33.954388]}},{"type":"Feature","properties":{"stop_id":"2525671","stop_name":"Fir Ave & 88th St","location_type":0,"stop_timezone":"America/Los_Angeles","wheelchair_boarding":0,"stop_city":"Nadeau","routes":[{"route_id":"13065","agency_id":"1466","route_long_name":"The Link - Florence-Firestone/Walnut Park","route_type":3,"route_url":"https://dpw.lacounty.gov/transit/TheLinkFlorenceFirestone.aspx","route_color":"#e66575","route_text_color":"#000000","route_sort_order":15,"continuous_pickup":1,"continuous_drop_off":1}],"agency_name":"LA Go Bus"},"geometry":{"type":"Point","coordinates":[-118.237331,33.956765]}},{"type":"Feature","properties":{"stop_id":"2525672","stop_name":"Fir Ave & 87th St","location_type":0,"stop_timezone":"America/Los_Angeles","wheelchair_boarding":0,"stop_city":"Nadeau","routes":[{"route_id":"13065","agency_id":"1466","route_long_name":"The Link - Florence-Firestone/Walnut Park","route_type":3,"route_url":"https://dpw.lacounty.gov/transit/TheLinkFlorenceFirestone.aspx","route_color":"#e66575","route_text_color":"#000000","route_sort_order":15,"continuous_pickup":1,"continuous_drop_off":1}],"agency_name":"LA Go Bus"},"geometry":{"type":"Point","coordinates":[-118.237337,33.958682]}},{"type":"Feature","properties":{"stop_id":"2525673","stop_name":"Bell Ave & 84th St","location_type":0,"stop_timezone":"America/Los_Angeles","wheelchair_boarding":0,"stop_city":"Nadeau","routes":[{"route_id":"13065","agency_id":"1466","route_long_name":"The Link - Florence-Firestone/Walnut Park","route_type":3,"route_url":"https://dpw.lacounty.gov/transit/TheLinkFlorenceFirestone.aspx","route_color":"#e66575","route_text_color":"#000000","route_sort_order":15,"continuous_pickup":1,"continuous_drop_off":1}],"agency_name":"LA Go Bus"},"geometry":{"type":"Point","coordinates":[-118.238933,33.961612]}},{"type":"Feature","properties":{"stop_id":"2525674","stop_name":"Firestone Blvd & Fir Ave","location_type":0,"stop_timezone":"America/Los_Angeles","wheelchair_boarding":0,"stop_city":"Nadeau","routes":[{"route_id":"13065","agency_id":"1466","route_long_name":"The Link - Florence-Firestone/Walnut Park","route_type":3,"route_url":"https://dpw.lacounty.gov/transit/TheLinkFlorenceFirestone.aspx","route_color":"#e66575","route_text_color":"#000000","route_sort_order":15,"continuous_pickup":1,"continuous_drop_off":1}],"agency_name":"LA Go Bus"},"geometry":{"type":"Point","coordinates":[-118.2377,33.96027]}},{"type":"Feature","properties":{"stop_id":"2525675","stop_name":"Bell Ave & 81st St","location_type":0,"stop_timezone":"America/Los_Angeles","wheelchair_boarding":0,"stop_city":"Nadeau","routes":[{"route_id":"13065","agency_id":"1466","route_long_name":"The Link - Florence-Firestone/Walnut Park","route_type":3,"route_url":"https://dpw.lacounty.gov/transit/TheLinkFlorenceFirestone.aspx","route_color":"#e66575","route_text_color":"#000000","route_sort_order":15,"continuous_pickup":1,"continuous_drop_off":1}],"agency_name":"LA Go Bus"},"geometry":{"type":"Point","coordinates":[-118.238876,33.96535]}},{"type":"Feature","properties":{"stop_id":"2525676","stop_name":"Nadeau St & Bell Ave","location_type":0,"stop_timezone":"America/Los_Angeles","wheelchair_boarding":0,"stop_city":"Nadeau","routes":[{"route_id":"13065","agency_id":"1466","route_long_name":"The Link - Florence-Firestone/Walnut Park","route_type":3,"route_url":"https://dpw.lacounty.gov/transit/TheLinkFlorenceFirestone.aspx","route_color":"#e66575","route_text_color":"#000000","route_sort_order":15,"continuous_pickup":1,"continuous_drop_off":1}],"agency_name":"LA Go Bus"},"geometry":{"type":"Point","coordinates":[-118.238706,33.967315]}},{"type":"Feature","properties":{"stop_id":"2525677","stop_name":"Nadeau St & Crocket Blvd","location_type":0,"stop_timezone":"America/Los_Angeles","wheelchair_boarding":0,"stop_city":"Nadeau","routes":[{"route_id":"13065","agency_id":"1466","route_long_name":"The Link - Florence-Firestone/Walnut Park","route_type":3,"route_url":"https://dpw.lacounty.gov/transit/TheLinkFlorenceFirestone.aspx","route_color":"#e66575","route_text_color":"#000000","route_sort_order":15,"continuous_pickup":1,"continuous_drop_off":1}],"agency_name":"LA Go Bus"},"geometry":{"type":"Point","coordinates":[-118.237179,33.967305]}},{"type":"Feature","properties":{"stop_id":"2525678","stop_name":"Nadeau St & Alameda St","location_type":0,"stop_timezone":"America/Los_Angeles","wheelchair_boarding":0,"stop_city":"Nadeau","routes":[{"route_id":"13065","agency_id":"1466","route_long_name":"The Link - Florence-Firestone/Walnut Park","route_type":3,"route_url":"https://dpw.lacounty.gov/transit/TheLinkFlorenceFirestone.aspx","route_color":"#e66575","route_text_color":"#000000","route_sort_order":15,"continuous_pickup":1,"continuous_drop_off":1}],"agency_name":"LA Go Bus"},"geometry":{"type":"Point","coordinates":[-118.233551,33.967386]}},{"type":"Feature","properties":{"stop_id":"2525679","stop_name":"Broadway Ave & Santa Fe Ave","location_type":0,"stop_timezone":"America/Los_Angeles","wheelchair_boarding":0,"stop_city":"Walnut Park","routes":[{"route_id":"13065","agency_id":"1466","route_long_name":"The Link - Florence-Firestone/Walnut Park","route_type":3,"route_url":"https://dpw.lacounty.gov/transit/TheLinkFlorenceFirestone.aspx","route_color":"#e66575","route_text_color":"#000000","route_sort_order":15,"continuous_pickup":1,"continuous_drop_off":1}],"agency_name":"LA Go Bus"},"geometry":{"type":"Point","coordinates":[-118.229586,33.967067]}},{"type":"Feature","properties":{"stop_id":"2525680","stop_name":"Broadway Ave & Pacific Blvd","location_type":0,"stop_timezone":"America/Los_Angeles","wheelchair_boarding":0,"stop_city":"Walnut Park","routes":[{"route_id":"13065","agency_id":"1466","route_long_name":"The Link - Florence-Firestone/Walnut Park","route_type":3,"route_url":"https://dpw.lacounty.gov/transit/TheLinkFlorenceFirestone.aspx","route_color":"#e66575","route_text_color":"#000000","route_sort_order":15,"continuous_pickup":1,"continuous_drop_off":1}],"agency_name":"LA Go Bus"},"geometry":{"type":"Point","coordinates":[-118.22476,33.966557]}},{"type":"Feature","properties":{"stop_id":"2525681","stop_name":"Broadway Ave & Seville Ave","location_type":0,"stop_timezone":"America/Los_Angeles","wheelchair_boarding":0,"stop_city":"Walnut Park","routes":[{"route_id":"13065","agency_id":"1466","route_long_name":"The Link - Florence-Firestone/Walnut Park","route_type":3,"route_url":"https://dpw.lacounty.gov/transit/TheLinkFlorenceFirestone.aspx","route_color":"#e66575","route_text_color":"#000000","route_sort_order":15,"continuous_pickup":1,"continuous_drop_off":1}],"agency_name":"LA Go Bus"},"geometry":{"type":"Point","coordinates":[-118.222568,33.966335]}},{"type":"Feature","properties":{"stop_id":"2525682","stop_name":"Santa Ana St & Commercial Pl","location_type":0,"stop_timezone":"America/Los_Angeles","wheelchair_boarding":0,"stop_city":"South Gate","routes":[{"route_id":"13065","agency_id":"1466","route_long_name":"The Link - Florence-Firestone/Walnut Park","route_type":3,"route_url":"https://dpw.lacounty.gov/transit/TheLinkFlorenceFirestone.aspx","route_color":"#e66575","route_text_color":"#000000","route_sort_order":15,"continuous_pickup":1,"continuous_drop_off":1}],"agency_name":"LA Go Bus"},"geometry":{"type":"Point","coordinates":[-118.221517,33.964538]}},{"type":"Feature","properties":{"stop_id":"2525683","stop_name":"Mountain View & Cudahy St","location_type":0,"stop_timezone":"America/Los_Angeles","wheelchair_boarding":0,"stop_city":"Huntington Park","routes":[{"route_id":"13065","agency_id":"1466","route_long_name":"The Link - Florence-Firestone/Walnut Park","route_type":3,"route_url":"https://dpw.lacounty.gov/transit/TheLinkFlorenceFirestone.aspx","route_color":"#e66575","route_text_color":"#000000","route_sort_order":15,"continuous_pickup":1,"continuous_drop_off":1}],"agency_name":"LA Go Bus"},"geometry":{"type":"Point","coordinates":[-118.218714,33.965051]}},{"type":"Feature","properties":{"stop_id":"2525684","stop_name":"Mountain View & Hope St","location_type":0,"stop_timezone":"America/Los_Angeles","wheelchair_boarding":0,"stop_city":"Huntington Park","routes":[{"route_id":"13065","agency_id":"1466","route_long_name":"The Link - Florence-Firestone/Walnut Park","route_type":3,"route_url":"https://dpw.lacounty.gov/transit/TheLinkFlorenceFirestone.aspx","route_color":"#e66575","route_text_color":"#000000","route_sort_order":15,"continuous_pickup":1,"continuous_drop_off":1}],"agency_name":"LA Go Bus"},"geometry":{"type":"Point","coordinates":[-118.218098,33.969155]}},{"type":"Feature","properties":{"stop_id":"2525685","stop_name":"Mountain View Ave & Hill St","location_type":0,"stop_timezone":"America/Los_Angeles","wheelchair_boarding":0,"stop_city":"Huntington Park","routes":[{"route_id":"13065","agency_id":"1466","route_long_name":"The Link - Florence-Firestone/Walnut Park","route_type":3,"route_url":"https://dpw.lacounty.gov/transit/TheLinkFlorenceFirestone.aspx","route_color":"#e66575","route_text_color":"#000000","route_sort_order":15,"continuous_pickup":1,"continuous_drop_off":1}],"agency_name":"LA Go Bus"},"geometry":{"type":"Point","coordinates":[-118.218473,33.966647]}},{"type":"Feature","properties":{"stop_id":"2525686","stop_name":"Mountain View Ave & California St","location_type":0,"stop_timezone":"America/Los_Angeles","wheelchair_boarding":0,"stop_city":"Huntington Park","routes":[{"route_id":"13065","agency_id":"1466","route_long_name":"The Link - Florence-Firestone/Walnut Park","route_type":3,"route_url":"https://dpw.lacounty.gov/transit/TheLinkFlorenceFirestone.aspx","route_color":"#e66575","route_text_color":"#000000","route_sort_order":15,"continuous_pickup":1,"continuous_drop_off":1}],"agency_name":"LA Go Bus"},"geometry":{"type":"Point","coordinates":[-118.217732,33.971592]}},{"type":"Feature","properties":{"stop_id":"2525687","stop_name":"Mountain View & Florence Ave","location_type":0,"stop_timezone":"America/Los_Angeles","wheelchair_boarding":0,"stop_city":"Huntington Park","routes":[{"route_id":"13065","agency_id":"1466","route_long_name":"The Link - Florence-Firestone/Walnut Park","route_type":3,"route_url":"https://dpw.lacounty.gov/transit/TheLinkFlorenceFirestone.aspx","route_color":"#e66575","route_text_color":"#000000","route_sort_order":15,"continuous_pickup":1,"continuous_drop_off":1}],"agency_name":"LA Go Bus"},"geometry":{"type":"Point","coordinates":[-118.217517,33.972991]}},{"type":"Feature","properties":{"stop_id":"2525688","stop_name":"Florence Ave & Standford Ave","location_type":0,"stop_timezone":"America/Los_Angeles","wheelchair_boarding":0,"stop_city":"Huntington Park","routes":[{"route_id":"13065","agency_id":"1466","route_long_name":"The Link - Florence-Firestone/Walnut Park","route_type":3,"route_url":"https://dpw.lacounty.gov/transit/TheLinkFlorenceFirestone.aspx","route_color":"#e66575","route_text_color":"#000000","route_sort_order":15,"continuous_pickup":1,"continuous_drop_off":1}],"agency_name":"LA Go Bus"},"geometry":{"type":"Point","coordinates":[-118.221471,33.973936]}},{"type":"Feature","properties":{"stop_id":"2525689","stop_name":"Florence Ave & Rita Ave","location_type":0,"stop_timezone":"America/Los_Angeles","wheelchair_boarding":0,"stop_city":"Walnut Park","routes":[{"route_id":"13065","agency_id":"1466","route_long_name":"The Link - Florence-Firestone/Walnut Park","route_type":3,"route_url":"https://dpw.lacounty.gov/transit/TheLinkFlorenceFirestone.aspx","route_color":"#e66575","route_text_color":"#000000","route_sort_order":15,"continuous_pickup":1,"continuous_drop_off":1}],"agency_name":"LA Go Bus"},"geometry":{"type":"Point","coordinates":[-118.22344,33.974133]}},{"type":"Feature","properties":{"stop_id":"2525690","stop_name":"Florence Ave & Rugby Ave","location_type":0,"stop_timezone":"America/Los_Angeles","wheelchair_boarding":0,"stop_city":"Huntington Park","routes":[{"route_id":"13065","agency_id":"1466","route_long_name":"The Link - Florence-Firestone/Walnut Park","route_type":3,"route_url":"https://dpw.lacounty.gov/transit/TheLinkFlorenceFirestone.aspx","route_color":"#e66575","route_text_color":"#000000","route_sort_order":15,"continuous_pickup":1,"continuous_drop_off":1}],"agency_name":"LA Go Bus"},"geometry":{"type":"Point","coordinates":[-118.226187,33.974424]}},{"type":"Feature","properties":{"stop_id":"2525691","stop_name":"Florence Ave & Malabar St","location_type":0,"stop_timezone":"America/Los_Angeles","wheelchair_boarding":0,"stop_city":"Huntington Park","routes":[{"route_id":"13065","agency_id":"1466","route_long_name":"The Link - Florence-Firestone/Walnut Park","route_type":3,"route_url":"https://dpw.lacounty.gov/transit/TheLinkFlorenceFirestone.aspx","route_color":"#e66575","route_text_color":"#000000","route_sort_order":15,"continuous_pickup":1,"continuous_drop_off":1}],"agency_name":"LA Go Bus"},"geometry":{"type":"Point","coordinates":[-118.227544,33.974581]}},{"type":"Feature","properties":{"stop_id":"2525692","stop_name":"Florence Ave & Santa Fe Ave","location_type":0,"stop_timezone":"America/Los_Angeles","wheelchair_boarding":0,"stop_city":"Walnut Park","routes":[{"route_id":"13065","agency_id":"1466","route_long_name":"The Link - Florence-Firestone/Walnut Park","route_type":3,"route_url":"https://dpw.lacounty.gov/transit/TheLinkFlorenceFirestone.aspx","route_color":"#e66575","route_text_color":"#000000","route_sort_order":15,"continuous_pickup":1,"continuous_drop_off":1}],"agency_name":"LA Go Bus"},"geometry":{"type":"Point","coordinates":[-118.230692,33.974858]}},{"type":"Feature","properties":{"stop_id":"2525693","stop_name":"Florence Ave & Alameda St","location_type":0,"stop_timezone":"America/Los_Angeles","wheelchair_boarding":0,"stop_city":"Huntington Park","routes":[{"route_id":"13065","agency_id":"1466","route_long_name":"The Link - Florence-Firestone/Walnut Park","route_type":3,"route_url":"https://dpw.lacounty.gov/transit/TheLinkFlorenceFirestone.aspx","route_color":"#e66575","route_text_color":"#000000","route_sort_order":15,"continuous_pickup":1,"continuous_drop_off":1}],"agency_name":"LA Go Bus"},"geometry":{"type":"Point","coordinates":[-118.234131,33.974862]}},{"type":"Feature","properties":{"stop_id":"2525694","stop_name":"Florence Ave & Wilson Ave","location_type":0,"stop_timezone":"America/Los_Angeles","wheelchair_boarding":0,"stop_city":"Florence-Firestone","routes":[{"route_id":"13065","agency_id":"1466","route_long_name":"The Link - Florence-Firestone/Walnut Park","route_type":3,"route_url":"https://dpw.lacounty.gov/transit/TheLinkFlorenceFirestone.aspx","route_color":"#e66575","route_text_color":"#000000","route_sort_order":15,"continuous_pickup":1,"continuous_drop_off":1}],"agency_name":"LA Go Bus"},"geometry":{"type":"Point","coordinates":[-118.237457,33.974841]}},{"type":"Feature","properties":{"stop_id":"2525695","stop_name":"Florence Ave & Holmes Ave","location_type":0,"stop_timezone":"America/Los_Angeles","wheelchair_boarding":0,"stop_city":"Florence-Firestone","routes":[{"route_id":"13065","agency_id":"1466","route_long_name":"The Link - Florence-Firestone/Walnut Park","route_type":3,"route_url":"https://dpw.lacounty.gov/transit/TheLinkFlorenceFirestone.aspx","route_color":"#e66575","route_text_color":"#000000","route_sort_order":15,"continuous_pickup":1,"continuous_drop_off":1}],"agency_name":"LA Go Bus"},"geometry":{"type":"Point","coordinates":[-118.240817,33.974844]}},{"type":"Feature","properties":{"stop_id":"2525696","stop_name":"Florence Ave & Metro Blue Line","location_type":0,"stop_timezone":"America/Los_Angeles","wheelchair_boarding":0,"stop_city":"Florence-Firestone","routes":[{"route_id":"13065","agency_id":"1466","route_long_name":"The Link - Florence-Firestone/Walnut Park","route_type":3,"route_url":"https://dpw.lacounty.gov/transit/TheLinkFlorenceFirestone.aspx","route_color":"#e66575","route_text_color":"#000000","route_sort_order":15,"continuous_pickup":1,"continuous_drop_off":1}],"agency_name":"LA Go Bus"},"geometry":{"type":"Point","coordinates":[-118.242556,33.974862]}},{"type":"Feature","properties":{"stop_id":"2525697","stop_name":"Florence Ave & Miramonte Blvd","location_type":0,"stop_timezone":"America/Los_Angeles","wheelchair_boarding":0,"stop_city":"Florence-Firestone","routes":[{"route_id":"13065","agency_id":"1466","route_long_name":"The Link - Florence-Firestone/Walnut Park","route_type":3,"route_url":"https://dpw.lacounty.gov/transit/TheLinkFlorenceFirestone.aspx","route_color":"#e66575","route_text_color":"#000000","route_sort_order":15,"continuous_pickup":1,"continuous_drop_off":1}],"agency_name":"LA Go Bus"},"geometry":{"type":"Point","coordinates":[-118.245056,33.974858]}},{"type":"Feature","properties":{"stop_id":"2525698","stop_name":"Florence Ave & Compton Ave","location_type":0,"stop_timezone":"America/Los_Angeles","wheelchair_boarding":0,"stop_city":"Florence-Firestone","routes":[{"route_id":"13065","agency_id":"1466","route_long_name":"The Link - Florence-Firestone/Walnut Park","route_type":3,"route_url":"https://dpw.lacounty.gov/transit/TheLinkFlorenceFirestone.aspx","route_color":"#e66575","route_text_color":"#000000","route_sort_order":15,"continuous_pickup":1,"continuous_drop_off":1}],"agency_name":"LA Go Bus"},"geometry":{"type":"Point","coordinates":[-118.247384,33.97488]}},{"type":"Feature","properties":{"stop_id":"2525699","stop_name":"Compton Ave & 70th St","location_type":0,"stop_timezone":"America/Los_Angeles","wheelchair_boarding":0,"stop_city":"Florence-Firestone","routes":[{"route_id":"13065","agency_id":"1466","route_long_name":"The Link - Florence-Firestone/Walnut Park","route_type":3,"route_url":"https://dpw.lacounty.gov/transit/TheLinkFlorenceFirestone.aspx","route_color":"#e66575","route_text_color":"#000000","route_sort_order":15,"continuous_pickup":1,"continuous_drop_off":1}],"agency_name":"LA Go Bus"},"geometry":{"type":"Point","coordinates":[-118.247597,33.976278]}},{"type":"Feature","properties":{"stop_id":"2525700","stop_name":"Compton Ave & 68th St","location_type":0,"stop_timezone":"America/Los_Angeles","wheelchair_boarding":0,"stop_city":"Wingfoot","routes":[{"route_id":"13065","agency_id":"1466","route_long_name":"The Link - Florence-Firestone/Walnut Park","route_type":3,"route_url":"https://dpw.lacounty.gov/transit/TheLinkFlorenceFirestone.aspx","route_color":"#e66575","route_text_color":"#000000","route_sort_order":15,"continuous_pickup":1,"continuous_drop_off":1}],"agency_name":"LA Go Bus"},"geometry":{"type":"Point","coordinates":[-118.247607,33.978613]}},{"type":"Feature","properties":{"stop_id":"2525701","stop_name":"Compton Ave & 66th St","location_type":0,"stop_timezone":"America/Los_Angeles","wheelchair_boarding":0,"stop_city":"Wingfoot","routes":[{"route_id":"13065","agency_id":"1466","route_long_name":"The Link - Florence-Firestone/Walnut Park","route_type":3,"route_url":"https://dpw.lacounty.gov/transit/TheLinkFlorenceFirestone.aspx","route_color":"#e66575","route_text_color":"#000000","route_sort_order":15,"continuous_pickup":1,"continuous_drop_off":1}],"agency_name":"LA Go Bus"},"geometry":{"type":"Point","coordinates":[-118.247605,33.979918]}},{"type":"Feature","properties":{"stop_id":"2525702","stop_name":"Gage Ave & Compton Ave","location_type":0,"stop_timezone":"America/Los_Angeles","wheelchair_boarding":0,"stop_city":"Wingfoot","routes":[{"route_id":"13065","agency_id":"1466","route_long_name":"The Link - Florence-Firestone/Walnut Park","route_type":3,"route_url":"https://dpw.lacounty.gov/transit/TheLinkFlorenceFirestone.aspx","route_color":"#e66575","route_text_color":"#000000","route_sort_order":15,"continuous_pickup":1,"continuous_drop_off":1}],"agency_name":"LA Go Bus"},"geometry":{"type":"Point","coordinates":[-118.248268,33.982177]}},{"type":"Feature","properties":{"stop_id":"2525703","stop_name":"Hooper Ave & 65th St","location_type":0,"stop_timezone":"America/Los_Angeles","wheelchair_boarding":0,"stop_city":"Wingfoot","routes":[{"route_id":"13065","agency_id":"1466","route_long_name":"The Link - Florence-Firestone/Walnut Park","route_type":3,"route_url":"https://dpw.lacounty.gov/transit/TheLinkFlorenceFirestone.aspx","route_color":"#e66575","route_text_color":"#000000","route_sort_order":15,"continuous_pickup":1,"continuous_drop_off":1}],"agency_name":"LA Go Bus"},"geometry":{"type":"Point","coordinates":[-118.252145,33.980638]}},{"type":"Feature","properties":{"stop_id":"2525704","stop_name":"Hooper Ave & 68th St","location_type":0,"stop_timezone":"America/Los_Angeles","wheelchair_boarding":0,"stop_city":"Wingfoot","routes":[{"route_id":"13065","agency_id":"1466","route_long_name":"The Link - Florence-Firestone/Walnut Park","route_type":3,"route_url":"https://dpw.lacounty.gov/transit/TheLinkFlorenceFirestone.aspx","route_color":"#e66575","route_text_color":"#000000","route_sort_order":15,"continuous_pickup":1,"continuous_drop_off":1}],"agency_name":"LA Go Bus"},"geometry":{"type":"Point","coordinates":[-118.252145,33.97822]}},{"type":"Feature","properties":{"stop_id":"2525705","stop_name":"Hooper Ave & 70th St","location_type":0,"stop_timezone":"America/Los_Angeles","wheelchair_boarding":0,"stop_city":"Wingfoot","routes":[{"route_id":"13065","agency_id":"1466","route_long_name":"The Link - Florence-Firestone/Walnut Park","route_type":3,"route_url":"https://dpw.lacounty.gov/transit/TheLinkFlorenceFirestone.aspx","route_color":"#e66575","route_text_color":"#000000","route_sort_order":15,"continuous_pickup":1,"continuous_drop_off":1}],"agency_name":"LA Go Bus"},"geometry":{"type":"Point","coordinates":[-118.252137,33.976567]}},{"type":"Feature","properties":{"stop_id":"2525706","stop_name":"Florence Ave & Hopper Ave","location_type":0,"stop_timezone":"America/Los_Angeles","wheelchair_boarding":0,"stop_city":"Florence-Firestone","routes":[{"route_id":"13065","agency_id":"1466","route_long_name":"The Link - Florence-Firestone/Walnut Park","route_type":3,"route_url":"https://dpw.lacounty.gov/transit/TheLinkFlorenceFirestone.aspx","route_color":"#e66575","route_text_color":"#000000","route_sort_order":15,"continuous_pickup":1,"continuous_drop_off":1}],"agency_name":"LA Go Bus"},"geometry":{"type":"Point","coordinates":[-118.252352,33.974873]}},{"type":"Feature","properties":{"stop_id":"2525707","stop_name":"Florence Ave & Central Ave","location_type":0,"stop_timezone":"America/Los_Angeles","wheelchair_boarding":0,"stop_city":"Florence-Firestone","routes":[{"route_id":"13065","agency_id":"1466","route_long_name":"The Link - Florence-Firestone/Walnut Park","route_type":3,"route_url":"https://dpw.lacounty.gov/transit/TheLinkFlorenceFirestone.aspx","route_color":"#e66575","route_text_color":"#000000","route_sort_order":15,"continuous_pickup":1,"continuous_drop_off":1}],"agency_name":"LA Go Bus"},"geometry":{"type":"Point","coordinates":[-118.25476,33.974881]}},{"type":"Feature","properties":{"stop_id":"2525708","stop_name":"Central Ave & 75th St","location_type":0,"stop_timezone":"America/Los_Angeles","wheelchair_boarding":0,"stop_city":"Los Angeles","routes":[{"route_id":"13065","agency_id":"1466","route_long_name":"The Link - Florence-Firestone/Walnut Park","route_type":3,"route_url":"https://dpw.lacounty.gov/transit/TheLinkFlorenceFirestone.aspx","route_color":"#e66575","route_text_color":"#000000","route_sort_order":15,"continuous_pickup":1,"continuous_drop_off":1}],"agency_name":"LA Go Bus"},"geometry":{"type":"Point","coordinates":[-118.256532,33.972224]}},{"type":"Feature","properties":{"stop_id":"2525709","stop_name":"Central Ave & 76th Pl","location_type":0,"stop_timezone":"America/Los_Angeles","wheelchair_boarding":0,"stop_city":"Los Angeles","routes":[{"route_id":"13065","agency_id":"1466","route_long_name":"The Link - Florence-Firestone/Walnut Park","route_type":3,"route_url":"https://dpw.lacounty.gov/transit/TheLinkFlorenceFirestone.aspx","route_color":"#e66575","route_text_color":"#000000","route_sort_order":15,"continuous_pickup":1,"continuous_drop_off":1}],"agency_name":"LA Go Bus"},"geometry":{"type":"Point","coordinates":[-118.256535,33.970405]}},{"type":"Feature","properties":{"stop_id":"2525710","stop_name":"Nadeau St & Central Ave","location_type":0,"stop_timezone":"America/Los_Angeles","wheelchair_boarding":0,"stop_city":"Los Angeles","routes":[{"route_id":"13065","agency_id":"1466","route_long_name":"The Link - Florence-Firestone/Walnut Park","route_type":3,"route_url":"https://dpw.lacounty.gov/transit/TheLinkFlorenceFirestone.aspx","route_color":"#e66575","route_text_color":"#000000","route_sort_order":15,"continuous_pickup":1,"continuous_drop_off":1}],"agency_name":"LA Go Bus"},"geometry":{"type":"Point","coordinates":[-118.256069,33.967385]}},{"type":"Feature","properties":{"stop_id":"2525711","stop_name":"Nadeau St & Hooper Ave","location_type":0,"stop_timezone":"America/Los_Angeles","wheelchair_boarding":0,"stop_city":"Los Angeles","routes":[{"route_id":"13065","agency_id":"1466","route_long_name":"The Link - Florence-Firestone/Walnut Park","route_type":3,"route_url":"https://dpw.lacounty.gov/transit/TheLinkFlorenceFirestone.aspx","route_color":"#e66575","route_text_color":"#000000","route_sort_order":15,"continuous_pickup":1,"continuous_drop_off":1}],"agency_name":"LA Go Bus"},"geometry":{"type":"Point","coordinates":[-118.251774,33.967371]}},{"type":"Feature","properties":{"stop_id":"2525712","stop_name":"Compton Ave & 81st St","location_type":0,"stop_timezone":"America/Los_Angeles","wheelchair_boarding":0,"stop_city":"Florence-Firestone","routes":[{"route_id":"13065","agency_id":"1466","route_long_name":"The Link - Florence-Firestone/Walnut Park","route_type":3,"route_url":"https://dpw.lacounty.gov/transit/TheLinkFlorenceFirestone.aspx","route_color":"#e66575","route_text_color":"#000000","route_sort_order":15,"continuous_pickup":1,"continuous_drop_off":1}],"agency_name":"LA Go Bus"},"geometry":{"type":"Point","coordinates":[-118.247795,33.965951]}},{"type":"Feature","properties":{"stop_id":"2525713","stop_name":"Compton Ave & 83rd St","location_type":0,"stop_timezone":"America/Los_Angeles","wheelchair_boarding":0,"stop_city":"Florence-Firestone","routes":[{"route_id":"13065","agency_id":"1466","route_long_name":"The Link - Florence-Firestone/Walnut Park","route_type":3,"route_url":"https://dpw.lacounty.gov/transit/TheLinkFlorenceFirestone.aspx","route_color":"#e66575","route_text_color":"#000000","route_sort_order":15,"continuous_pickup":1,"continuous_drop_off":1}],"agency_name":"LA Go Bus"},"geometry":{"type":"Point","coordinates":[-118.24779,33.963031]}},{"type":"Feature","properties":{"stop_id":"2525714","stop_name":"Firestone Blvd & Compton Ave","location_type":0,"stop_timezone":"America/Los_Angeles","wheelchair_boarding":0,"stop_city":"Nadeau","routes":[{"route_id":"13065","agency_id":"1466","route_long_name":"The Link - Florence-Firestone/Walnut Park","route_type":3,"route_url":"https://dpw.lacounty.gov/transit/TheLinkFlorenceFirestone.aspx","route_color":"#e66575","route_text_color":"#000000","route_sort_order":15,"continuous_pickup":1,"continuous_drop_off":1}],"agency_name":"LA Go Bus"},"geometry":{"type":"Point","coordinates":[-118.246789,33.960037]}},{"type":"Feature","properties":{"stop_id":"2525718","stop_name":"104th St & Praire Ave","location_type":0,"stop_timezone":"America/Los_Angeles","wheelchair_boarding":0,"stop_city":"Inglewood","routes":[{"route_id":"13067","agency_id":"1466","route_long_name":"The Link - Lennox","route_type":3,"route_url":"https://dpw.lacounty.gov/transit/TheLinkLennox.aspx","route_color":"#c9cd47","route_text_color":"#000000","route_sort_order":17,"continuous_pickup":1,"continuous_drop_off":1}],"agency_name":"LA Go Bus"},"geometry":{"type":"Point","coordinates":[-118.344314,33.941778]}},{"type":"Feature","properties":{"stop_id":"2525719","stop_name":"Freeman Ave & 104th St","location_type":0,"stop_timezone":"America/Los_Angeles","wheelchair_boarding":0,"stop_city":"Inglewood","routes":[{"route_id":"13067","agency_id":"1466","route_long_name":"The Link - Lennox","route_type":3,"route_url":"https://dpw.lacounty.gov/transit/TheLinkLennox.aspx","route_color":"#c9cd47","route_text_color":"#000000","route_sort_order":17,"continuous_pickup":1,"continuous_drop_off":1}],"agency_name":"LA Go Bus"},"geometry":{"type":"Point","coordinates":[-118.348222,33.94163]}},{"type":"Feature","properties":{"stop_id":"2525720","stop_name":"Lennox Blvd & Condon Ave","location_type":0,"stop_timezone":"America/Los_Angeles","wheelchair_boarding":0,"stop_city":"Lennox","routes":[{"route_id":"13067","agency_id":"1466","route_long_name":"The Link - Lennox","route_type":3,"route_url":"https://dpw.lacounty.gov/transit/TheLinkLennox.aspx","route_color":"#c9cd47","route_text_color":"#000000","route_sort_order":17,"continuous_pickup":1,"continuous_drop_off":1}],"agency_name":"LA Go Bus"},"geometry":{"type":"Point","coordinates":[-118.358994,33.938116]}},{"type":"Feature","properties":{"stop_id":"2525721","stop_name":"111th St & Freeman Ave","location_type":0,"stop_timezone":"America/Los_Angeles","wheelchair_boarding":0,"stop_city":"Lennox","routes":[{"route_id":"13067","agency_id":"1466","route_long_name":"The Link - Lennox","route_type":3,"route_url":"https://dpw.lacounty.gov/transit/TheLinkLennox.aspx","route_color":"#c9cd47","route_text_color":"#000000","route_sort_order":17,"continuous_pickup":1,"continuous_drop_off":1}],"agency_name":"LA Go Bus"},"geometry":{"type":"Point","coordinates":[-118.348449,33.934534]}},{"type":"Feature","properties":{"stop_id":"2525722","stop_name":"Lennox Blvd & Burin Ave","location_type":0,"stop_timezone":"America/Los_Angeles","wheelchair_boarding":0,"stop_city":"Lennox","routes":[{"route_id":"13067","agency_id":"1466","route_long_name":"The Link - Lennox","route_type":3,"route_url":"https://dpw.lacounty.gov/transit/TheLinkLennox.aspx","route_color":"#c9cd47","route_text_color":"#000000","route_sort_order":17,"continuous_pickup":1,"continuous_drop_off":1}],"agency_name":"LA Go Bus"},"geometry":{"type":"Point","coordinates":[-118.354002,33.938126]}},{"type":"Feature","properties":{"stop_id":"2525723","stop_name":"104th St & Doty Ave","location_type":0,"stop_timezone":"America/Los_Angeles","wheelchair_boarding":0,"stop_city":"Inglewood","routes":[{"route_id":"13067","agency_id":"1466","route_long_name":"The Link - Lennox","route_type":3,"route_url":"https://dpw.lacounty.gov/transit/TheLinkLennox.aspx","route_color":"#c9cd47","route_text_color":"#000000","route_sort_order":17,"continuous_pickup":1,"continuous_drop_off":1}],"agency_name":"LA Go Bus"},"geometry":{"type":"Point","coordinates":[-118.339551,33.94178]}},{"type":"Feature","properties":{"stop_id":"2525724","stop_name":"104th St & Yukon Ave","location_type":0,"stop_timezone":"America/Los_Angeles","wheelchair_boarding":0,"stop_city":"Inglewood","routes":[{"route_id":"13067","agency_id":"1466","route_long_name":"The Link - Lennox","route_type":3,"route_url":"https://dpw.lacounty.gov/transit/TheLinkLennox.aspx","route_color":"#c9cd47","route_text_color":"#000000","route_sort_order":17,"continuous_pickup":1,"continuous_drop_off":1}],"agency_name":"LA Go Bus"},"geometry":{"type":"Point","coordinates":[-118.335346,33.941782]}},{"type":"Feature","properties":{"stop_id":"2525725","stop_name":"111th St & Metro Station","location_type":0,"stop_timezone":"America/Los_Angeles","wheelchair_boarding":0,"stop_city":"Hawthorne","routes":[{"route_id":"13067","agency_id":"1466","route_long_name":"The Link - Lennox","route_type":3,"route_url":"https://dpw.lacounty.gov/transit/TheLinkLennox.aspx","route_color":"#c9cd47","route_text_color":"#000000","route_sort_order":17,"continuous_pickup":1,"continuous_drop_off":1}],"agency_name":"LA Go Bus"},"geometry":{"type":"Point","coordinates":[-118.352938,33.934449]}},{"type":"Feature","properties":{"stop_id":"2525726","stop_name":"Lennox Blvd & Firmona Ave","location_type":0,"stop_timezone":"America/Los_Angeles","wheelchair_boarding":0,"stop_city":"Lennox","routes":[{"route_id":"13067","agency_id":"1466","route_long_name":"The Link - Lennox","route_type":3,"route_url":"https://dpw.lacounty.gov/transit/TheLinkLennox.aspx","route_color":"#c9cd47","route_text_color":"#000000","route_sort_order":17,"continuous_pickup":1,"continuous_drop_off":1}],"agency_name":"LA Go Bus"},"geometry":{"type":"Point","coordinates":[-118.357135,33.938125]}},{"type":"Feature","properties":{"stop_id":"2525727","stop_name":"Yukon Ave & 102nd Steet","location_type":0,"stop_timezone":"America/Los_Angeles","wheelchair_boarding":0,"stop_city":"Inglewood","routes":[{"route_id":"13067","agency_id":"1466","route_long_name":"The Link - Lennox","route_type":3,"route_url":"https://dpw.lacounty.gov/transit/TheLinkLennox.aspx","route_color":"#c9cd47","route_text_color":"#000000","route_sort_order":17,"continuous_pickup":1,"continuous_drop_off":1}],"agency_name":"LA Go Bus"},"geometry":{"type":"Point","coordinates":[-118.335062,33.944058]}},{"type":"Feature","properties":{"stop_id":"2525728","stop_name":"Freeman Ave & Lennox Blvd","location_type":0,"stop_timezone":"America/Los_Angeles","wheelchair_boarding":0,"stop_city":"Lennox","routes":[{"route_id":"13067","agency_id":"1466","route_long_name":"The Link - Lennox","route_type":3,"route_url":"https://dpw.lacounty.gov/transit/TheLinkLennox.aspx","route_color":"#c9cd47","route_text_color":"#000000","route_sort_order":17,"continuous_pickup":1,"continuous_drop_off":1}],"agency_name":"LA Go Bus"},"geometry":{"type":"Point","coordinates":[-118.348205,33.938083]}},{"type":"Feature","properties":{"stop_id":"2525729","stop_name":"Century Blvd & Yukon Ave","location_type":0,"stop_timezone":"America/Los_Angeles","wheelchair_boarding":0,"stop_city":"Inglewood","routes":[{"route_id":"13067","agency_id":"1466","route_long_name":"The Link - Lennox","route_type":3,"route_url":"https://dpw.lacounty.gov/transit/TheLinkLennox.aspx","route_color":"#c9cd47","route_text_color":"#000000","route_sort_order":17,"continuous_pickup":1,"continuous_drop_off":1}],"agency_name":"LA Go Bus"},"geometry":{"type":"Point","coordinates":[-118.335731,33.945593]}},{"type":"Feature","properties":{"stop_id":"2525730","stop_name":"Century Blvd & Doty Ave","location_type":0,"stop_timezone":"America/Los_Angeles","wheelchair_boarding":0,"stop_city":"Inglewood","routes":[{"route_id":"13067","agency_id":"1466","route_long_name":"The Link - Lennox","route_type":3,"route_url":"https://dpw.lacounty.gov/transit/TheLinkLennox.aspx","route_color":"#c9cd47","route_text_color":"#000000","route_sort_order":17,"continuous_pickup":1,"continuous_drop_off":1}],"agency_name":"LA Go Bus"},"geometry":{"type":"Point","coordinates":[-118.340247,33.945585]}},{"type":"Feature","properties":{"stop_id":"2525731","stop_name":"Century Blvd & Praire Ave","location_type":0,"stop_timezone":"America/Los_Angeles","wheelchair_boarding":0,"stop_city":"Inglewood","routes":[{"route_id":"13067","agency_id":"1466","route_long_name":"The Link - Lennox","route_type":3,"route_url":"https://dpw.lacounty.gov/transit/TheLinkLennox.aspx","route_color":"#c9cd47","route_text_color":"#000000","route_sort_order":17,"continuous_pickup":1,"continuous_drop_off":1}],"agency_name":"LA Go Bus"},"geometry":{"type":"Point","coordinates":[-118.343126,33.945584]}},{"type":"Feature","properties":{"stop_id":"2525732","stop_name":"Flower St & 99th St","location_type":0,"stop_timezone":"America/Los_Angeles","wheelchair_boarding":0,"stop_city":"Inglewood","routes":[{"route_id":"13067","agency_id":"1466","route_long_name":"The Link - Lennox","route_type":3,"route_url":"https://dpw.lacounty.gov/transit/TheLinkLennox.aspx","route_color":"#c9cd47","route_text_color":"#000000","route_sort_order":17,"continuous_pickup":1,"continuous_drop_off":1}],"agency_name":"LA Go Bus"},"geometry":{"type":"Point","coordinates":[-118.346613,33.946769]}},{"type":"Feature","properties":{"stop_id":"2525733","stop_name":"Freeman Ave & 106th St","location_type":0,"stop_timezone":"America/Los_Angeles","wheelchair_boarding":0,"stop_city":"Lennox","routes":[{"route_id":"13067","agency_id":"1466","route_long_name":"The Link - Lennox","route_type":3,"route_url":"https://dpw.lacounty.gov/transit/TheLinkLennox.aspx","route_color":"#c9cd47","route_text_color":"#000000","route_sort_order":17,"continuous_pickup":1,"continuous_drop_off":1}],"agency_name":"LA Go Bus"},"geometry":{"type":"Point","coordinates":[-118.34822,33.939851]}},{"type":"Feature","properties":{"stop_id":"2525734","stop_name":"Flower St & Hardy St","location_type":0,"stop_timezone":"America/Los_Angeles","wheelchair_boarding":0,"stop_city":"Inglewood","routes":[{"route_id":"13067","agency_id":"1466","route_long_name":"The Link - Lennox","route_type":3,"route_url":"https://dpw.lacounty.gov/transit/TheLinkLennox.aspx","route_color":"#c9cd47","route_text_color":"#000000","route_sort_order":17,"continuous_pickup":1,"continuous_drop_off":1}],"agency_name":"LA Go Bus"},"geometry":{"type":"Point","coordinates":[-118.346616,33.948539]}},{"type":"Feature","properties":{"stop_id":"2525735","stop_name":"Flower St Mid-Block","location_type":0,"stop_timezone":"America/Los_Angeles","wheelchair_boarding":0,"stop_city":"Inglewood","routes":[{"route_id":"13067","agency_id":"1466","route_long_name":"The Link - Lennox","route_type":3,"route_url":"https://dpw.lacounty.gov/transit/TheLinkLennox.aspx","route_color":"#c9cd47","route_text_color":"#000000","route_sort_order":17,"continuous_pickup":1,"continuous_drop_off":1}],"agency_name":"LA Go Bus"},"geometry":{"type":"Point","coordinates":[-118.348291,33.949144]}},{"type":"Feature","properties":{"stop_id":"2525736","stop_name":"La Brea Ave & Century Blvd","location_type":0,"stop_timezone":"America/Los_Angeles","wheelchair_boarding":0,"stop_city":"Inglewood","routes":[{"route_id":"13067","agency_id":"1466","route_long_name":"The Link - Lennox","route_type":3,"route_url":"https://dpw.lacounty.gov/transit/TheLinkLennox.aspx","route_color":"#c9cd47","route_text_color":"#000000","route_sort_order":17,"continuous_pickup":1,"continuous_drop_off":1}],"agency_name":"LA Go Bus"},"geometry":{"type":"Point","coordinates":[-118.352854,33.945036]}},{"type":"Feature","properties":{"stop_id":"2525737","stop_name":"Myrtle Ave & 98th St","location_type":0,"stop_timezone":"America/Los_Angeles","wheelchair_boarding":0,"stop_city":"Inglewood","routes":[{"route_id":"13067","agency_id":"1466","route_long_name":"The Link - Lennox","route_type":3,"route_url":"https://dpw.lacounty.gov/transit/TheLinkLennox.aspx","route_color":"#c9cd47","route_text_color":"#000000","route_sort_order":17,"continuous_pickup":1,"continuous_drop_off":1}],"agency_name":"LA Go Bus"},"geometry":{"type":"Point","coordinates":[-118.349241,33.947509]}},{"type":"Feature","properties":{"stop_id":"2525738","stop_name":"104th St & Condon Ave","location_type":0,"stop_timezone":"America/Los_Angeles","wheelchair_boarding":0,"stop_city":"Lennox","routes":[{"route_id":"13067","agency_id":"1466","route_long_name":"The Link - Lennox","route_type":3,"route_url":"https://dpw.lacounty.gov/transit/TheLinkLennox.aspx","route_color":"#c9cd47","route_text_color":"#000000","route_sort_order":17,"continuous_pickup":1,"continuous_drop_off":1}],"agency_name":"LA Go Bus"},"geometry":{"type":"Point","coordinates":[-118.359278,33.941864]}},{"type":"Feature","properties":{"stop_id":"2525739","stop_name":"104th St & Mansel Ave","location_type":0,"stop_timezone":"America/Los_Angeles","wheelchair_boarding":0,"stop_city":"Lennox","routes":[{"route_id":"13067","agency_id":"1466","route_long_name":"The Link - Lennox","route_type":3,"route_url":"https://dpw.lacounty.gov/transit/TheLinkLennox.aspx","route_color":"#c9cd47","route_text_color":"#000000","route_sort_order":17,"continuous_pickup":1,"continuous_drop_off":1}],"agency_name":"LA Go Bus"},"geometry":{"type":"Point","coordinates":[-118.356027,33.941871]}},{"type":"Feature","properties":{"stop_id":"2525740","stop_name":"104th St & Inglewood Ave","location_type":0,"stop_timezone":"America/Los_Angeles","wheelchair_boarding":0,"stop_city":"Lennox","routes":[{"route_id":"13067","agency_id":"1466","route_long_name":"The Link - Lennox","route_type":3,"route_url":"https://dpw.lacounty.gov/transit/TheLinkLennox.aspx","route_color":"#c9cd47","route_text_color":"#000000","route_sort_order":17,"continuous_pickup":1,"continuous_drop_off":1}],"agency_name":"LA Go Bus"},"geometry":{"type":"Point","coordinates":[-118.361197,33.941866]}},{"type":"Feature","properties":{"stop_id":"2525741","stop_name":"104th St & Burl Ave","location_type":0,"stop_timezone":"America/Los_Angeles","wheelchair_boarding":0,"stop_city":"Lennox","routes":[{"route_id":"13067","agency_id":"1466","route_long_name":"The Link - Lennox","route_type":3,"route_url":"https://dpw.lacounty.gov/transit/TheLinkLennox.aspx","route_color":"#c9cd47","route_text_color":"#000000","route_sort_order":17,"continuous_pickup":1,"continuous_drop_off":1}],"agency_name":"LA Go Bus"},"geometry":{"type":"Point","coordinates":[-118.36258,33.941862]}},{"type":"Feature","properties":{"stop_id":"2525742","stop_name":"Buford Ave & 104th St","location_type":0,"stop_timezone":"America/Los_Angeles","wheelchair_boarding":0,"stop_city":"Lennox","routes":[{"route_id":"13067","agency_id":"1466","route_long_name":"The Link - Lennox","route_type":3,"route_url":"https://dpw.lacounty.gov/transit/TheLinkLennox.aspx","route_color":"#c9cd47","route_text_color":"#000000","route_sort_order":17,"continuous_pickup":1,"continuous_drop_off":1}],"agency_name":"LA Go Bus"},"geometry":{"type":"Point","coordinates":[-118.363592,33.940913]}},{"type":"Feature","properties":{"stop_id":"2525743","stop_name":"Buford Ave & Lennox Blvd","location_type":0,"stop_timezone":"America/Los_Angeles","wheelchair_boarding":0,"stop_city":"Lennox","routes":[{"route_id":"13067","agency_id":"1466","route_long_name":"The Link - Lennox","route_type":3,"route_url":"https://dpw.lacounty.gov/transit/TheLinkLennox.aspx","route_color":"#c9cd47","route_text_color":"#000000","route_sort_order":17,"continuous_pickup":1,"continuous_drop_off":1}],"agency_name":"LA Go Bus"},"geometry":{"type":"Point","coordinates":[-118.363592,33.93849]}},{"type":"Feature","properties":{"stop_id":"2525744","stop_name":"Lennox Blvd & Burl Ave","location_type":0,"stop_timezone":"America/Los_Angeles","wheelchair_boarding":0,"stop_city":"Lennox","routes":[{"route_id":"13067","agency_id":"1466","route_long_name":"The Link - Lennox","route_type":3,"route_url":"https://dpw.lacounty.gov/transit/TheLinkLennox.aspx","route_color":"#c9cd47","route_text_color":"#000000","route_sort_order":17,"continuous_pickup":1,"continuous_drop_off":1}],"agency_name":"LA Go Bus"},"geometry":{"type":"Point","coordinates":[-118.362245,33.93812]}},{"type":"Feature","properties":{"stop_id":"2525745","stop_name":"Lennox Blvd & Inglewood Ave","location_type":0,"stop_timezone":"America/Los_Angeles","wheelchair_boarding":0,"stop_city":"Lennox","routes":[{"route_id":"13067","agency_id":"1466","route_long_name":"The Link - Lennox","route_type":3,"route_url":"https://dpw.lacounty.gov/transit/TheLinkLennox.aspx","route_color":"#c9cd47","route_text_color":"#000000","route_sort_order":17,"continuous_pickup":1,"continuous_drop_off":1}],"agency_name":"LA Go Bus"},"geometry":{"type":"Point","coordinates":[-118.36153,33.93812]}},{"type":"Feature","properties":{"stop_id":"2525747","stop_name":"Cesar Chavez Ave & Humphreys Ave","location_type":0,"stop_timezone":"America/Los_Angeles","wheelchair_boarding":0,"stop_city":"East Los Angeles","routes":[{"route_id":"13056","agency_id":"1466","route_long_name":"City Terrace/ELAC","route_type":3,"route_url":"https://dpw.lacounty.gov/transit/ELASW_ctelac.aspx","route_color":"#f5a841","route_text_color":"#000000","route_sort_order":7,"continuous_pickup":1,"continuous_drop_off":1}],"agency_name":"LA Go Bus"},"geometry":{"type":"Point","coordinates":[-118.171256,34.040662]}},{"type":"Feature","properties":{"stop_id":"2525748","stop_name":"Mednik Ave & 1st St","location_type":0,"stop_timezone":"America/Los_Angeles","wheelchair_boarding":0,"stop_city":"East Los Angeles","routes":[{"route_id":"13056","agency_id":"1466","route_long_name":"City Terrace/ELAC","route_type":3,"route_url":"https://dpw.lacounty.gov/transit/ELASW_ctelac.aspx","route_color":"#f5a841","route_text_color":"#000000","route_sort_order":7,"continuous_pickup":1,"continuous_drop_off":1}],"agency_name":"LA Go Bus"},"geometry":{"type":"Point","coordinates":[-118.161749,34.037503]}},{"type":"Feature","properties":{"stop_id":"2525749","stop_name":"Cesar Chavez Ave & Mednik Ave","location_type":0,"stop_timezone":"America/Los_Angeles","wheelchair_boarding":0,"stop_city":"East Los Angeles","routes":[{"route_id":"13056","agency_id":"1466","route_long_name":"City Terrace/ELAC","route_type":3,"route_url":"https://dpw.lacounty.gov/transit/ELASW_ctelac.aspx","route_color":"#f5a841","route_text_color":"#000000","route_sort_order":7,"continuous_pickup":1,"continuous_drop_off":1}],"agency_name":"LA Go Bus"},"geometry":{"type":"Point","coordinates":[-118.162363,34.040684]}},{"type":"Feature","properties":{"stop_id":"2525750","stop_name":"Cesar Chavez Ave & Hazard Ave","location_type":0,"stop_timezone":"America/Los_Angeles","wheelchair_boarding":0,"stop_city":"East Los Angeles","routes":[{"route_id":"13056","agency_id":"1466","route_long_name":"City Terrace/ELAC","route_type":3,"route_url":"https://dpw.lacounty.gov/transit/ELASW_ctelac.aspx","route_color":"#f5a841","route_text_color":"#000000","route_sort_order":7,"continuous_pickup":1,"continuous_drop_off":1}],"agency_name":"LA Go Bus"},"geometry":{"type":"Point","coordinates":[-118.179687,34.040632]}},{"type":"Feature","properties":{"stop_id":"2525751","stop_name":"Cesar Chaves Ave & Record Ave","location_type":0,"stop_timezone":"America/Los_Angeles","wheelchair_boarding":0,"stop_city":"East Los Angeles","routes":[{"route_id":"13056","agency_id":"1466","route_long_name":"City Terrace/ELAC","route_type":3,"route_url":"https://dpw.lacounty.gov/transit/ELASW_ctelac.aspx","route_color":"#f5a841","route_text_color":"#000000","route_sort_order":7,"continuous_pickup":1,"continuous_drop_off":1}],"agency_name":"LA Go Bus"},"geometry":{"type":"Point","coordinates":[-118.182125,34.040621]}},{"type":"Feature","properties":{"stop_id":"2525752","stop_name":"Cesar Chavez Ave & Gage Ave","location_type":0,"stop_timezone":"America/Los_Angeles","wheelchair_boarding":0,"stop_city":"East Los Angeles","routes":[{"route_id":"13056","agency_id":"1466","route_long_name":"City Terrace/ELAC","route_type":3,"route_url":"https://dpw.lacounty.gov/transit/ELASW_ctelac.aspx","route_color":"#f5a841","route_text_color":"#000000","route_sort_order":7,"continuous_pickup":1,"continuous_drop_off":1}],"agency_name":"LA Go Bus"},"geometry":{"type":"Point","coordinates":[-118.184542,34.040622]}},{"type":"Feature","properties":{"stop_id":"2525753","stop_name":"Cesar Chavez Ave & Dangler Ave","location_type":0,"stop_timezone":"America/Los_Angeles","wheelchair_boarding":0,"stop_city":"East Los Angeles","routes":[{"route_id":"13056","agency_id":"1466","route_long_name":"City Terrace/ELAC","route_type":3,"route_url":"https://dpw.lacounty.gov/transit/ELASW_ctelac.aspx","route_color":"#f5a841","route_text_color":"#000000","route_sort_order":7,"continuous_pickup":1,"continuous_drop_off":1}],"agency_name":"LA Go Bus"},"geometry":{"type":"Point","coordinates":[-118.164593,34.040682]}},{"type":"Feature","properties":{"stop_id":"2525754","stop_name":"Rowan Ave & Dozier St","location_type":0,"stop_timezone":"America/Los_Angeles","wheelchair_boarding":0,"stop_city":"East Los Angeles","routes":[{"route_id":"13056","agency_id":"1466","route_long_name":"City Terrace/ELAC","route_type":3,"route_url":"https://dpw.lacounty.gov/transit/ELASW_ctelac.aspx","route_color":"#f5a841","route_text_color":"#000000","route_sort_order":7,"continuous_pickup":1,"continuous_drop_off":1}],"agency_name":"LA Go Bus"},"geometry":{"type":"Point","coordinates":[-118.186948,34.04097]}},{"type":"Feature","properties":{"stop_id":"2525755","stop_name":"Gage Ave & Hammel St","location_type":0,"stop_timezone":"America/Los_Angeles","wheelchair_boarding":0,"stop_city":"East Los Angeles","routes":[{"route_id":"13056","agency_id":"1466","route_long_name":"City Terrace/ELAC","route_type":3,"route_url":"https://dpw.lacounty.gov/transit/ELASW_ctelac.aspx","route_color":"#f5a841","route_text_color":"#000000","route_sort_order":7,"continuous_pickup":1,"continuous_drop_off":1}],"agency_name":"LA Go Bus"},"geometry":{"type":"Point","coordinates":[-118.18459,34.042616]}},{"type":"Feature","properties":{"stop_id":"2525756","stop_name":"Cesar Chavez Ave & Marianna Ave","location_type":0,"stop_timezone":"America/Los_Angeles","wheelchair_boarding":0,"stop_city":"East Los Angeles","routes":[{"route_id":"13056","agency_id":"1466","route_long_name":"City Terrace/ELAC","route_type":3,"route_url":"https://dpw.lacounty.gov/transit/ELASW_ctelac.aspx","route_color":"#f5a841","route_text_color":"#000000","route_sort_order":7,"continuous_pickup":1,"continuous_drop_off":1}],"agency_name":"LA Go Bus"},"geometry":{"type":"Point","coordinates":[-118.176216,34.040645]}},{"type":"Feature","properties":{"stop_id":"2525757","stop_name":"Gage Ave & Blanchard St","location_type":0,"stop_timezone":"America/Los_Angeles","wheelchair_boarding":0,"stop_city":"East Los Angeles","routes":[{"route_id":"13056","agency_id":"1466","route_long_name":"City Terrace/ELAC","route_type":3,"route_url":"https://dpw.lacounty.gov/transit/ELASW_ctelac.aspx","route_color":"#f5a841","route_text_color":"#000000","route_sort_order":7,"continuous_pickup":1,"continuous_drop_off":1}],"agency_name":"LA Go Bus"},"geometry":{"type":"Point","coordinates":[-118.184604,34.045786]}},{"type":"Feature","properties":{"stop_id":"2525758","stop_name":"3rd St & LaVerne Ave - Dionicio Morales Transit Plaza","location_type":0,"stop_timezone":"America/Los_Angeles","wheelchair_boarding":0,"stop_city":"East Los Angeles","routes":[{"route_id":"13055","agency_id":"1466","route_long_name":"Union Pacific/Salazar Park","route_type":3,"route_url":"https://dpw.lacounty.gov/transit/ELASW_upsp.aspx","route_color":"#338cf7","route_text_color":"#ffffff","route_sort_order":6,"continuous_pickup":1,"continuous_drop_off":1},{"route_id":"13056","agency_id":"1466","route_long_name":"City Terrace/ELAC","route_type":3,"route_url":"https://dpw.lacounty.gov/transit/ELASW_ctelac.aspx","route_color":"#f5a841","route_text_color":"#000000","route_sort_order":7,"continuous_pickup":1,"continuous_drop_off":1},{"route_id":"13057","agency_id":"1466","route_long_name":"Whittier Boulevard/Saybrook Park","route_type":3,"route_url":"https://dpw.lacounty.gov/transit/ELASW_wbsp.aspx","route_color":"#b350f8","route_text_color":"#ffffff","route_sort_order":8,"continuous_pickup":1,"continuous_drop_off":1}],"agency_name":"LA Go Bus"},"geometry":{"type":"Point","coordinates":[-118.159036,34.033549]}},{"type":"Feature","properties":{"stop_id":"2525759","stop_name":"Cesar Chavez Ave & Eastern Ave","location_type":0,"stop_timezone":"America/Los_Angeles","wheelchair_boarding":0,"stop_city":"East Los Angeles","routes":[{"route_id":"13056","agency_id":"1466","route_long_name":"City Terrace/ELAC","route_type":3,"route_url":"https://dpw.lacounty.gov/transit/ELASW_ctelac.aspx","route_color":"#f5a841","route_text_color":"#000000","route_sort_order":7,"continuous_pickup":1,"continuous_drop_off":1}],"agency_name":"LA Go Bus"},"geometry":{"type":"Point","coordinates":[-118.174342,34.040651]}},{"type":"Feature","properties":{"stop_id":"2525760","stop_name":"Cesar Chavez Ave & Ford Blvd","location_type":0,"stop_timezone":"America/Los_Angeles","wheelchair_boarding":0,"stop_city":"East Los Angeles","routes":[{"route_id":"13056","agency_id":"1466","route_long_name":"City Terrace/ELAC","route_type":3,"route_url":"https://dpw.lacounty.gov/transit/ELASW_ctelac.aspx","route_color":"#f5a841","route_text_color":"#000000","route_sort_order":7,"continuous_pickup":1,"continuous_drop_off":1}],"agency_name":"LA Go Bus"},"geometry":{"type":"Point","coordinates":[-118.168952,34.040677]}},{"type":"Feature","properties":{"stop_id":"2525761","stop_name":"Mednik Ave & 3rd St","location_type":0,"stop_timezone":"America/Los_Angeles","wheelchair_boarding":0,"stop_city":"East Los Angeles","routes":[{"route_id":"13056","agency_id":"1466","route_long_name":"City Terrace/ELAC","route_type":3,"route_url":"https://dpw.lacounty.gov/transit/ELASW_ctelac.aspx","route_color":"#f5a841","route_text_color":"#000000","route_sort_order":7,"continuous_pickup":1,"continuous_drop_off":1}],"agency_name":"LA Go Bus"},"geometry":{"type":"Point","coordinates":[-118.161857,34.033643]}},{"type":"Feature","properties":{"stop_id":"2525762","stop_name":"Cesar Chavez Ave & Mc Donnell Ave","location_type":0,"stop_timezone":"America/Los_Angeles","wheelchair_boarding":0,"stop_city":"East Los Angeles","routes":[{"route_id":"13056","agency_id":"1466","route_long_name":"City Terrace/ELAC","route_type":3,"route_url":"https://dpw.lacounty.gov/transit/ELASW_ctelac.aspx","route_color":"#f5a841","route_text_color":"#000000","route_sort_order":7,"continuous_pickup":1,"continuous_drop_off":1}],"agency_name":"LA Go Bus"},"geometry":{"type":"Point","coordinates":[-118.166884,34.040677]}},{"type":"Feature","properties":{"stop_id":"2525763","stop_name":"Gage Ave & Eastman Ave","location_type":0,"stop_timezone":"America/Los_Angeles","wheelchair_boarding":0,"stop_city":"East Los Angeles","routes":[{"route_id":"13056","agency_id":"1466","route_long_name":"City Terrace/ELAC","route_type":3,"route_url":"https://dpw.lacounty.gov/transit/ELASW_ctelac.aspx","route_color":"#f5a841","route_text_color":"#000000","route_sort_order":7,"continuous_pickup":1,"continuous_drop_off":1}],"agency_name":"LA Go Bus"},"geometry":{"type":"Point","coordinates":[-118.185367,34.051015]}},{"type":"Feature","properties":{"stop_id":"2525764","stop_name":"Gage Ave & Harris Ave","location_type":0,"stop_timezone":"America/Los_Angeles","wheelchair_boarding":0,"stop_city":"East Los Angeles","routes":[{"route_id":"13056","agency_id":"1466","route_long_name":"City Terrace/ELAC","route_type":3,"route_url":"https://dpw.lacounty.gov/transit/ELASW_ctelac.aspx","route_color":"#f5a841","route_text_color":"#000000","route_sort_order":7,"continuous_pickup":1,"continuous_drop_off":1}],"agency_name":"LA Go Bus"},"geometry":{"type":"Point","coordinates":[-118.184679,34.049291]}},{"type":"Feature","properties":{"stop_id":"2525765","stop_name":"Pomeroy St & City Terrace Dr","location_type":0,"stop_timezone":"America/Los_Angeles","wheelchair_boarding":0,"stop_city":"East Los Angeles","routes":[{"route_id":"13056","agency_id":"1466","route_long_name":"City Terrace/ELAC","route_type":3,"route_url":"https://dpw.lacounty.gov/transit/ELASW_ctelac.aspx","route_color":"#f5a841","route_text_color":"#000000","route_sort_order":7,"continuous_pickup":1,"continuous_drop_off":1}],"agency_name":"LA Go Bus"},"geometry":{"type":"Point","coordinates":[-118.188553,34.051124]}},{"type":"Feature","properties":{"stop_id":"2525766","stop_name":"City Terrace Dr & Rowan Ave","location_type":0,"stop_timezone":"America/Los_Angeles","wheelchair_boarding":0,"stop_city":"East Los Angeles","routes":[{"route_id":"13056","agency_id":"1466","route_long_name":"City Terrace/ELAC","route_type":3,"route_url":"https://dpw.lacounty.gov/transit/ELASW_ctelac.aspx","route_color":"#f5a841","route_text_color":"#000000","route_sort_order":7,"continuous_pickup":1,"continuous_drop_off":1}],"agency_name":"LA Go Bus"},"geometry":{"type":"Point","coordinates":[-118.187515,34.054376]}},{"type":"Feature","properties":{"stop_id":"2525767","stop_name":"City Terrace Dr & Herbert Ave","location_type":0,"stop_timezone":"America/Los_Angeles","wheelchair_boarding":0,"stop_city":"East Los Angeles","routes":[{"route_id":"13056","agency_id":"1466","route_long_name":"City Terrace/ELAC","route_type":3,"route_url":"https://dpw.lacounty.gov/transit/ELASW_ctelac.aspx","route_color":"#f5a841","route_text_color":"#000000","route_sort_order":7,"continuous_pickup":1,"continuous_drop_off":1}],"agency_name":"LA Go Bus"},"geometry":{"type":"Point","coordinates":[-118.182547,34.055594]}},{"type":"Feature","properties":{"stop_id":"2525768","stop_name":"City Terrace Dr & Bonnie Beach Pl","location_type":0,"stop_timezone":"America/Los_Angeles","wheelchair_boarding":0,"stop_city":"East Los Angeles","routes":[{"route_id":"13056","agency_id":"1466","route_long_name":"City Terrace/ELAC","route_type":3,"route_url":"https://dpw.lacounty.gov/transit/ELASW_ctelac.aspx","route_color":"#f5a841","route_text_color":"#000000","route_sort_order":7,"continuous_pickup":1,"continuous_drop_off":1}],"agency_name":"LA Go Bus"},"geometry":{"type":"Point","coordinates":[-118.180994,34.055715]}},{"type":"Feature","properties":{"stop_id":"2525769","stop_name":"City Terrace Dr & Hazard Ave","location_type":0,"stop_timezone":"America/Los_Angeles","wheelchair_boarding":0,"stop_city":"East Los Angeles","routes":[{"route_id":"13056","agency_id":"1466","route_long_name":"City Terrace/ELAC","route_type":3,"route_url":"https://dpw.lacounty.gov/transit/ELASW_ctelac.aspx","route_color":"#f5a841","route_text_color":"#000000","route_sort_order":7,"continuous_pickup":1,"continuous_drop_off":1}],"agency_name":"LA Go Bus"},"geometry":{"type":"Point","coordinates":[-118.178598,34.055564]}},{"type":"Feature","properties":{"stop_id":"2525770","stop_name":"City Terrace Dr & Van Pelt Ave","location_type":0,"stop_timezone":"America/Los_Angeles","wheelchair_boarding":0,"stop_city":"East Los Angeles","routes":[{"route_id":"13056","agency_id":"1466","route_long_name":"City Terrace/ELAC","route_type":3,"route_url":"https://dpw.lacounty.gov/transit/ELASW_ctelac.aspx","route_color":"#f5a841","route_text_color":"#000000","route_sort_order":7,"continuous_pickup":1,"continuous_drop_off":1}],"agency_name":"LA Go Bus"},"geometry":{"type":"Point","coordinates":[-118.176648,34.056001]}},{"type":"Feature","properties":{"stop_id":"2525771","stop_name":"City Terrace Dr & Lafler Dr","location_type":0,"stop_timezone":"America/Los_Angeles","wheelchair_boarding":0,"stop_city":"East Los Angeles","routes":[{"route_id":"13056","agency_id":"1466","route_long_name":"City Terrace/ELAC","route_type":3,"route_url":"https://dpw.lacounty.gov/transit/ELASW_ctelac.aspx","route_color":"#f5a841","route_text_color":"#000000","route_sort_order":7,"continuous_pickup":1,"continuous_drop_off":1}],"agency_name":"LA Go Bus"},"geometry":{"type":"Point","coordinates":[-118.173605,34.057389]}},{"type":"Feature","properties":{"stop_id":"2525772","stop_name":"Eastern Ave & City Terrace Dr","location_type":0,"stop_timezone":"America/Los_Angeles","wheelchair_boarding":0,"stop_city":"East Los Angeles","routes":[{"route_id":"13056","agency_id":"1466","route_long_name":"City Terrace/ELAC","route_type":3,"route_url":"https://dpw.lacounty.gov/transit/ELASW_ctelac.aspx","route_color":"#f5a841","route_text_color":"#000000","route_sort_order":7,"continuous_pickup":1,"continuous_drop_off":1}],"agency_name":"LA Go Bus"},"geometry":{"type":"Point","coordinates":[-118.172101,34.058004]}},{"type":"Feature","properties":{"stop_id":"2525773","stop_name":"Eastern Ave & Ramona Blvd","location_type":0,"stop_timezone":"America/Los_Angeles","wheelchair_boarding":0,"stop_city":"East Los Angeles","routes":[{"route_id":"13056","agency_id":"1466","route_long_name":"City Terrace/ELAC","route_type":3,"route_url":"https://dpw.lacounty.gov/transit/ELASW_ctelac.aspx","route_color":"#f5a841","route_text_color":"#000000","route_sort_order":7,"continuous_pickup":1,"continuous_drop_off":1}],"agency_name":"LA Go Bus"},"geometry":{"type":"Point","coordinates":[-118.172602,34.059316]}},{"type":"Feature","properties":{"stop_id":"2525774","stop_name":"Cal State LA Station & Circle Dr","location_type":0,"stop_timezone":"America/Los_Angeles","wheelchair_boarding":0,"stop_city":"Alhambra","routes":[{"route_id":"13054","agency_id":"1466","route_long_name":"Edmund D. Edelman Children’s Court Shuttle","route_type":3,"route_url":"https://dpw.lacounty.gov/transit/ChildrensCourtShuttle.aspx","route_color":"#23567f","route_text_color":"#ffffff","route_sort_order":5,"continuous_pickup":1,"continuous_drop_off":1},{"route_id":"13056","agency_id":"1466","route_long_name":"City Terrace/ELAC","route_type":3,"route_url":"https://dpw.lacounty.gov/transit/ELASW_ctelac.aspx","route_color":"#f5a841","route_text_color":"#000000","route_sort_order":7,"continuous_pickup":1,"continuous_drop_off":1}],"agency_name":"LA Go Bus"},"geometry":{"type":"Point","coordinates":[-118.168735,34.063257]}},{"type":"Feature","properties":{"stop_id":"2525775","stop_name":"Eastern Ave & Ramona Blvd","location_type":0,"stop_timezone":"America/Los_Angeles","wheelchair_boarding":0,"stop_city":"East Los Angeles","routes":[{"route_id":"13056","agency_id":"1466","route_long_name":"City Terrace/ELAC","route_type":3,"route_url":"https://dpw.lacounty.gov/transit/ELASW_ctelac.aspx","route_color":"#f5a841","route_text_color":"#000000","route_sort_order":7,"continuous_pickup":1,"continuous_drop_off":1}],"agency_name":"LA Go Bus"},"geometry":{"type":"Point","coordinates":[-118.172822,34.059101]}},{"type":"Feature","properties":{"stop_id":"2525776","stop_name":"Eastern Ave & City Terrace Dr","location_type":0,"stop_timezone":"America/Los_Angeles","wheelchair_boarding":0,"stop_city":"East Los Angeles","routes":[{"route_id":"13056","agency_id":"1466","route_long_name":"City Terrace/ELAC","route_type":3,"route_url":"https://dpw.lacounty.gov/transit/ELASW_ctelac.aspx","route_color":"#f5a841","route_text_color":"#000000","route_sort_order":7,"continuous_pickup":1,"continuous_drop_off":1}],"agency_name":"LA Go Bus"},"geometry":{"type":"Point","coordinates":[-118.172316,34.057894]}},{"type":"Feature","properties":{"stop_id":"2525777","stop_name":"Eastern Ave & Lotta Dr","location_type":0,"stop_timezone":"America/Los_Angeles","wheelchair_boarding":0,"stop_city":"East Los Angeles","routes":[{"route_id":"13056","agency_id":"1466","route_long_name":"City Terrace/ELAC","route_type":3,"route_url":"https://dpw.lacounty.gov/transit/ELASW_ctelac.aspx","route_color":"#f5a841","route_text_color":"#000000","route_sort_order":7,"continuous_pickup":1,"continuous_drop_off":1}],"agency_name":"LA Go Bus"},"geometry":{"type":"Point","coordinates":[-118.172965,34.05363]}},{"type":"Feature","properties":{"stop_id":"2525778","stop_name":"Eastern Ave & Sheriff Rd","location_type":0,"stop_timezone":"America/Los_Angeles","wheelchair_boarding":0,"stop_city":"East Los Angeles","routes":[{"route_id":"13056","agency_id":"1466","route_long_name":"City Terrace/ELAC","route_type":3,"route_url":"https://dpw.lacounty.gov/transit/ELASW_ctelac.aspx","route_color":"#f5a841","route_text_color":"#000000","route_sort_order":7,"continuous_pickup":1,"continuous_drop_off":1}],"agency_name":"LA Go Bus"},"geometry":{"type":"Point","coordinates":[-118.174501,34.05147]}},{"type":"Feature","properties":{"stop_id":"2525779","stop_name":"Eastern Ave & Marianna Ave","location_type":0,"stop_timezone":"America/Los_Angeles","wheelchair_boarding":0,"stop_city":"East Los Angeles","routes":[{"route_id":"13056","agency_id":"1466","route_long_name":"City Terrace/ELAC","route_type":3,"route_url":"https://dpw.lacounty.gov/transit/ELASW_ctelac.aspx","route_color":"#f5a841","route_text_color":"#000000","route_sort_order":7,"continuous_pickup":1,"continuous_drop_off":1}],"agency_name":"LA Go Bus"},"geometry":{"type":"Point","coordinates":[-118.175343,34.047346]}},{"type":"Feature","properties":{"stop_id":"2525780","stop_name":"Floral Dr & Eastern Ave","location_type":0,"stop_timezone":"America/Los_Angeles","wheelchair_boarding":0,"stop_city":"East Los Angeles","routes":[{"route_id":"13056","agency_id":"1466","route_long_name":"City Terrace/ELAC","route_type":3,"route_url":"https://dpw.lacounty.gov/transit/ELASW_ctelac.aspx","route_color":"#f5a841","route_text_color":"#000000","route_sort_order":7,"continuous_pickup":1,"continuous_drop_off":1}],"agency_name":"LA Go Bus"},"geometry":{"type":"Point","coordinates":[-118.173289,34.044121]}},{"type":"Feature","properties":{"stop_id":"2525781","stop_name":"Floral Dr & Humphreys Ave","location_type":0,"stop_timezone":"America/Los_Angeles","wheelchair_boarding":0,"stop_city":"East Los Angeles","routes":[{"route_id":"13056","agency_id":"1466","route_long_name":"City Terrace/ELAC","route_type":3,"route_url":"https://dpw.lacounty.gov/transit/ELASW_ctelac.aspx","route_color":"#f5a841","route_text_color":"#000000","route_sort_order":7,"continuous_pickup":1,"continuous_drop_off":1}],"agency_name":"LA Go Bus"},"geometry":{"type":"Point","coordinates":[-118.171618,34.044132]}},{"type":"Feature","properties":{"stop_id":"2525782","stop_name":"Floral Dr & Mc Donnell Ave","location_type":0,"stop_timezone":"America/Los_Angeles","wheelchair_boarding":0,"stop_city":"East Los Angeles","routes":[{"route_id":"13056","agency_id":"1466","route_long_name":"City Terrace/ELAC","route_type":3,"route_url":"https://dpw.lacounty.gov/transit/ELASW_ctelac.aspx","route_color":"#f5a841","route_text_color":"#000000","route_sort_order":7,"continuous_pickup":1,"continuous_drop_off":1}],"agency_name":"LA Go Bus"},"geometry":{"type":"Point","coordinates":[-118.167191,34.04411]}},{"type":"Feature","properties":{"stop_id":"2525783","stop_name":"Floral Dr & Dangler Ave","location_type":0,"stop_timezone":"America/Los_Angeles","wheelchair_boarding":0,"stop_city":"Monterey Park","routes":[{"route_id":"13056","agency_id":"1466","route_long_name":"City Terrace/ELAC","route_type":3,"route_url":"https://dpw.lacounty.gov/transit/ELASW_ctelac.aspx","route_color":"#f5a841","route_text_color":"#000000","route_sort_order":7,"continuous_pickup":1,"continuous_drop_off":1}],"agency_name":"LA Go Bus"},"geometry":{"type":"Point","coordinates":[-118.164981,34.04412]}},{"type":"Feature","properties":{"stop_id":"2525784","stop_name":"Mednik Ave & Floral Dr","location_type":0,"stop_timezone":"America/Los_Angeles","wheelchair_boarding":0,"stop_city":"East Los Angeles","routes":[{"route_id":"13056","agency_id":"1466","route_long_name":"City Terrace/ELAC","route_type":3,"route_url":"https://dpw.lacounty.gov/transit/ELASW_ctelac.aspx","route_color":"#f5a841","route_text_color":"#000000","route_sort_order":7,"continuous_pickup":1,"continuous_drop_off":1}],"agency_name":"LA Go Bus"},"geometry":{"type":"Point","coordinates":[-118.162057,34.043841]}},{"type":"Feature","properties":{"stop_id":"2525785","stop_name":"Cesar Chavez Ave & Mednik Ave","location_type":0,"stop_timezone":"America/Los_Angeles","wheelchair_boarding":0,"stop_city":"East Los Angeles","routes":[{"route_id":"13056","agency_id":"1466","route_long_name":"City Terrace/ELAC","route_type":3,"route_url":"https://dpw.lacounty.gov/transit/ELASW_ctelac.aspx","route_color":"#f5a841","route_text_color":"#000000","route_sort_order":7,"continuous_pickup":1,"continuous_drop_off":1}],"agency_name":"LA Go Bus"},"geometry":{"type":"Point","coordinates":[-118.161581,34.040523]}},{"type":"Feature","properties":{"stop_id":"2525786","stop_name":"Mednik Ave & Hammel St","location_type":0,"stop_timezone":"America/Los_Angeles","wheelchair_boarding":0,"stop_city":"East Los Angeles","routes":[{"route_id":"13056","agency_id":"1466","route_long_name":"City Terrace/ELAC","route_type":3,"route_url":"https://dpw.lacounty.gov/transit/ELASW_ctelac.aspx","route_color":"#f5a841","route_text_color":"#000000","route_sort_order":7,"continuous_pickup":1,"continuous_drop_off":1}],"agency_name":"LA Go Bus"},"geometry":{"type":"Point","coordinates":[-118.162004,34.04292]}},{"type":"Feature","properties":{"stop_id":"2525787","stop_name":"Cesar Chavez Ave & Belvedere Park","location_type":0,"stop_timezone":"America/Los_Angeles","wheelchair_boarding":0,"stop_city":"Monterey Park","routes":[{"route_id":"13056","agency_id":"1466","route_long_name":"City Terrace/ELAC","route_type":3,"route_url":"https://dpw.lacounty.gov/transit/ELASW_ctelac.aspx","route_color":"#f5a841","route_text_color":"#000000","route_sort_order":7,"continuous_pickup":1,"continuous_drop_off":1}],"agency_name":"LA Go Bus"},"geometry":{"type":"Point","coordinates":[-118.158598,34.04054]}},{"type":"Feature","properties":{"stop_id":"2525788","stop_name":"Cesar Chavez Ave & Vancouver Ave","location_type":0,"stop_timezone":"America/Los_Angeles","wheelchair_boarding":0,"stop_city":"Monterey Park","routes":[{"route_id":"13056","agency_id":"1466","route_long_name":"City Terrace/ELAC","route_type":3,"route_url":"https://dpw.lacounty.gov/transit/ELASW_ctelac.aspx","route_color":"#f5a841","route_text_color":"#000000","route_sort_order":7,"continuous_pickup":1,"continuous_drop_off":1}],"agency_name":"LA Go Bus"},"geometry":{"type":"Point","coordinates":[-118.156474,34.040547]}},{"type":"Feature","properties":{"stop_id":"2525789","stop_name":"Cesar Chavez Ave & Westscott Ave","location_type":0,"stop_timezone":"America/Los_Angeles","wheelchair_boarding":0,"stop_city":"Monterey Park","routes":[{"route_id":"13056","agency_id":"1466","route_long_name":"City Terrace/ELAC","route_type":3,"route_url":"https://dpw.lacounty.gov/transit/ELASW_ctelac.aspx","route_color":"#f5a841","route_text_color":"#000000","route_sort_order":7,"continuous_pickup":1,"continuous_drop_off":1}],"agency_name":"LA Go Bus"},"geometry":{"type":"Point","coordinates":[-118.153558,34.040575]}},{"type":"Feature","properties":{"stop_id":"2525790","stop_name":"Cesar Chavez Ave & Schoolside Ave","location_type":0,"stop_timezone":"America/Los_Angeles","wheelchair_boarding":0,"stop_city":"Monterey Park","routes":[{"route_id":"13056","agency_id":"1466","route_long_name":"City Terrace/ELAC","route_type":3,"route_url":"https://dpw.lacounty.gov/transit/ELASW_ctelac.aspx","route_color":"#f5a841","route_text_color":"#000000","route_sort_order":7,"continuous_pickup":1,"continuous_drop_off":1}],"agency_name":"LA Go Bus"},"geometry":{"type":"Point","coordinates":[-118.150661,34.04013]}},{"type":"Feature","properties":{"stop_id":"2525791","stop_name":"Cesar Chavez Ave & Collegian Ave","location_type":0,"stop_timezone":"America/Los_Angeles","wheelchair_boarding":0,"stop_city":"Monterey Park","routes":[{"route_id":"13056","agency_id":"1466","route_long_name":"City Terrace/ELAC","route_type":3,"route_url":"https://dpw.lacounty.gov/transit/ELASW_ctelac.aspx","route_color":"#f5a841","route_text_color":"#000000","route_sort_order":7,"continuous_pickup":1,"continuous_drop_off":1}],"agency_name":"LA Go Bus"},"geometry":{"type":"Point","coordinates":[-118.14738,34.038337]}},{"type":"Feature","properties":{"stop_id":"2525792","stop_name":"Atlantic Blvd & Cesar Chavez Ave","location_type":0,"stop_timezone":"America/Los_Angeles","wheelchair_boarding":0,"stop_city":"Monterey Park","routes":[{"route_id":"13056","agency_id":"1466","route_long_name":"City Terrace/ELAC","route_type":3,"route_url":"https://dpw.lacounty.gov/transit/ELASW_ctelac.aspx","route_color":"#f5a841","route_text_color":"#000000","route_sort_order":7,"continuous_pickup":1,"continuous_drop_off":1}],"agency_name":"LA Go Bus"},"geometry":{"type":"Point","coordinates":[-118.146846,34.037389]}},{"type":"Feature","properties":{"stop_id":"2525793","stop_name":"Atlantic Blvd & 3rd St","location_type":0,"stop_timezone":"America/Los_Angeles","wheelchair_boarding":0,"stop_city":"Monterey Park","routes":[{"route_id":"13056","agency_id":"1466","route_long_name":"City Terrace/ELAC","route_type":3,"route_url":"https://dpw.lacounty.gov/transit/ELASW_ctelac.aspx","route_color":"#f5a841","route_text_color":"#000000","route_sort_order":7,"continuous_pickup":1,"continuous_drop_off":1}],"agency_name":"LA Go Bus"},"geometry":{"type":"Point","coordinates":[-118.152505,34.033695]}},{"type":"Feature","properties":{"stop_id":"2525795","stop_name":"Atlantic Blvd & Pomona Blvd","location_type":0,"stop_timezone":"America/Los_Angeles","wheelchair_boarding":0,"stop_city":"Monterey Park","routes":[{"route_id":"13056","agency_id":"1466","route_long_name":"City Terrace/ELAC","route_type":3,"route_url":"https://dpw.lacounty.gov/transit/ELASW_ctelac.aspx","route_color":"#f5a841","route_text_color":"#000000","route_sort_order":7,"continuous_pickup":1,"continuous_drop_off":1}],"agency_name":"LA Go Bus"},"geometry":{"type":"Point","coordinates":[-118.151961,34.033761]}},{"type":"Feature","properties":{"stop_id":"2525796","stop_name":"Cesar Chavez Ave & Collegian Ave","location_type":0,"stop_timezone":"America/Los_Angeles","wheelchair_boarding":0,"stop_city":"Monterey Park","routes":[{"route_id":"13056","agency_id":"1466","route_long_name":"City Terrace/ELAC","route_type":3,"route_url":"https://dpw.lacounty.gov/transit/ELASW_ctelac.aspx","route_color":"#f5a841","route_text_color":"#000000","route_sort_order":7,"continuous_pickup":1,"continuous_drop_off":1}],"agency_name":"LA Go Bus"},"geometry":{"type":"Point","coordinates":[-118.147251,34.038461]}},{"type":"Feature","properties":{"stop_id":"2525797","stop_name":"Cesar Chavez Ave & Schoolside Ave","location_type":0,"stop_timezone":"America/Los_Angeles","wheelchair_boarding":0,"stop_city":"Monterey Park","routes":[{"route_id":"13056","agency_id":"1466","route_long_name":"City Terrace/ELAC","route_type":3,"route_url":"https://dpw.lacounty.gov/transit/ELASW_ctelac.aspx","route_color":"#f5a841","route_text_color":"#000000","route_sort_order":7,"continuous_pickup":1,"continuous_drop_off":1}],"agency_name":"LA Go Bus"},"geometry":{"type":"Point","coordinates":[-118.149266,34.039774]}},{"type":"Feature","properties":{"stop_id":"2525798","stop_name":"Cesar Chavez Ave & Westscott Ave","location_type":0,"stop_timezone":"America/Los_Angeles","wheelchair_boarding":0,"stop_city":"Monterey Park","routes":[{"route_id":"13056","agency_id":"1466","route_long_name":"City Terrace/ELAC","route_type":3,"route_url":"https://dpw.lacounty.gov/transit/ELASW_ctelac.aspx","route_color":"#f5a841","route_text_color":"#000000","route_sort_order":7,"continuous_pickup":1,"continuous_drop_off":1}],"agency_name":"LA Go Bus"},"geometry":{"type":"Point","coordinates":[-118.153213,34.040738]}},{"type":"Feature","properties":{"stop_id":"2525799","stop_name":"Cesar Chavez Ave & Vancouver Ave","location_type":0,"stop_timezone":"America/Los_Angeles","wheelchair_boarding":0,"stop_city":"Monterey Park","routes":[{"route_id":"13056","agency_id":"1466","route_long_name":"City Terrace/ELAC","route_type":3,"route_url":"https://dpw.lacounty.gov/transit/ELASW_ctelac.aspx","route_color":"#f5a841","route_text_color":"#000000","route_sort_order":7,"continuous_pickup":1,"continuous_drop_off":1}],"agency_name":"LA Go Bus"},"geometry":{"type":"Point","coordinates":[-118.157135,34.040728]}},{"type":"Feature","properties":{"stop_id":"2525800","stop_name":"Cesar Chavez Ave & Belvedere Park","location_type":0,"stop_timezone":"America/Los_Angeles","wheelchair_boarding":0,"stop_city":"Monterey Park","routes":[{"route_id":"13056","agency_id":"1466","route_long_name":"City Terrace/ELAC","route_type":3,"route_url":"https://dpw.lacounty.gov/transit/ELASW_ctelac.aspx","route_color":"#f5a841","route_text_color":"#000000","route_sort_order":7,"continuous_pickup":1,"continuous_drop_off":1}],"agency_name":"LA Go Bus"},"geometry":{"type":"Point","coordinates":[-118.158695,34.040712]}},{"type":"Feature","properties":{"stop_id":"2525801","stop_name":"Mednik Ave & Cesar Chavez Ave","location_type":0,"stop_timezone":"America/Los_Angeles","wheelchair_boarding":0,"stop_city":"East Los Angeles","routes":[{"route_id":"13056","agency_id":"1466","route_long_name":"City Terrace/ELAC","route_type":3,"route_url":"https://dpw.lacounty.gov/transit/ELASW_ctelac.aspx","route_color":"#f5a841","route_text_color":"#000000","route_sort_order":7,"continuous_pickup":1,"continuous_drop_off":1}],"agency_name":"LA Go Bus"},"geometry":{"type":"Point","coordinates":[-118.161766,34.040909]}},{"type":"Feature","properties":{"stop_id":"2525802","stop_name":"Mednik Ave & Hammel St","location_type":0,"stop_timezone":"America/Los_Angeles","wheelchair_boarding":0,"stop_city":"East Los Angeles","routes":[{"route_id":"13056","agency_id":"1466","route_long_name":"City Terrace/ELAC","route_type":3,"route_url":"https://dpw.lacounty.gov/transit/ELASW_ctelac.aspx","route_color":"#f5a841","route_text_color":"#000000","route_sort_order":7,"continuous_pickup":1,"continuous_drop_off":1}],"agency_name":"LA Go Bus"},"geometry":{"type":"Point","coordinates":[-118.161778,34.042813]}},{"type":"Feature","properties":{"stop_id":"2525803","stop_name":"Floral Dr & Dangler Ave","location_type":0,"stop_timezone":"America/Los_Angeles","wheelchair_boarding":0,"stop_city":"Monterey Park","routes":[{"route_id":"13056","agency_id":"1466","route_long_name":"City Terrace/ELAC","route_type":3,"route_url":"https://dpw.lacounty.gov/transit/ELASW_ctelac.aspx","route_color":"#f5a841","route_text_color":"#000000","route_sort_order":7,"continuous_pickup":1,"continuous_drop_off":1}],"agency_name":"LA Go Bus"},"geometry":{"type":"Point","coordinates":[-118.165168,34.044358]}},{"type":"Feature","properties":{"stop_id":"2525804","stop_name":"Floral Dr & Mc Donnell Ave","location_type":0,"stop_timezone":"America/Los_Angeles","wheelchair_boarding":0,"stop_city":"East Los Angeles","routes":[{"route_id":"13056","agency_id":"1466","route_long_name":"City Terrace/ELAC","route_type":3,"route_url":"https://dpw.lacounty.gov/transit/ELASW_ctelac.aspx","route_color":"#f5a841","route_text_color":"#000000","route_sort_order":7,"continuous_pickup":1,"continuous_drop_off":1}],"agency_name":"LA Go Bus"},"geometry":{"type":"Point","coordinates":[-118.16682,34.044345]}},{"type":"Feature","properties":{"stop_id":"2525805","stop_name":"Floral Dr & Humphreys Ave","location_type":0,"stop_timezone":"America/Los_Angeles","wheelchair_boarding":0,"stop_city":"East Los Angeles","routes":[{"route_id":"13056","agency_id":"1466","route_long_name":"City Terrace/ELAC","route_type":3,"route_url":"https://dpw.lacounty.gov/transit/ELASW_ctelac.aspx","route_color":"#f5a841","route_text_color":"#000000","route_sort_order":7,"continuous_pickup":1,"continuous_drop_off":1}],"agency_name":"LA Go Bus"},"geometry":{"type":"Point","coordinates":[-118.171817,34.044257]}},{"type":"Feature","properties":{"stop_id":"2525806","stop_name":"Eastern Ave & Floral Dr","location_type":0,"stop_timezone":"America/Los_Angeles","wheelchair_boarding":0,"stop_city":"East Los Angeles","routes":[{"route_id":"13056","agency_id":"1466","route_long_name":"City Terrace/ELAC","route_type":3,"route_url":"https://dpw.lacounty.gov/transit/ELASW_ctelac.aspx","route_color":"#f5a841","route_text_color":"#000000","route_sort_order":7,"continuous_pickup":1,"continuous_drop_off":1}],"agency_name":"LA Go Bus"},"geometry":{"type":"Point","coordinates":[-118.173511,34.044472]}},{"type":"Feature","properties":{"stop_id":"2525807","stop_name":"Eastern Ave & Sheriff Rd","location_type":0,"stop_timezone":"America/Los_Angeles","wheelchair_boarding":0,"stop_city":"East Los Angeles","routes":[{"route_id":"13056","agency_id":"1466","route_long_name":"City Terrace/ELAC","route_type":3,"route_url":"https://dpw.lacounty.gov/transit/ELASW_ctelac.aspx","route_color":"#f5a841","route_text_color":"#000000","route_sort_order":7,"continuous_pickup":1,"continuous_drop_off":1}],"agency_name":"LA Go Bus"},"geometry":{"type":"Point","coordinates":[-118.174286,34.051379]}},{"type":"Feature","properties":{"stop_id":"2525808","stop_name":"Eastern Ave & Marianna Ave","location_type":0,"stop_timezone":"America/Los_Angeles","wheelchair_boarding":0,"stop_city":"East Los Angeles","routes":[{"route_id":"13056","agency_id":"1466","route_long_name":"City Terrace/ELAC","route_type":3,"route_url":"https://dpw.lacounty.gov/transit/ELASW_ctelac.aspx","route_color":"#f5a841","route_text_color":"#000000","route_sort_order":7,"continuous_pickup":1,"continuous_drop_off":1}],"agency_name":"LA Go Bus"},"geometry":{"type":"Point","coordinates":[-118.174947,34.047289]}},{"type":"Feature","properties":{"stop_id":"2525809","stop_name":"Eastern Ave & Hauck St","location_type":0,"stop_timezone":"America/Los_Angeles","wheelchair_boarding":0,"stop_city":"East Los Angeles","routes":[{"route_id":"13056","agency_id":"1466","route_long_name":"City Terrace/ELAC","route_type":3,"route_url":"https://dpw.lacounty.gov/transit/ELASW_ctelac.aspx","route_color":"#f5a841","route_text_color":"#000000","route_sort_order":7,"continuous_pickup":1,"continuous_drop_off":1}],"agency_name":"LA Go Bus"},"geometry":{"type":"Point","coordinates":[-118.172586,34.053945]}},{"type":"Feature","properties":{"stop_id":"2525810","stop_name":"City Terrace Dr & Mc Gilvrey Ave","location_type":0,"stop_timezone":"America/Los_Angeles","wheelchair_boarding":0,"stop_city":"East Los Angeles","routes":[{"route_id":"13056","agency_id":"1466","route_long_name":"City Terrace/ELAC","route_type":3,"route_url":"https://dpw.lacounty.gov/transit/ELASW_ctelac.aspx","route_color":"#f5a841","route_text_color":"#000000","route_sort_order":7,"continuous_pickup":1,"continuous_drop_off":1}],"agency_name":"LA Go Bus"},"geometry":{"type":"Point","coordinates":[-118.173812,34.057537]}},{"type":"Feature","properties":{"stop_id":"2525811","stop_name":"City Terrace Dr & MillerAve","location_type":0,"stop_timezone":"America/Los_Angeles","wheelchair_boarding":0,"stop_city":"East Los Angeles","routes":[{"route_id":"13056","agency_id":"1466","route_long_name":"City Terrace/ELAC","route_type":3,"route_url":"https://dpw.lacounty.gov/transit/ELASW_ctelac.aspx","route_color":"#f5a841","route_text_color":"#000000","route_sort_order":7,"continuous_pickup":1,"continuous_drop_off":1}],"agency_name":"LA Go Bus"},"geometry":{"type":"Point","coordinates":[-118.178099,34.055753]}},{"type":"Feature","properties":{"stop_id":"2525812","stop_name":"City Terrace Dr & Herbert Ave","location_type":0,"stop_timezone":"America/Los_Angeles","wheelchair_boarding":0,"stop_city":"East Los Angeles","routes":[{"route_id":"13056","agency_id":"1466","route_long_name":"City Terrace/ELAC","route_type":3,"route_url":"https://dpw.lacounty.gov/transit/ELASW_ctelac.aspx","route_color":"#f5a841","route_text_color":"#000000","route_sort_order":7,"continuous_pickup":1,"continuous_drop_off":1}],"agency_name":"LA Go Bus"},"geometry":{"type":"Point","coordinates":[-118.183295,34.055623]}},{"type":"Feature","properties":{"stop_id":"2525813","stop_name":"City Terrace Dr & Rowan Ave","location_type":0,"stop_timezone":"America/Los_Angeles","wheelchair_boarding":0,"stop_city":"East Los Angeles","routes":[{"route_id":"13056","agency_id":"1466","route_long_name":"City Terrace/ELAC","route_type":3,"route_url":"https://dpw.lacounty.gov/transit/ELASW_ctelac.aspx","route_color":"#f5a841","route_text_color":"#000000","route_sort_order":7,"continuous_pickup":1,"continuous_drop_off":1}],"agency_name":"LA Go Bus"},"geometry":{"type":"Point","coordinates":[-118.187686,34.054466]}},{"type":"Feature","properties":{"stop_id":"2525814","stop_name":"City Terrace Dr & Rogers St","location_type":0,"stop_timezone":"America/Los_Angeles","wheelchair_boarding":0,"stop_city":"East Los Angeles","routes":[{"route_id":"13056","agency_id":"1466","route_long_name":"City Terrace/ELAC","route_type":3,"route_url":"https://dpw.lacounty.gov/transit/ELASW_ctelac.aspx","route_color":"#f5a841","route_text_color":"#000000","route_sort_order":7,"continuous_pickup":1,"continuous_drop_off":1}],"agency_name":"LA Go Bus"},"geometry":{"type":"Point","coordinates":[-118.179941,34.055871]}},{"type":"Feature","properties":{"stop_id":"2525815","stop_name":"Pomeroy St & City Terrace Dr","location_type":0,"stop_timezone":"America/Los_Angeles","wheelchair_boarding":0,"stop_city":"East Los Angeles","routes":[{"route_id":"13056","agency_id":"1466","route_long_name":"City Terrace/ELAC","route_type":3,"route_url":"https://dpw.lacounty.gov/transit/ELASW_ctelac.aspx","route_color":"#f5a841","route_text_color":"#000000","route_sort_order":7,"continuous_pickup":1,"continuous_drop_off":1}],"agency_name":"LA Go Bus"},"geometry":{"type":"Point","coordinates":[-118.188466,34.050987]}},{"type":"Feature","properties":{"stop_id":"2525816","stop_name":"Pomeroy St & Eastman Ave","location_type":0,"stop_timezone":"America/Los_Angeles","wheelchair_boarding":0,"stop_city":"East Los Angeles","routes":[{"route_id":"13056","agency_id":"1466","route_long_name":"City Terrace/ELAC","route_type":3,"route_url":"https://dpw.lacounty.gov/transit/ELASW_ctelac.aspx","route_color":"#f5a841","route_text_color":"#000000","route_sort_order":7,"continuous_pickup":1,"continuous_drop_off":1}],"agency_name":"LA Go Bus"},"geometry":{"type":"Point","coordinates":[-118.18556,34.051179]}},{"type":"Feature","properties":{"stop_id":"2525817","stop_name":"Gage Ave & Harris Ave","location_type":0,"stop_timezone":"America/Los_Angeles","wheelchair_boarding":0,"stop_city":"East Los Angeles","routes":[{"route_id":"13056","agency_id":"1466","route_long_name":"City Terrace/ELAC","route_type":3,"route_url":"https://dpw.lacounty.gov/transit/ELASW_ctelac.aspx","route_color":"#f5a841","route_text_color":"#000000","route_sort_order":7,"continuous_pickup":1,"continuous_drop_off":1}],"agency_name":"LA Go Bus"},"geometry":{"type":"Point","coordinates":[-118.184753,34.049008]}},{"type":"Feature","properties":{"stop_id":"2525818","stop_name":"Gage Ave & Blanchard St","location_type":0,"stop_timezone":"America/Los_Angeles","wheelchair_boarding":0,"stop_city":"East Los Angeles","routes":[{"route_id":"13056","agency_id":"1466","route_long_name":"City Terrace/ELAC","route_type":3,"route_url":"https://dpw.lacounty.gov/transit/ELASW_ctelac.aspx","route_color":"#f5a841","route_text_color":"#000000","route_sort_order":7,"continuous_pickup":1,"continuous_drop_off":1}],"agency_name":"LA Go Bus"},"geometry":{"type":"Point","coordinates":[-118.184754,34.045677]}},{"type":"Feature","properties":{"stop_id":"2525819","stop_name":"Gage Ave & Hammel St","location_type":0,"stop_timezone":"America/Los_Angeles","wheelchair_boarding":0,"stop_city":"East Los Angeles","routes":[{"route_id":"13056","agency_id":"1466","route_long_name":"City Terrace/ELAC","route_type":3,"route_url":"https://dpw.lacounty.gov/transit/ELASW_ctelac.aspx","route_color":"#f5a841","route_text_color":"#000000","route_sort_order":7,"continuous_pickup":1,"continuous_drop_off":1}],"agency_name":"LA Go Bus"},"geometry":{"type":"Point","coordinates":[-118.184731,34.042547]}},{"type":"Feature","properties":{"stop_id":"2525820","stop_name":"Rowan Ave & Dozier St","location_type":0,"stop_timezone":"America/Los_Angeles","wheelchair_boarding":0,"stop_city":"East Los Angeles","routes":[{"route_id":"13056","agency_id":"1466","route_long_name":"City Terrace/ELAC","route_type":3,"route_url":"https://dpw.lacounty.gov/transit/ELASW_ctelac.aspx","route_color":"#f5a841","route_text_color":"#000000","route_sort_order":7,"continuous_pickup":1,"continuous_drop_off":1}],"agency_name":"LA Go Bus"},"geometry":{"type":"Point","coordinates":[-118.187106,34.041186]}},{"type":"Feature","properties":{"stop_id":"2525821","stop_name":"Cesar Chavez Ave & Gage Ave","location_type":0,"stop_timezone":"America/Los_Angeles","wheelchair_boarding":0,"stop_city":"East Los Angeles","routes":[{"route_id":"13056","agency_id":"1466","route_long_name":"City Terrace/ELAC","route_type":3,"route_url":"https://dpw.lacounty.gov/transit/ELASW_ctelac.aspx","route_color":"#f5a841","route_text_color":"#000000","route_sort_order":7,"continuous_pickup":1,"continuous_drop_off":1}],"agency_name":"LA Go Bus"},"geometry":{"type":"Point","coordinates":[-118.18448,34.040438]}},{"type":"Feature","properties":{"stop_id":"2525822","stop_name":"Cesar Chavez Ave & Record Ave","location_type":0,"stop_timezone":"America/Los_Angeles","wheelchair_boarding":0,"stop_city":"East Los Angeles","routes":[{"route_id":"13056","agency_id":"1466","route_long_name":"City Terrace/ELAC","route_type":3,"route_url":"https://dpw.lacounty.gov/transit/ELASW_ctelac.aspx","route_color":"#f5a841","route_text_color":"#000000","route_sort_order":7,"continuous_pickup":1,"continuous_drop_off":1}],"agency_name":"LA Go Bus"},"geometry":{"type":"Point","coordinates":[-118.181933,34.040448]}},{"type":"Feature","properties":{"stop_id":"2525823","stop_name":"Cesar Chavez Ave & Hazard Ave","location_type":0,"stop_timezone":"America/Los_Angeles","wheelchair_boarding":0,"stop_city":"East Los Angeles","routes":[{"route_id":"13056","agency_id":"1466","route_long_name":"City Terrace/ELAC","route_type":3,"route_url":"https://dpw.lacounty.gov/transit/ELASW_ctelac.aspx","route_color":"#f5a841","route_text_color":"#000000","route_sort_order":7,"continuous_pickup":1,"continuous_drop_off":1}],"agency_name":"LA Go Bus"},"geometry":{"type":"Point","coordinates":[-118.180013,34.04046]}},{"type":"Feature","properties":{"stop_id":"2525824","stop_name":"Cesar Chavez Ave & Marianna Ave","location_type":0,"stop_timezone":"America/Los_Angeles","wheelchair_boarding":0,"stop_city":"East Los Angeles","routes":[{"route_id":"13056","agency_id":"1466","route_long_name":"City Terrace/ELAC","route_type":3,"route_url":"https://dpw.lacounty.gov/transit/ELASW_ctelac.aspx","route_color":"#f5a841","route_text_color":"#000000","route_sort_order":7,"continuous_pickup":1,"continuous_drop_off":1}],"agency_name":"LA Go Bus"},"geometry":{"type":"Point","coordinates":[-118.17549,34.040477]}},{"type":"Feature","properties":{"stop_id":"2525825","stop_name":"Cesar Chavez Ave & Eastern Ave","location_type":0,"stop_timezone":"America/Los_Angeles","wheelchair_boarding":0,"stop_city":"East Los Angeles","routes":[{"route_id":"13056","agency_id":"1466","route_long_name":"City Terrace/ELAC","route_type":3,"route_url":"https://dpw.lacounty.gov/transit/ELASW_ctelac.aspx","route_color":"#f5a841","route_text_color":"#000000","route_sort_order":7,"continuous_pickup":1,"continuous_drop_off":1}],"agency_name":"LA Go Bus"},"geometry":{"type":"Point","coordinates":[-118.173843,34.040483]}},{"type":"Feature","properties":{"stop_id":"2525826","stop_name":"Cesar Chavez Ave & Humphreys Ave","location_type":0,"stop_timezone":"America/Los_Angeles","wheelchair_boarding":0,"stop_city":"East Los Angeles","routes":[{"route_id":"13056","agency_id":"1466","route_long_name":"City Terrace/ELAC","route_type":3,"route_url":"https://dpw.lacounty.gov/transit/ELASW_ctelac.aspx","route_color":"#f5a841","route_text_color":"#000000","route_sort_order":7,"continuous_pickup":1,"continuous_drop_off":1}],"agency_name":"LA Go Bus"},"geometry":{"type":"Point","coordinates":[-118.171519,34.040493]}},{"type":"Feature","properties":{"stop_id":"2525827","stop_name":"Cesar Chavez Ave & Ford Blvd","location_type":0,"stop_timezone":"America/Los_Angeles","wheelchair_boarding":0,"stop_city":"East Los Angeles","routes":[{"route_id":"13056","agency_id":"1466","route_long_name":"City Terrace/ELAC","route_type":3,"route_url":"https://dpw.lacounty.gov/transit/ELASW_ctelac.aspx","route_color":"#f5a841","route_text_color":"#000000","route_sort_order":7,"continuous_pickup":1,"continuous_drop_off":1}],"agency_name":"LA Go Bus"},"geometry":{"type":"Point","coordinates":[-118.168944,34.040501]}},{"type":"Feature","properties":{"stop_id":"2525828","stop_name":"Cesar Chavez Ave & Mc Donnell Ave","location_type":0,"stop_timezone":"America/Los_Angeles","wheelchair_boarding":0,"stop_city":"Monterey Park","routes":[{"route_id":"13056","agency_id":"1466","route_long_name":"City Terrace/ELAC","route_type":3,"route_url":"https://dpw.lacounty.gov/transit/ELASW_ctelac.aspx","route_color":"#f5a841","route_text_color":"#000000","route_sort_order":7,"continuous_pickup":1,"continuous_drop_off":1}],"agency_name":"LA Go Bus"},"geometry":{"type":"Point","coordinates":[-118.166724,34.040506]}},{"type":"Feature","properties":{"stop_id":"2525829","stop_name":"Cesar Chavez Ave & Dangler Ave","location_type":0,"stop_timezone":"America/Los_Angeles","wheelchair_boarding":0,"stop_city":"Monterey Park","routes":[{"route_id":"13056","agency_id":"1466","route_long_name":"City Terrace/ELAC","route_type":3,"route_url":"https://dpw.lacounty.gov/transit/ELASW_ctelac.aspx","route_color":"#f5a841","route_text_color":"#000000","route_sort_order":7,"continuous_pickup":1,"continuous_drop_off":1}],"agency_name":"LA Go Bus"},"geometry":{"type":"Point","coordinates":[-118.164943,34.040515]}},{"type":"Feature","properties":{"stop_id":"2525830","stop_name":"Cesar Chavez Ave & Mednik Ave","location_type":0,"stop_timezone":"America/Los_Angeles","wheelchair_boarding":0,"stop_city":"East Los Angeles","routes":[{"route_id":"13056","agency_id":"1466","route_long_name":"City Terrace/ELAC","route_type":3,"route_url":"https://dpw.lacounty.gov/transit/ELASW_ctelac.aspx","route_color":"#f5a841","route_text_color":"#000000","route_sort_order":7,"continuous_pickup":1,"continuous_drop_off":1}],"agency_name":"LA Go Bus"},"geometry":{"type":"Point","coordinates":[-118.162165,34.040513]}},{"type":"Feature","properties":{"stop_id":"2525831","stop_name":"Mednik Ave & 1st St","location_type":0,"stop_timezone":"America/Los_Angeles","wheelchair_boarding":0,"stop_city":"East Los Angeles","routes":[{"route_id":"13056","agency_id":"1466","route_long_name":"City Terrace/ELAC","route_type":3,"route_url":"https://dpw.lacounty.gov/transit/ELASW_ctelac.aspx","route_color":"#f5a841","route_text_color":"#000000","route_sort_order":7,"continuous_pickup":1,"continuous_drop_off":1}],"agency_name":"LA Go Bus"},"geometry":{"type":"Point","coordinates":[-118.161968,34.037238]}},{"type":"Feature","properties":{"stop_id":"2525832","stop_name":"Mednik Ave & 3rd St","location_type":0,"stop_timezone":"America/Los_Angeles","wheelchair_boarding":0,"stop_city":"East Los Angeles","routes":[{"route_id":"13055","agency_id":"1466","route_long_name":"Union Pacific/Salazar Park","route_type":3,"route_url":"https://dpw.lacounty.gov/transit/ELASW_upsp.aspx","route_color":"#338cf7","route_text_color":"#ffffff","route_sort_order":6,"continuous_pickup":1,"continuous_drop_off":1},{"route_id":"13056","agency_id":"1466","route_long_name":"City Terrace/ELAC","route_type":3,"route_url":"https://dpw.lacounty.gov/transit/ELASW_ctelac.aspx","route_color":"#f5a841","route_text_color":"#000000","route_sort_order":7,"continuous_pickup":1,"continuous_drop_off":1},{"route_id":"13057","agency_id":"1466","route_long_name":"Whittier Boulevard/Saybrook Park","route_type":3,"route_url":"https://dpw.lacounty.gov/transit/ELASW_wbsp.aspx","route_color":"#b350f8","route_text_color":"#ffffff","route_sort_order":8,"continuous_pickup":1,"continuous_drop_off":1}],"agency_name":"LA Go Bus"},"geometry":{"type":"Point","coordinates":[-118.161314,34.033244]}},{"type":"Feature","properties":{"stop_id":"2525833","stop_name":"3rd St & LaVerne Ave - Dionicio Morales Transit Plaza","location_type":0,"stop_timezone":"America/Los_Angeles","wheelchair_boarding":0,"stop_city":"East Los Angeles","routes":[{"route_id":"13055","agency_id":"1466","route_long_name":"Union Pacific/Salazar Park","route_type":3,"route_url":"https://dpw.lacounty.gov/transit/ELASW_upsp.aspx","route_color":"#338cf7","route_text_color":"#ffffff","route_sort_order":6,"continuous_pickup":1,"continuous_drop_off":1},{"route_id":"13056","agency_id":"1466","route_long_name":"City Terrace/ELAC","route_type":3,"route_url":"https://dpw.lacounty.gov/transit/ELASW_ctelac.aspx","route_color":"#f5a841","route_text_color":"#000000","route_sort_order":7,"continuous_pickup":1,"continuous_drop_off":1},{"route_id":"13057","agency_id":"1466","route_long_name":"Whittier Boulevard/Saybrook Park","route_type":3,"route_url":"https://dpw.lacounty.gov/transit/ELASW_wbsp.aspx","route_color":"#b350f8","route_text_color":"#ffffff","route_sort_order":8,"continuous_pickup":1,"continuous_drop_off":1}],"agency_name":"LA Go Bus"},"geometry":{"type":"Point","coordinates":[-118.1582203024011,34.033246752529394]}},{"type":"Feature","properties":{"stop_id":"2525834","stop_name":"Whittier Blvd & Clela Ave","location_type":0,"stop_timezone":"America/Los_Angeles","wheelchair_boarding":0,"stop_city":"East Los Angeles","routes":[{"route_id":"13055","agency_id":"1466","route_long_name":"Union Pacific/Salazar Park","route_type":3,"route_url":"https://dpw.lacounty.gov/transit/ELASW_upsp.aspx","route_color":"#338cf7","route_text_color":"#ffffff","route_sort_order":6,"continuous_pickup":1,"continuous_drop_off":1},{"route_id":"13057","agency_id":"1466","route_long_name":"Whittier Boulevard/Saybrook Park","route_type":3,"route_url":"https://dpw.lacounty.gov/transit/ELASW_wbsp.aspx","route_color":"#b350f8","route_text_color":"#ffffff","route_sort_order":8,"continuous_pickup":1,"continuous_drop_off":1}],"agency_name":"LA Go Bus"},"geometry":{"type":"Point","coordinates":[-118.160516,34.021191]}},{"type":"Feature","properties":{"stop_id":"2525835","stop_name":"Whittier Blvd & Arizona Ave","location_type":0,"stop_timezone":"America/Los_Angeles","wheelchair_boarding":0,"stop_city":"East Los Angeles","routes":[{"route_id":"13055","agency_id":"1466","route_long_name":"Union Pacific/Salazar Park","route_type":3,"route_url":"https://dpw.lacounty.gov/transit/ELASW_upsp.aspx","route_color":"#338cf7","route_text_color":"#ffffff","route_sort_order":6,"continuous_pickup":1,"continuous_drop_off":1},{"route_id":"13057","agency_id":"1466","route_long_name":"Whittier Boulevard/Saybrook Park","route_type":3,"route_url":"https://dpw.lacounty.gov/transit/ELASW_wbsp.aspx","route_color":"#b350f8","route_text_color":"#ffffff","route_sort_order":8,"continuous_pickup":1,"continuous_drop_off":1}],"agency_name":"LA Go Bus"},"geometry":{"type":"Point","coordinates":[-118.167374,34.022625]}},{"type":"Feature","properties":{"stop_id":"2525836","stop_name":"Ford Blvd & Alley","location_type":0,"stop_timezone":"America/Los_Angeles","wheelchair_boarding":0,"stop_city":"East Los Angeles","routes":[{"route_id":"13055","agency_id":"1466","route_long_name":"Union Pacific/Salazar Park","route_type":3,"route_url":"https://dpw.lacounty.gov/transit/ELASW_upsp.aspx","route_color":"#338cf7","route_text_color":"#ffffff","route_sort_order":6,"continuous_pickup":1,"continuous_drop_off":1}],"agency_name":"LA Go Bus"},"geometry":{"type":"Point","coordinates":[-118.171265,34.02288]}},{"type":"Feature","properties":{"stop_id":"2525837","stop_name":"Ferris Ave & 6th St","location_type":0,"stop_timezone":"America/Los_Angeles","wheelchair_boarding":0,"stop_city":"East Los Angeles","routes":[{"route_id":"13055","agency_id":"1466","route_long_name":"Union Pacific/Salazar Park","route_type":3,"route_url":"https://dpw.lacounty.gov/transit/ELASW_upsp.aspx","route_color":"#338cf7","route_text_color":"#ffffff","route_sort_order":6,"continuous_pickup":1,"continuous_drop_off":1}],"agency_name":"LA Go Bus"},"geometry":{"type":"Point","coordinates":[-118.162036,34.026296]}},{"type":"Feature","properties":{"stop_id":"2525838","stop_name":"Eastern Ave & Olympic Blvd","location_type":0,"stop_timezone":"America/Los_Angeles","wheelchair_boarding":0,"stop_city":"East Los Angeles","routes":[{"route_id":"13055","agency_id":"1466","route_long_name":"Union Pacific/Salazar Park","route_type":3,"route_url":"https://dpw.lacounty.gov/transit/ELASW_upsp.aspx","route_color":"#338cf7","route_text_color":"#ffffff","route_sort_order":6,"continuous_pickup":1,"continuous_drop_off":1}],"agency_name":"LA Go Bus"},"geometry":{"type":"Point","coordinates":[-118.174012,34.018594]}},{"type":"Feature","properties":{"stop_id":"2525839","stop_name":"Ford Blvd & Verona St","location_type":0,"stop_timezone":"America/Los_Angeles","wheelchair_boarding":0,"stop_city":"East Los Angeles","routes":[{"route_id":"13055","agency_id":"1466","route_long_name":"Union Pacific/Salazar Park","route_type":3,"route_url":"https://dpw.lacounty.gov/transit/ELASW_upsp.aspx","route_color":"#338cf7","route_text_color":"#ffffff","route_sort_order":6,"continuous_pickup":1,"continuous_drop_off":1}],"agency_name":"LA Go Bus"},"geometry":{"type":"Point","coordinates":[-118.171648,34.021617]}},{"type":"Feature","properties":{"stop_id":"2525840","stop_name":"Eastern Ave & Union Pacific Ave","location_type":0,"stop_timezone":"America/Los_Angeles","wheelchair_boarding":0,"stop_city":"Commerce","routes":[{"route_id":"13055","agency_id":"1466","route_long_name":"Union Pacific/Salazar Park","route_type":3,"route_url":"https://dpw.lacounty.gov/transit/ELASW_upsp.aspx","route_color":"#338cf7","route_text_color":"#ffffff","route_sort_order":6,"continuous_pickup":1,"continuous_drop_off":1}],"agency_name":"LA Go Bus"},"geometry":{"type":"Point","coordinates":[-118.174784,34.016361]}},{"type":"Feature","properties":{"stop_id":"2525841","stop_name":"Whittier Blvd & McBride Ave","location_type":0,"stop_timezone":"America/Los_Angeles","wheelchair_boarding":0,"stop_city":"East Los Angeles","routes":[{"route_id":"13055","agency_id":"1466","route_long_name":"Union Pacific/Salazar Park","route_type":3,"route_url":"https://dpw.lacounty.gov/transit/ELASW_upsp.aspx","route_color":"#338cf7","route_text_color":"#ffffff","route_sort_order":6,"continuous_pickup":1,"continuous_drop_off":1},{"route_id":"13057","agency_id":"1466","route_long_name":"Whittier Boulevard/Saybrook Park","route_type":3,"route_url":"https://dpw.lacounty.gov/transit/ELASW_wbsp.aspx","route_color":"#b350f8","route_text_color":"#ffffff","route_sort_order":8,"continuous_pickup":1,"continuous_drop_off":1}],"agency_name":"LA Go Bus"},"geometry":{"type":"Point","coordinates":[-118.169245,34.023018]}},{"type":"Feature","properties":{"stop_id":"2525842","stop_name":"Whittier Blvd & Fraser Ave","location_type":0,"stop_timezone":"America/Los_Angeles","wheelchair_boarding":0,"stop_city":"East Los Angeles","routes":[{"route_id":"13055","agency_id":"1466","route_long_name":"Union Pacific/Salazar Park","route_type":3,"route_url":"https://dpw.lacounty.gov/transit/ELASW_upsp.aspx","route_color":"#338cf7","route_text_color":"#ffffff","route_sort_order":6,"continuous_pickup":1,"continuous_drop_off":1}],"agency_name":"LA Go Bus"},"geometry":{"type":"Point","coordinates":[-118.163632,34.021837]}},{"type":"Feature","properties":{"stop_id":"2525843","stop_name":"Eagle St & La Verne Ave","location_type":0,"stop_timezone":"America/Los_Angeles","wheelchair_boarding":0,"stop_city":"East Los Angeles","routes":[{"route_id":"13055","agency_id":"1466","route_long_name":"Union Pacific/Salazar Park","route_type":3,"route_url":"https://dpw.lacounty.gov/transit/ELASW_upsp.aspx","route_color":"#338cf7","route_text_color":"#ffffff","route_sort_order":6,"continuous_pickup":1,"continuous_drop_off":1}],"agency_name":"LA Go Bus"},"geometry":{"type":"Point","coordinates":[-118.160386,34.028304]}},{"type":"Feature","properties":{"stop_id":"2525844","stop_name":"6th St & Clela Ave","location_type":0,"stop_timezone":"America/Los_Angeles","wheelchair_boarding":0,"stop_city":"East Los Angeles","routes":[{"route_id":"13055","agency_id":"1466","route_long_name":"Union Pacific/Salazar Park","route_type":3,"route_url":"https://dpw.lacounty.gov/transit/ELASW_upsp.aspx","route_color":"#338cf7","route_text_color":"#ffffff","route_sort_order":6,"continuous_pickup":1,"continuous_drop_off":1}],"agency_name":"LA Go Bus"},"geometry":{"type":"Point","coordinates":[-118.159056,34.025489]}},{"type":"Feature","properties":{"stop_id":"2525845","stop_name":"Triggs St & Marianna Ave","location_type":0,"stop_timezone":"America/Los_Angeles","wheelchair_boarding":0,"stop_city":"Commerce","routes":[{"route_id":"13055","agency_id":"1466","route_long_name":"Union Pacific/Salazar Park","route_type":3,"route_url":"https://dpw.lacounty.gov/transit/ELASW_upsp.aspx","route_color":"#338cf7","route_text_color":"#ffffff","route_sort_order":6,"continuous_pickup":1,"continuous_drop_off":1}],"agency_name":"LA Go Bus"},"geometry":{"type":"Point","coordinates":[-118.175723,34.014693]}},{"type":"Feature","properties":{"stop_id":"2525846","stop_name":"Ford Blvd & Mines St","location_type":0,"stop_timezone":"America/Los_Angeles","wheelchair_boarding":0,"stop_city":"East Los Angeles","routes":[{"route_id":"13055","agency_id":"1466","route_long_name":"Union Pacific/Salazar Park","route_type":3,"route_url":"https://dpw.lacounty.gov/transit/ELASW_upsp.aspx","route_color":"#338cf7","route_text_color":"#ffffff","route_sort_order":6,"continuous_pickup":1,"continuous_drop_off":1}],"agency_name":"LA Go Bus"},"geometry":{"type":"Point","coordinates":[-118.172344,34.019308]}},{"type":"Feature","properties":{"stop_id":"2525847","stop_name":"Triggs St & Sunol Dr","location_type":0,"stop_timezone":"America/Los_Angeles","wheelchair_boarding":0,"stop_city":"Commerce","routes":[{"route_id":"13055","agency_id":"1466","route_long_name":"Union Pacific/Salazar Park","route_type":3,"route_url":"https://dpw.lacounty.gov/transit/ELASW_upsp.aspx","route_color":"#338cf7","route_text_color":"#ffffff","route_sort_order":6,"continuous_pickup":1,"continuous_drop_off":1}],"agency_name":"LA Go Bus"},"geometry":{"type":"Point","coordinates":[-118.178832,34.014688]}},{"type":"Feature","properties":{"stop_id":"2525848","stop_name":"South Bonnie Beach Pl & Parque De Los Suenos","location_type":0,"stop_timezone":"America/Los_Angeles","wheelchair_boarding":0,"stop_city":"Commerce","routes":[{"route_id":"13055","agency_id":"1466","route_long_name":"Union Pacific/Salazar Park","route_type":3,"route_url":"https://dpw.lacounty.gov/transit/ELASW_upsp.aspx","route_color":"#338cf7","route_text_color":"#ffffff","route_sort_order":6,"continuous_pickup":1,"continuous_drop_off":1}],"agency_name":"LA Go Bus"},"geometry":{"type":"Point","coordinates":[-118.181218,34.015797]}},{"type":"Feature","properties":{"stop_id":"2525849","stop_name":"Union Pacific Ave & Herbert Ave","location_type":0,"stop_timezone":"America/Los_Angeles","wheelchair_boarding":0,"stop_city":"East Los Angeles","routes":[{"route_id":"13055","agency_id":"1466","route_long_name":"Union Pacific/Salazar Park","route_type":3,"route_url":"https://dpw.lacounty.gov/transit/ELASW_upsp.aspx","route_color":"#338cf7","route_text_color":"#ffffff","route_sort_order":6,"continuous_pickup":1,"continuous_drop_off":1}],"agency_name":"LA Go Bus"},"geometry":{"type":"Point","coordinates":[-118.183429,34.016629]}},{"type":"Feature","properties":{"stop_id":"2525850","stop_name":"Union Pacific Ave & Gage Ave","location_type":0,"stop_timezone":"America/Los_Angeles","wheelchair_boarding":0,"stop_city":"East Los Angeles","routes":[{"route_id":"13055","agency_id":"1466","route_long_name":"Union Pacific/Salazar Park","route_type":3,"route_url":"https://dpw.lacounty.gov/transit/ELASW_upsp.aspx","route_color":"#338cf7","route_text_color":"#ffffff","route_sort_order":6,"continuous_pickup":1,"continuous_drop_off":1}],"agency_name":"LA Go Bus"},"geometry":{"type":"Point","coordinates":[-118.184759,34.016629]}},{"type":"Feature","properties":{"stop_id":"2525851","stop_name":"Olympic Blvd & Gage Ave","location_type":0,"stop_timezone":"America/Los_Angeles","wheelchair_boarding":0,"stop_city":"East Los Angeles","routes":[{"route_id":"13055","agency_id":"1466","route_long_name":"Union Pacific/Salazar Park","route_type":3,"route_url":"https://dpw.lacounty.gov/transit/ELASW_upsp.aspx","route_color":"#338cf7","route_text_color":"#ffffff","route_sort_order":6,"continuous_pickup":1,"continuous_drop_off":1}],"agency_name":"LA Go Bus"},"geometry":{"type":"Point","coordinates":[-118.185177,34.019004]}},{"type":"Feature","properties":{"stop_id":"2525852","stop_name":"Olympic Blvd & Ditman Ave","location_type":0,"stop_timezone":"America/Los_Angeles","wheelchair_boarding":0,"stop_city":"East Los Angeles","routes":[{"route_id":"13055","agency_id":"1466","route_long_name":"Union Pacific/Salazar Park","route_type":3,"route_url":"https://dpw.lacounty.gov/transit/ELASW_upsp.aspx","route_color":"#338cf7","route_text_color":"#ffffff","route_sort_order":6,"continuous_pickup":1,"continuous_drop_off":1}],"agency_name":"LA Go Bus"},"geometry":{"type":"Point","coordinates":[-118.189718,34.018985]}},{"type":"Feature","properties":{"stop_id":"2525853","stop_name":"Olympic Blvd & Rowan Ave","location_type":0,"stop_timezone":"America/Los_Angeles","wheelchair_boarding":0,"stop_city":"East Los Angeles","routes":[{"route_id":"13055","agency_id":"1466","route_long_name":"Union Pacific/Salazar Park","route_type":3,"route_url":"https://dpw.lacounty.gov/transit/ELASW_upsp.aspx","route_color":"#338cf7","route_text_color":"#ffffff","route_sort_order":6,"continuous_pickup":1,"continuous_drop_off":1}],"agency_name":"LA Go Bus"},"geometry":{"type":"Point","coordinates":[-118.187577,34.019012]}},{"type":"Feature","properties":{"stop_id":"2525854","stop_name":"Indiana St & Olympic Blvd","location_type":0,"stop_timezone":"America/Los_Angeles","wheelchair_boarding":0,"stop_city":"Los Angeles","routes":[{"route_id":"13055","agency_id":"1466","route_long_name":"Union Pacific/Salazar Park","route_type":3,"route_url":"https://dpw.lacounty.gov/transit/ELASW_upsp.aspx","route_color":"#338cf7","route_text_color":"#ffffff","route_sort_order":6,"continuous_pickup":1,"continuous_drop_off":1}],"agency_name":"LA Go Bus"},"geometry":{"type":"Point","coordinates":[-118.192179,34.019343]}},{"type":"Feature","properties":{"stop_id":"2525855","stop_name":"Indiana St & Lee St","location_type":0,"stop_timezone":"America/Los_Angeles","wheelchair_boarding":0,"stop_city":"Los Angeles","routes":[{"route_id":"13055","agency_id":"1466","route_long_name":"Union Pacific/Salazar Park","route_type":3,"route_url":"https://dpw.lacounty.gov/transit/ELASW_upsp.aspx","route_color":"#338cf7","route_text_color":"#ffffff","route_sort_order":6,"continuous_pickup":1,"continuous_drop_off":1}],"agency_name":"LA Go Bus"},"geometry":{"type":"Point","coordinates":[-118.192192,34.021863]}},{"type":"Feature","properties":{"stop_id":"2525856","stop_name":"Indiana St & Whittier Blvd","location_type":0,"stop_timezone":"America/Los_Angeles","wheelchair_boarding":0,"stop_city":"Los Angeles","routes":[{"route_id":"13055","agency_id":"1466","route_long_name":"Union Pacific/Salazar Park","route_type":3,"route_url":"https://dpw.lacounty.gov/transit/ELASW_upsp.aspx","route_color":"#338cf7","route_text_color":"#ffffff","route_sort_order":6,"continuous_pickup":1,"continuous_drop_off":1}],"agency_name":"LA Go Bus"},"geometry":{"type":"Point","coordinates":[-118.192216,34.023768]}},{"type":"Feature","properties":{"stop_id":"2525857","stop_name":"Whittier Blvd & Ditman Ave","location_type":0,"stop_timezone":"America/Los_Angeles","wheelchair_boarding":0,"stop_city":"East Los Angeles","routes":[{"route_id":"13055","agency_id":"1466","route_long_name":"Union Pacific/Salazar Park","route_type":3,"route_url":"https://dpw.lacounty.gov/transit/ELASW_upsp.aspx","route_color":"#338cf7","route_text_color":"#ffffff","route_sort_order":6,"continuous_pickup":1,"continuous_drop_off":1}],"agency_name":"LA Go Bus"},"geometry":{"type":"Point","coordinates":[-118.188986,34.023827]}},{"type":"Feature","properties":{"stop_id":"2525858","stop_name":"Whittier Blvd & Eastman Ave","location_type":0,"stop_timezone":"America/Los_Angeles","wheelchair_boarding":0,"stop_city":"East Los Angeles","routes":[{"route_id":"13055","agency_id":"1466","route_long_name":"Union Pacific/Salazar Park","route_type":3,"route_url":"https://dpw.lacounty.gov/transit/ELASW_upsp.aspx","route_color":"#338cf7","route_text_color":"#ffffff","route_sort_order":6,"continuous_pickup":1,"continuous_drop_off":1}],"agency_name":"LA Go Bus"},"geometry":{"type":"Point","coordinates":[-118.185901,34.023832]}},{"type":"Feature","properties":{"stop_id":"2525859","stop_name":"Whittier Blvd & Herbert Ave","location_type":0,"stop_timezone":"America/Los_Angeles","wheelchair_boarding":0,"stop_city":"East Los Angeles","routes":[{"route_id":"13055","agency_id":"1466","route_long_name":"Union Pacific/Salazar Park","route_type":3,"route_url":"https://dpw.lacounty.gov/transit/ELASW_upsp.aspx","route_color":"#338cf7","route_text_color":"#ffffff","route_sort_order":6,"continuous_pickup":1,"continuous_drop_off":1}],"agency_name":"LA Go Bus"},"geometry":{"type":"Point","coordinates":[-118.18403,34.023836]}},{"type":"Feature","properties":{"stop_id":"2525860","stop_name":"Hubbard St & Eastman Ave","location_type":0,"stop_timezone":"America/Los_Angeles","wheelchair_boarding":0,"stop_city":"East Los Angeles","routes":[{"route_id":"13055","agency_id":"1466","route_long_name":"Union Pacific/Salazar Park","route_type":3,"route_url":"https://dpw.lacounty.gov/transit/ELASW_upsp.aspx","route_color":"#338cf7","route_text_color":"#ffffff","route_sort_order":6,"continuous_pickup":1,"continuous_drop_off":1}],"agency_name":"LA Go Bus"},"geometry":{"type":"Point","coordinates":[-118.186113,34.026376]}},{"type":"Feature","properties":{"stop_id":"2525861","stop_name":"Hubbard St & Ditman Ave","location_type":0,"stop_timezone":"America/Los_Angeles","wheelchair_boarding":0,"stop_city":"East Los Angeles","routes":[{"route_id":"13055","agency_id":"1466","route_long_name":"Union Pacific/Salazar Park","route_type":3,"route_url":"https://dpw.lacounty.gov/transit/ELASW_upsp.aspx","route_color":"#338cf7","route_text_color":"#ffffff","route_sort_order":6,"continuous_pickup":1,"continuous_drop_off":1}],"agency_name":"LA Go Bus"},"geometry":{"type":"Point","coordinates":[-118.189077,34.026369]}},{"type":"Feature","properties":{"stop_id":"2525862","stop_name":"Indiana St & Hubbard St","location_type":0,"stop_timezone":"America/Los_Angeles","wheelchair_boarding":0,"stop_city":"East Los Angeles","routes":[{"route_id":"13055","agency_id":"1466","route_long_name":"Union Pacific/Salazar Park","route_type":3,"route_url":"https://dpw.lacounty.gov/transit/ELASW_upsp.aspx","route_color":"#338cf7","route_text_color":"#ffffff","route_sort_order":6,"continuous_pickup":1,"continuous_drop_off":1}],"agency_name":"LA Go Bus"},"geometry":{"type":"Point","coordinates":[-118.192239,34.026493]}},{"type":"Feature","properties":{"stop_id":"2525863","stop_name":"Indiana St & 6th St","location_type":0,"stop_timezone":"America/Los_Angeles","wheelchair_boarding":0,"stop_city":"Los Angeles","routes":[{"route_id":"13055","agency_id":"1466","route_long_name":"Union Pacific/Salazar Park","route_type":3,"route_url":"https://dpw.lacounty.gov/transit/ELASW_upsp.aspx","route_color":"#338cf7","route_text_color":"#ffffff","route_sort_order":6,"continuous_pickup":1,"continuous_drop_off":1}],"agency_name":"LA Go Bus"},"geometry":{"type":"Point","coordinates":[-118.192249,34.027873]}},{"type":"Feature","properties":{"stop_id":"2525864","stop_name":"Indiana St & 3rd St","location_type":0,"stop_timezone":"America/Los_Angeles","wheelchair_boarding":0,"stop_city":"Los Angeles","routes":[{"route_id":"13055","agency_id":"1466","route_long_name":"Union Pacific/Salazar Park","route_type":3,"route_url":"https://dpw.lacounty.gov/transit/ELASW_upsp.aspx","route_color":"#338cf7","route_text_color":"#ffffff","route_sort_order":6,"continuous_pickup":1,"continuous_drop_off":1}],"agency_name":"LA Go Bus"},"geometry":{"type":"Point","coordinates":[-118.192259,34.033063]}},{"type":"Feature","properties":{"stop_id":"2525865","stop_name":"Indiana St & 5th St","location_type":0,"stop_timezone":"America/Los_Angeles","wheelchair_boarding":0,"stop_city":"Los Angeles","routes":[{"route_id":"13055","agency_id":"1466","route_long_name":"Union Pacific/Salazar Park","route_type":3,"route_url":"https://dpw.lacounty.gov/transit/ELASW_upsp.aspx","route_color":"#338cf7","route_text_color":"#ffffff","route_sort_order":6,"continuous_pickup":1,"continuous_drop_off":1}],"agency_name":"LA Go Bus"},"geometry":{"type":"Point","coordinates":[-118.192277,34.030154]}},{"type":"Feature","properties":{"stop_id":"2525866","stop_name":"Indiana St & Gleason Ave","location_type":0,"stop_timezone":"America/Los_Angeles","wheelchair_boarding":0,"stop_city":"Los Angeles","routes":[{"route_id":"13055","agency_id":"1466","route_long_name":"Union Pacific/Salazar Park","route_type":3,"route_url":"https://dpw.lacounty.gov/transit/ELASW_upsp.aspx","route_color":"#338cf7","route_text_color":"#ffffff","route_sort_order":6,"continuous_pickup":1,"continuous_drop_off":1}],"agency_name":"LA Go Bus"},"geometry":{"type":"Point","coordinates":[-118.192312,34.034729]}},{"type":"Feature","properties":{"stop_id":"2525867","stop_name":"1st St & Ditman Ave","location_type":0,"stop_timezone":"America/Los_Angeles","wheelchair_boarding":0,"stop_city":"East Los Angeles","routes":[{"route_id":"13055","agency_id":"1466","route_long_name":"Union Pacific/Salazar Park","route_type":3,"route_url":"https://dpw.lacounty.gov/transit/ELASW_upsp.aspx","route_color":"#338cf7","route_text_color":"#ffffff","route_sort_order":6,"continuous_pickup":1,"continuous_drop_off":1}],"agency_name":"LA Go Bus"},"geometry":{"type":"Point","coordinates":[-118.189324,34.035924]}},{"type":"Feature","properties":{"stop_id":"2525868","stop_name":"1st St & Rowan Ave","location_type":0,"stop_timezone":"America/Los_Angeles","wheelchair_boarding":0,"stop_city":"East Los Angeles","routes":[{"route_id":"13055","agency_id":"1466","route_long_name":"Union Pacific/Salazar Park","route_type":3,"route_url":"https://dpw.lacounty.gov/transit/ELASW_upsp.aspx","route_color":"#338cf7","route_text_color":"#ffffff","route_sort_order":6,"continuous_pickup":1,"continuous_drop_off":1}],"agency_name":"LA Go Bus"},"geometry":{"type":"Point","coordinates":[-118.186632,34.035931]}},{"type":"Feature","properties":{"stop_id":"2525869","stop_name":"1st St & Gage Ave","location_type":0,"stop_timezone":"America/Los_Angeles","wheelchair_boarding":0,"stop_city":"East Los Angeles","routes":[{"route_id":"13055","agency_id":"1466","route_long_name":"Union Pacific/Salazar Park","route_type":3,"route_url":"https://dpw.lacounty.gov/transit/ELASW_upsp.aspx","route_color":"#338cf7","route_text_color":"#ffffff","route_sort_order":6,"continuous_pickup":1,"continuous_drop_off":1}],"agency_name":"LA Go Bus"},"geometry":{"type":"Point","coordinates":[-118.184767,34.035947]}},{"type":"Feature","properties":{"stop_id":"2525870","stop_name":"1st St & Herbert Ave","location_type":0,"stop_timezone":"America/Los_Angeles","wheelchair_boarding":0,"stop_city":"East Los Angeles","routes":[{"route_id":"13055","agency_id":"1466","route_long_name":"Union Pacific/Salazar Park","route_type":3,"route_url":"https://dpw.lacounty.gov/transit/ELASW_upsp.aspx","route_color":"#338cf7","route_text_color":"#ffffff","route_sort_order":6,"continuous_pickup":1,"continuous_drop_off":1}],"agency_name":"LA Go Bus"},"geometry":{"type":"Point","coordinates":[-118.183135,34.035949]}},{"type":"Feature","properties":{"stop_id":"2525871","stop_name":"1st St & Sunol Dr","location_type":0,"stop_timezone":"America/Los_Angeles","wheelchair_boarding":0,"stop_city":"East Los Angeles","routes":[{"route_id":"13055","agency_id":"1466","route_long_name":"Union Pacific/Salazar Park","route_type":3,"route_url":"https://dpw.lacounty.gov/transit/ELASW_upsp.aspx","route_color":"#338cf7","route_text_color":"#ffffff","route_sort_order":6,"continuous_pickup":1,"continuous_drop_off":1}],"agency_name":"LA Go Bus"},"geometry":{"type":"Point","coordinates":[-118.178807,34.0362]}},{"type":"Feature","properties":{"stop_id":"2525872","stop_name":"1st St & Marianna Ave","location_type":0,"stop_timezone":"America/Los_Angeles","wheelchair_boarding":0,"stop_city":"East Los Angeles","routes":[{"route_id":"13055","agency_id":"1466","route_long_name":"Union Pacific/Salazar Park","route_type":3,"route_url":"https://dpw.lacounty.gov/transit/ELASW_upsp.aspx","route_color":"#338cf7","route_text_color":"#ffffff","route_sort_order":6,"continuous_pickup":1,"continuous_drop_off":1}],"agency_name":"LA Go Bus"},"geometry":{"type":"Point","coordinates":[-118.175427,34.036853]}},{"type":"Feature","properties":{"stop_id":"2525873","stop_name":"1st St & Eastern Ave","location_type":0,"stop_timezone":"America/Los_Angeles","wheelchair_boarding":0,"stop_city":"East Los Angeles","routes":[{"route_id":"13055","agency_id":"1466","route_long_name":"Union Pacific/Salazar Park","route_type":3,"route_url":"https://dpw.lacounty.gov/transit/ELASW_upsp.aspx","route_color":"#338cf7","route_text_color":"#ffffff","route_sort_order":6,"continuous_pickup":1,"continuous_drop_off":1}],"agency_name":"LA Go Bus"},"geometry":{"type":"Point","coordinates":[-118.173771,34.036866]}},{"type":"Feature","properties":{"stop_id":"2525874","stop_name":"Eastern Ave & Gleason Ave","location_type":0,"stop_timezone":"America/Los_Angeles","wheelchair_boarding":0,"stop_city":"East Los Angeles","routes":[{"route_id":"13055","agency_id":"1466","route_long_name":"Union Pacific/Salazar Park","route_type":3,"route_url":"https://dpw.lacounty.gov/transit/ELASW_upsp.aspx","route_color":"#338cf7","route_text_color":"#ffffff","route_sort_order":6,"continuous_pickup":1,"continuous_drop_off":1}],"agency_name":"LA Go Bus"},"geometry":{"type":"Point","coordinates":[-118.173674,34.035669]}},{"type":"Feature","properties":{"stop_id":"2525875","stop_name":"3rd St & Eastern Ave","location_type":0,"stop_timezone":"America/Los_Angeles","wheelchair_boarding":0,"stop_city":"East Los Angeles","routes":[{"route_id":"13055","agency_id":"1466","route_long_name":"Union Pacific/Salazar Park","route_type":3,"route_url":"https://dpw.lacounty.gov/transit/ELASW_upsp.aspx","route_color":"#338cf7","route_text_color":"#ffffff","route_sort_order":6,"continuous_pickup":1,"continuous_drop_off":1}],"agency_name":"LA Go Bus"},"geometry":{"type":"Point","coordinates":[-118.173343,34.033209]}},{"type":"Feature","properties":{"stop_id":"2525876","stop_name":"3rd St & Humphreys Ave","location_type":0,"stop_timezone":"America/Los_Angeles","wheelchair_boarding":0,"stop_city":"East Los Angeles","routes":[{"route_id":"13055","agency_id":"1466","route_long_name":"Union Pacific/Salazar Park","route_type":3,"route_url":"https://dpw.lacounty.gov/transit/ELASW_upsp.aspx","route_color":"#338cf7","route_text_color":"#ffffff","route_sort_order":6,"continuous_pickup":1,"continuous_drop_off":1}],"agency_name":"LA Go Bus"},"geometry":{"type":"Point","coordinates":[-118.171673,34.033168]}},{"type":"Feature","properties":{"stop_id":"2525877","stop_name":"3rd St & Ford Blvd","location_type":0,"stop_timezone":"America/Los_Angeles","wheelchair_boarding":0,"stop_city":"East Los Angeles","routes":[{"route_id":"13055","agency_id":"1466","route_long_name":"Union Pacific/Salazar Park","route_type":3,"route_url":"https://dpw.lacounty.gov/transit/ELASW_upsp.aspx","route_color":"#338cf7","route_text_color":"#ffffff","route_sort_order":6,"continuous_pickup":1,"continuous_drop_off":1}],"agency_name":"LA Go Bus"},"geometry":{"type":"Point","coordinates":[-118.169421,34.033177]}},{"type":"Feature","properties":{"stop_id":"2525878","stop_name":"3rd St &McDonnell Ave","location_type":0,"stop_timezone":"America/Los_Angeles","wheelchair_boarding":0,"stop_city":"East Los Angeles","routes":[{"route_id":"13055","agency_id":"1466","route_long_name":"Union Pacific/Salazar Park","route_type":3,"route_url":"https://dpw.lacounty.gov/transit/ELASW_upsp.aspx","route_color":"#338cf7","route_text_color":"#ffffff","route_sort_order":6,"continuous_pickup":1,"continuous_drop_off":1},{"route_id":"13057","agency_id":"1466","route_long_name":"Whittier Boulevard/Saybrook Park","route_type":3,"route_url":"https://dpw.lacounty.gov/transit/ELASW_wbsp.aspx","route_color":"#b350f8","route_text_color":"#ffffff","route_sort_order":8,"continuous_pickup":1,"continuous_drop_off":1}],"agency_name":"LA Go Bus"},"geometry":{"type":"Point","coordinates":[-118.166539,34.0332]}},{"type":"Feature","properties":{"stop_id":"2525880","stop_name":"3rd St & Arizona Ave","location_type":0,"stop_timezone":"America/Los_Angeles","wheelchair_boarding":0,"stop_city":"East Los Angeles","routes":[{"route_id":"13055","agency_id":"1466","route_long_name":"Union Pacific/Salazar Park","route_type":3,"route_url":"https://dpw.lacounty.gov/transit/ELASW_upsp.aspx","route_color":"#338cf7","route_text_color":"#ffffff","route_sort_order":6,"continuous_pickup":1,"continuous_drop_off":1},{"route_id":"13057","agency_id":"1466","route_long_name":"Whittier Boulevard/Saybrook Park","route_type":3,"route_url":"https://dpw.lacounty.gov/transit/ELASW_wbsp.aspx","route_color":"#b350f8","route_text_color":"#ffffff","route_sort_order":8,"continuous_pickup":1,"continuous_drop_off":1}],"agency_name":"LA Go Bus"},"geometry":{"type":"Point","coordinates":[-118.164065,34.033458]}},{"type":"Feature","properties":{"stop_id":"2525881","stop_name":"3rd St & McDonnell Ave","location_type":0,"stop_timezone":"America/Los_Angeles","wheelchair_boarding":0,"stop_city":"East Los Angeles","routes":[{"route_id":"13055","agency_id":"1466","route_long_name":"Union Pacific/Salazar Park","route_type":3,"route_url":"https://dpw.lacounty.gov/transit/ELASW_upsp.aspx","route_color":"#338cf7","route_text_color":"#ffffff","route_sort_order":6,"continuous_pickup":1,"continuous_drop_off":1},{"route_id":"13057","agency_id":"1466","route_long_name":"Whittier Boulevard/Saybrook Park","route_type":3,"route_url":"https://dpw.lacounty.gov/transit/ELASW_wbsp.aspx","route_color":"#b350f8","route_text_color":"#ffffff","route_sort_order":8,"continuous_pickup":1,"continuous_drop_off":1}],"agency_name":"LA Go Bus"},"geometry":{"type":"Point","coordinates":[-118.167319,34.033434]}},{"type":"Feature","properties":{"stop_id":"2525882","stop_name":"3rd St & Ford Blvd","location_type":0,"stop_timezone":"America/Los_Angeles","wheelchair_boarding":0,"stop_city":"East Los Angeles","routes":[{"route_id":"13055","agency_id":"1466","route_long_name":"Union Pacific/Salazar Park","route_type":3,"route_url":"https://dpw.lacounty.gov/transit/ELASW_upsp.aspx","route_color":"#338cf7","route_text_color":"#ffffff","route_sort_order":6,"continuous_pickup":1,"continuous_drop_off":1}],"agency_name":"LA Go Bus"},"geometry":{"type":"Point","coordinates":[-118.169586,34.033408]}},{"type":"Feature","properties":{"stop_id":"2525883","stop_name":"Eastern Ave & 3rd St","location_type":0,"stop_timezone":"America/Los_Angeles","wheelchair_boarding":0,"stop_city":"East Los Angeles","routes":[{"route_id":"13055","agency_id":"1466","route_long_name":"Union Pacific/Salazar Park","route_type":3,"route_url":"https://dpw.lacounty.gov/transit/ELASW_upsp.aspx","route_color":"#338cf7","route_text_color":"#ffffff","route_sort_order":6,"continuous_pickup":1,"continuous_drop_off":1}],"agency_name":"LA Go Bus"},"geometry":{"type":"Point","coordinates":[-118.173599,34.033701]}},{"type":"Feature","properties":{"stop_id":"2525884","stop_name":"Eastern Ave & Gleason St","location_type":0,"stop_timezone":"America/Los_Angeles","wheelchair_boarding":0,"stop_city":"East Los Angeles","routes":[{"route_id":"13055","agency_id":"1466","route_long_name":"Union Pacific/Salazar Park","route_type":3,"route_url":"https://dpw.lacounty.gov/transit/ELASW_upsp.aspx","route_color":"#338cf7","route_text_color":"#ffffff","route_sort_order":6,"continuous_pickup":1,"continuous_drop_off":1}],"agency_name":"LA Go Bus"},"geometry":{"type":"Point","coordinates":[-118.173454,34.035755]}},{"type":"Feature","properties":{"stop_id":"2525885","stop_name":"1st St & Eastern Ave","location_type":0,"stop_timezone":"America/Los_Angeles","wheelchair_boarding":0,"stop_city":"East Los Angeles","routes":[{"route_id":"13055","agency_id":"1466","route_long_name":"Union Pacific/Salazar Park","route_type":3,"route_url":"https://dpw.lacounty.gov/transit/ELASW_upsp.aspx","route_color":"#338cf7","route_text_color":"#ffffff","route_sort_order":6,"continuous_pickup":1,"continuous_drop_off":1}],"agency_name":"LA Go Bus"},"geometry":{"type":"Point","coordinates":[-118.17383,34.037051]}},{"type":"Feature","properties":{"stop_id":"2525886","stop_name":"1st St & Marianna Ave","location_type":0,"stop_timezone":"America/Los_Angeles","wheelchair_boarding":0,"stop_city":"East Los Angeles","routes":[{"route_id":"13055","agency_id":"1466","route_long_name":"Union Pacific/Salazar Park","route_type":3,"route_url":"https://dpw.lacounty.gov/transit/ELASW_upsp.aspx","route_color":"#338cf7","route_text_color":"#ffffff","route_sort_order":6,"continuous_pickup":1,"continuous_drop_off":1}],"agency_name":"LA Go Bus"},"geometry":{"type":"Point","coordinates":[-118.176064,34.037043]}},{"type":"Feature","properties":{"stop_id":"2525887","stop_name":"1st St & Sunol Dr","location_type":0,"stop_timezone":"America/Los_Angeles","wheelchair_boarding":0,"stop_city":"East Los Angeles","routes":[{"route_id":"13055","agency_id":"1466","route_long_name":"Union Pacific/Salazar Park","route_type":3,"route_url":"https://dpw.lacounty.gov/transit/ELASW_upsp.aspx","route_color":"#338cf7","route_text_color":"#ffffff","route_sort_order":6,"continuous_pickup":1,"continuous_drop_off":1}],"agency_name":"LA Go Bus"},"geometry":{"type":"Point","coordinates":[-118.178292,34.036558]}},{"type":"Feature","properties":{"stop_id":"2525888","stop_name":"1st St & Herbert Ave","location_type":0,"stop_timezone":"America/Los_Angeles","wheelchair_boarding":0,"stop_city":"East Los Angeles","routes":[{"route_id":"13055","agency_id":"1466","route_long_name":"Union Pacific/Salazar Park","route_type":3,"route_url":"https://dpw.lacounty.gov/transit/ELASW_upsp.aspx","route_color":"#338cf7","route_text_color":"#ffffff","route_sort_order":6,"continuous_pickup":1,"continuous_drop_off":1}],"agency_name":"LA Go Bus"},"geometry":{"type":"Point","coordinates":[-118.183779,34.036127]}},{"type":"Feature","properties":{"stop_id":"2525889","stop_name":"1st St & Gage Ave","location_type":0,"stop_timezone":"America/Los_Angeles","wheelchair_boarding":0,"stop_city":"East Los Angeles","routes":[{"route_id":"13055","agency_id":"1466","route_long_name":"Union Pacific/Salazar Park","route_type":3,"route_url":"https://dpw.lacounty.gov/transit/ELASW_upsp.aspx","route_color":"#338cf7","route_text_color":"#ffffff","route_sort_order":6,"continuous_pickup":1,"continuous_drop_off":1}],"agency_name":"LA Go Bus"},"geometry":{"type":"Point","coordinates":[-118.184851,34.036135]}},{"type":"Feature","properties":{"stop_id":"2525890","stop_name":"1st St & Rowan Ave","location_type":0,"stop_timezone":"America/Los_Angeles","wheelchair_boarding":0,"stop_city":"East Los Angeles","routes":[{"route_id":"13055","agency_id":"1466","route_long_name":"Union Pacific/Salazar Park","route_type":3,"route_url":"https://dpw.lacounty.gov/transit/ELASW_upsp.aspx","route_color":"#338cf7","route_text_color":"#ffffff","route_sort_order":6,"continuous_pickup":1,"continuous_drop_off":1}],"agency_name":"LA Go Bus"},"geometry":{"type":"Point","coordinates":[-118.187324,34.036098]}},{"type":"Feature","properties":{"stop_id":"2525891","stop_name":"Indiana St & Gleason Ave","location_type":0,"stop_timezone":"America/Los_Angeles","wheelchair_boarding":0,"stop_city":"Los Angeles","routes":[{"route_id":"13055","agency_id":"1466","route_long_name":"Union Pacific/Salazar Park","route_type":3,"route_url":"https://dpw.lacounty.gov/transit/ELASW_upsp.aspx","route_color":"#338cf7","route_text_color":"#ffffff","route_sort_order":6,"continuous_pickup":1,"continuous_drop_off":1}],"agency_name":"LA Go Bus"},"geometry":{"type":"Point","coordinates":[-118.192477,34.035033]}},{"type":"Feature","properties":{"stop_id":"2525892","stop_name":"1st St & Ditman Ave","location_type":0,"stop_timezone":"America/Los_Angeles","wheelchair_boarding":0,"stop_city":"East Los Angeles","routes":[{"route_id":"13055","agency_id":"1466","route_long_name":"Union Pacific/Salazar Park","route_type":3,"route_url":"https://dpw.lacounty.gov/transit/ELASW_upsp.aspx","route_color":"#338cf7","route_text_color":"#ffffff","route_sort_order":6,"continuous_pickup":1,"continuous_drop_off":1}],"agency_name":"LA Go Bus"},"geometry":{"type":"Point","coordinates":[-118.189465,34.036095]}},{"type":"Feature","properties":{"stop_id":"2525893","stop_name":"Indiana St & 3rd St","location_type":0,"stop_timezone":"America/Los_Angeles","wheelchair_boarding":0,"stop_city":"Los Angeles","routes":[{"route_id":"13055","agency_id":"1466","route_long_name":"Union Pacific/Salazar Park","route_type":3,"route_url":"https://dpw.lacounty.gov/transit/ELASW_upsp.aspx","route_color":"#338cf7","route_text_color":"#ffffff","route_sort_order":6,"continuous_pickup":1,"continuous_drop_off":1}],"agency_name":"LA Go Bus"},"geometry":{"type":"Point","coordinates":[-118.192455,34.032892]}},{"type":"Feature","properties":{"stop_id":"2525894","stop_name":"Indiana St & 5th St","location_type":0,"stop_timezone":"America/Los_Angeles","wheelchair_boarding":0,"stop_city":"Los Angeles","routes":[{"route_id":"13055","agency_id":"1466","route_long_name":"Union Pacific/Salazar Park","route_type":3,"route_url":"https://dpw.lacounty.gov/transit/ELASW_upsp.aspx","route_color":"#338cf7","route_text_color":"#ffffff","route_sort_order":6,"continuous_pickup":1,"continuous_drop_off":1}],"agency_name":"LA Go Bus"},"geometry":{"type":"Point","coordinates":[-118.192429,34.030181]}},{"type":"Feature","properties":{"stop_id":"2525895","stop_name":"Indiana St & 6th St","location_type":0,"stop_timezone":"America/Los_Angeles","wheelchair_boarding":0,"stop_city":"Los Angeles","routes":[{"route_id":"13055","agency_id":"1466","route_long_name":"Union Pacific/Salazar Park","route_type":3,"route_url":"https://dpw.lacounty.gov/transit/ELASW_upsp.aspx","route_color":"#338cf7","route_text_color":"#ffffff","route_sort_order":6,"continuous_pickup":1,"continuous_drop_off":1}],"agency_name":"LA Go Bus"},"geometry":{"type":"Point","coordinates":[-118.192411,34.028143]}},{"type":"Feature","properties":{"stop_id":"2525896","stop_name":"Hubbard St & Indiana St","location_type":0,"stop_timezone":"America/Los_Angeles","wheelchair_boarding":0,"stop_city":"East Los Angeles","routes":[{"route_id":"13055","agency_id":"1466","route_long_name":"Union Pacific/Salazar Park","route_type":3,"route_url":"https://dpw.lacounty.gov/transit/ELASW_upsp.aspx","route_color":"#338cf7","route_text_color":"#ffffff","route_sort_order":6,"continuous_pickup":1,"continuous_drop_off":1}],"agency_name":"LA Go Bus"},"geometry":{"type":"Point","coordinates":[-118.192087,34.026236]}},{"type":"Feature","properties":{"stop_id":"2525897","stop_name":"Hubbard St &Ditman Ave","location_type":0,"stop_timezone":"America/Los_Angeles","wheelchair_boarding":0,"stop_city":"East Los Angeles","routes":[{"route_id":"13055","agency_id":"1466","route_long_name":"Union Pacific/Salazar Park","route_type":3,"route_url":"https://dpw.lacounty.gov/transit/ELASW_upsp.aspx","route_color":"#338cf7","route_text_color":"#ffffff","route_sort_order":6,"continuous_pickup":1,"continuous_drop_off":1}],"agency_name":"LA Go Bus"},"geometry":{"type":"Point","coordinates":[-118.189492,34.026245]}},{"type":"Feature","properties":{"stop_id":"2525898","stop_name":"Hubbard St &Eastman Ave","location_type":0,"stop_timezone":"America/Los_Angeles","wheelchair_boarding":0,"stop_city":"East Los Angeles","routes":[{"route_id":"13055","agency_id":"1466","route_long_name":"Union Pacific/Salazar Park","route_type":3,"route_url":"https://dpw.lacounty.gov/transit/ELASW_upsp.aspx","route_color":"#338cf7","route_text_color":"#ffffff","route_sort_order":6,"continuous_pickup":1,"continuous_drop_off":1}],"agency_name":"LA Go Bus"},"geometry":{"type":"Point","coordinates":[-118.186425,34.026249]}},{"type":"Feature","properties":{"stop_id":"2525899","stop_name":"Hubbard St & Herbert Ave","location_type":0,"stop_timezone":"America/Los_Angeles","wheelchair_boarding":0,"stop_city":"East Los Angeles","routes":[{"route_id":"13055","agency_id":"1466","route_long_name":"Union Pacific/Salazar Park","route_type":3,"route_url":"https://dpw.lacounty.gov/transit/ELASW_upsp.aspx","route_color":"#338cf7","route_text_color":"#ffffff","route_sort_order":6,"continuous_pickup":1,"continuous_drop_off":1}],"agency_name":"LA Go Bus"},"geometry":{"type":"Point","coordinates":[-118.183924,34.026257]}},{"type":"Feature","properties":{"stop_id":"2525900","stop_name":"Herbert Ave & Whittier Blvd","location_type":0,"stop_timezone":"America/Los_Angeles","wheelchair_boarding":0,"stop_city":"East Los Angeles","routes":[{"route_id":"13055","agency_id":"1466","route_long_name":"Union Pacific/Salazar Park","route_type":3,"route_url":"https://dpw.lacounty.gov/transit/ELASW_upsp.aspx","route_color":"#338cf7","route_text_color":"#ffffff","route_sort_order":6,"continuous_pickup":1,"continuous_drop_off":1}],"agency_name":"LA Go Bus"},"geometry":{"type":"Point","coordinates":[-118.183829,34.02418]}},{"type":"Feature","properties":{"stop_id":"2525901","stop_name":"Whittier Blvd & Eastman Ave","location_type":0,"stop_timezone":"America/Los_Angeles","wheelchair_boarding":0,"stop_city":"East Los Angeles","routes":[{"route_id":"13055","agency_id":"1466","route_long_name":"Union Pacific/Salazar Park","route_type":3,"route_url":"https://dpw.lacounty.gov/transit/ELASW_upsp.aspx","route_color":"#338cf7","route_text_color":"#ffffff","route_sort_order":6,"continuous_pickup":1,"continuous_drop_off":1}],"agency_name":"LA Go Bus"},"geometry":{"type":"Point","coordinates":[-118.186052,34.024022]}},{"type":"Feature","properties":{"stop_id":"2525902","stop_name":"Whittier Blvd & Ditman Ave","location_type":0,"stop_timezone":"America/Los_Angeles","wheelchair_boarding":0,"stop_city":"East Los Angeles","routes":[{"route_id":"13055","agency_id":"1466","route_long_name":"Union Pacific/Salazar Park","route_type":3,"route_url":"https://dpw.lacounty.gov/transit/ELASW_upsp.aspx","route_color":"#338cf7","route_text_color":"#ffffff","route_sort_order":6,"continuous_pickup":1,"continuous_drop_off":1}],"agency_name":"LA Go Bus"},"geometry":{"type":"Point","coordinates":[-118.189116,34.024012]}},{"type":"Feature","properties":{"stop_id":"2525903","stop_name":"Indiana St & Lee St","location_type":0,"stop_timezone":"America/Los_Angeles","wheelchair_boarding":0,"stop_city":"Los Angeles","routes":[{"route_id":"13055","agency_id":"1466","route_long_name":"Union Pacific/Salazar Park","route_type":3,"route_url":"https://dpw.lacounty.gov/transit/ELASW_upsp.aspx","route_color":"#338cf7","route_text_color":"#ffffff","route_sort_order":6,"continuous_pickup":1,"continuous_drop_off":1}],"agency_name":"LA Go Bus"},"geometry":{"type":"Point","coordinates":[-118.192367,34.02205]}},{"type":"Feature","properties":{"stop_id":"2525904","stop_name":"Olympic Ave & Indiana St","location_type":0,"stop_timezone":"America/Los_Angeles","wheelchair_boarding":0,"stop_city":"Los Angeles","routes":[{"route_id":"13055","agency_id":"1466","route_long_name":"Union Pacific/Salazar Park","route_type":3,"route_url":"https://dpw.lacounty.gov/transit/ELASW_upsp.aspx","route_color":"#338cf7","route_text_color":"#ffffff","route_sort_order":6,"continuous_pickup":1,"continuous_drop_off":1}],"agency_name":"LA Go Bus"},"geometry":{"type":"Point","coordinates":[-118.191913,34.018764]}},{"type":"Feature","properties":{"stop_id":"2525905","stop_name":"Olympic Ave & Ditman Ave","location_type":0,"stop_timezone":"America/Los_Angeles","wheelchair_boarding":0,"stop_city":"East Los Angeles","routes":[{"route_id":"13055","agency_id":"1466","route_long_name":"Union Pacific/Salazar Park","route_type":3,"route_url":"https://dpw.lacounty.gov/transit/ELASW_upsp.aspx","route_color":"#338cf7","route_text_color":"#ffffff","route_sort_order":6,"continuous_pickup":1,"continuous_drop_off":1}],"agency_name":"LA Go Bus"},"geometry":{"type":"Point","coordinates":[-118.188851,34.018782]}},{"type":"Feature","properties":{"stop_id":"2525906","stop_name":"Olympic Ave & Rowan Ave","location_type":0,"stop_timezone":"America/Los_Angeles","wheelchair_boarding":0,"stop_city":"East Los Angeles","routes":[{"route_id":"13055","agency_id":"1466","route_long_name":"Union Pacific/Salazar Park","route_type":3,"route_url":"https://dpw.lacounty.gov/transit/ELASW_upsp.aspx","route_color":"#338cf7","route_text_color":"#ffffff","route_sort_order":6,"continuous_pickup":1,"continuous_drop_off":1}],"agency_name":"LA Go Bus"},"geometry":{"type":"Point","coordinates":[-118.187042,34.01879]}},{"type":"Feature","properties":{"stop_id":"2525907","stop_name":"Olympic Ave & Gage Ave","location_type":0,"stop_timezone":"America/Los_Angeles","wheelchair_boarding":0,"stop_city":"East Los Angeles","routes":[{"route_id":"13055","agency_id":"1466","route_long_name":"Union Pacific/Salazar Park","route_type":3,"route_url":"https://dpw.lacounty.gov/transit/ELASW_upsp.aspx","route_color":"#338cf7","route_text_color":"#ffffff","route_sort_order":6,"continuous_pickup":1,"continuous_drop_off":1}],"agency_name":"LA Go Bus"},"geometry":{"type":"Point","coordinates":[-118.185082,34.018788]}},{"type":"Feature","properties":{"stop_id":"2525908","stop_name":"Herbert Ave & Union Pacific Ave","location_type":0,"stop_timezone":"America/Los_Angeles","wheelchair_boarding":0,"stop_city":"East Los Angeles","routes":[{"route_id":"13055","agency_id":"1466","route_long_name":"Union Pacific/Salazar Park","route_type":3,"route_url":"https://dpw.lacounty.gov/transit/ELASW_upsp.aspx","route_color":"#338cf7","route_text_color":"#ffffff","route_sort_order":6,"continuous_pickup":1,"continuous_drop_off":1}],"agency_name":"LA Go Bus"},"geometry":{"type":"Point","coordinates":[-118.183783,34.016736]}},{"type":"Feature","properties":{"stop_id":"2525909","stop_name":"Union Pacific Ave & Record Ave","location_type":0,"stop_timezone":"America/Los_Angeles","wheelchair_boarding":0,"stop_city":"East Los Angeles","routes":[{"route_id":"13055","agency_id":"1466","route_long_name":"Union Pacific/Salazar Park","route_type":3,"route_url":"https://dpw.lacounty.gov/transit/ELASW_upsp.aspx","route_color":"#338cf7","route_text_color":"#ffffff","route_sort_order":6,"continuous_pickup":1,"continuous_drop_off":1}],"agency_name":"LA Go Bus"},"geometry":{"type":"Point","coordinates":[-118.182687,34.016508]}},{"type":"Feature","properties":{"stop_id":"2525910","stop_name":"South Bonnie Beach Pl & Parque De Loa Suenos","location_type":0,"stop_timezone":"America/Los_Angeles","wheelchair_boarding":0,"stop_city":"Commerce","routes":[{"route_id":"13055","agency_id":"1466","route_long_name":"Union Pacific/Salazar Park","route_type":3,"route_url":"https://dpw.lacounty.gov/transit/ELASW_upsp.aspx","route_color":"#338cf7","route_text_color":"#ffffff","route_sort_order":6,"continuous_pickup":1,"continuous_drop_off":1}],"agency_name":"LA Go Bus"},"geometry":{"type":"Point","coordinates":[-118.181366,34.015705]}},{"type":"Feature","properties":{"stop_id":"2525911","stop_name":"Eastern Ave & Union Pacific Ave","location_type":0,"stop_timezone":"America/Los_Angeles","wheelchair_boarding":0,"stop_city":"Commerce","routes":[{"route_id":"13055","agency_id":"1466","route_long_name":"Union Pacific/Salazar Park","route_type":3,"route_url":"https://dpw.lacounty.gov/transit/ELASW_upsp.aspx","route_color":"#338cf7","route_text_color":"#ffffff","route_sort_order":6,"continuous_pickup":1,"continuous_drop_off":1}],"agency_name":"LA Go Bus"},"geometry":{"type":"Point","coordinates":[-118.174708,34.016477]}},{"type":"Feature","properties":{"stop_id":"2525912","stop_name":"Triggs St & Marianna Ave","location_type":0,"stop_timezone":"America/Los_Angeles","wheelchair_boarding":0,"stop_city":"Commerce","routes":[{"route_id":"13055","agency_id":"1466","route_long_name":"Union Pacific/Salazar Park","route_type":3,"route_url":"https://dpw.lacounty.gov/transit/ELASW_upsp.aspx","route_color":"#338cf7","route_text_color":"#ffffff","route_sort_order":6,"continuous_pickup":1,"continuous_drop_off":1}],"agency_name":"LA Go Bus"},"geometry":{"type":"Point","coordinates":[-118.176034,34.014568]}},{"type":"Feature","properties":{"stop_id":"2525913","stop_name":"Olympic Ave &Eastern Ave","location_type":0,"stop_timezone":"America/Los_Angeles","wheelchair_boarding":0,"stop_city":"East Los Angeles","routes":[{"route_id":"13055","agency_id":"1466","route_long_name":"Union Pacific/Salazar Park","route_type":3,"route_url":"https://dpw.lacounty.gov/transit/ELASW_upsp.aspx","route_color":"#338cf7","route_text_color":"#ffffff","route_sort_order":6,"continuous_pickup":1,"continuous_drop_off":1}],"agency_name":"LA Go Bus"},"geometry":{"type":"Point","coordinates":[-118.173506,34.018809]}},{"type":"Feature","properties":{"stop_id":"2525914","stop_name":"Ford Blvd & Mines St","location_type":0,"stop_timezone":"America/Los_Angeles","wheelchair_boarding":0,"stop_city":"East Los Angeles","routes":[{"route_id":"13055","agency_id":"1466","route_long_name":"Union Pacific/Salazar Park","route_type":3,"route_url":"https://dpw.lacounty.gov/transit/ELASW_upsp.aspx","route_color":"#338cf7","route_text_color":"#ffffff","route_sort_order":6,"continuous_pickup":1,"continuous_drop_off":1}],"agency_name":"LA Go Bus"},"geometry":{"type":"Point","coordinates":[-118.172132,34.019518]}},{"type":"Feature","properties":{"stop_id":"2525915","stop_name":"Ford Blvd & Verona St","location_type":0,"stop_timezone":"America/Los_Angeles","wheelchair_boarding":0,"stop_city":"East Los Angeles","routes":[{"route_id":"13055","agency_id":"1466","route_long_name":"Union Pacific/Salazar Park","route_type":3,"route_url":"https://dpw.lacounty.gov/transit/ELASW_upsp.aspx","route_color":"#338cf7","route_text_color":"#ffffff","route_sort_order":6,"continuous_pickup":1,"continuous_drop_off":1}],"agency_name":"LA Go Bus"},"geometry":{"type":"Point","coordinates":[-118.171569,34.021367]}},{"type":"Feature","properties":{"stop_id":"2525916","stop_name":"Whittier Blvd & Ford Blvd","location_type":0,"stop_timezone":"America/Los_Angeles","wheelchair_boarding":0,"stop_city":"East Los Angeles","routes":[{"route_id":"13055","agency_id":"1466","route_long_name":"Union Pacific/Salazar Park","route_type":3,"route_url":"https://dpw.lacounty.gov/transit/ELASW_upsp.aspx","route_color":"#338cf7","route_text_color":"#ffffff","route_sort_order":6,"continuous_pickup":1,"continuous_drop_off":1},{"route_id":"13057","agency_id":"1466","route_long_name":"Whittier Boulevard/Saybrook Park","route_type":3,"route_url":"https://dpw.lacounty.gov/transit/ELASW_wbsp.aspx","route_color":"#b350f8","route_text_color":"#ffffff","route_sort_order":8,"continuous_pickup":1,"continuous_drop_off":1}],"agency_name":"LA Go Bus"},"geometry":{"type":"Point","coordinates":[-118.170793,34.023177]}},{"type":"Feature","properties":{"stop_id":"2525917","stop_name":"Whittier Blvd & Arizona Ave","location_type":0,"stop_timezone":"America/Los_Angeles","wheelchair_boarding":0,"stop_city":"East Los Angeles","routes":[{"route_id":"13055","agency_id":"1466","route_long_name":"Union Pacific/Salazar Park","route_type":3,"route_url":"https://dpw.lacounty.gov/transit/ELASW_upsp.aspx","route_color":"#338cf7","route_text_color":"#ffffff","route_sort_order":6,"continuous_pickup":1,"continuous_drop_off":1},{"route_id":"13057","agency_id":"1466","route_long_name":"Whittier Boulevard/Saybrook Park","route_type":3,"route_url":"https://dpw.lacounty.gov/transit/ELASW_wbsp.aspx","route_color":"#b350f8","route_text_color":"#ffffff","route_sort_order":8,"continuous_pickup":1,"continuous_drop_off":1}],"agency_name":"LA Go Bus"},"geometry":{"type":"Point","coordinates":[-118.166594,34.022295]}},{"type":"Feature","properties":{"stop_id":"2525918","stop_name":"Whittier Blvd & McBride Ave","location_type":0,"stop_timezone":"America/Los_Angeles","wheelchair_boarding":0,"stop_city":"East Los Angeles","routes":[{"route_id":"13055","agency_id":"1466","route_long_name":"Union Pacific/Salazar Park","route_type":3,"route_url":"https://dpw.lacounty.gov/transit/ELASW_upsp.aspx","route_color":"#338cf7","route_text_color":"#ffffff","route_sort_order":6,"continuous_pickup":1,"continuous_drop_off":1},{"route_id":"13057","agency_id":"1466","route_long_name":"Whittier Boulevard/Saybrook Park","route_type":3,"route_url":"https://dpw.lacounty.gov/transit/ELASW_wbsp.aspx","route_color":"#b350f8","route_text_color":"#ffffff","route_sort_order":8,"continuous_pickup":1,"continuous_drop_off":1}],"agency_name":"LA Go Bus"},"geometry":{"type":"Point","coordinates":[-118.168777,34.022752]}},{"type":"Feature","properties":{"stop_id":"2525919","stop_name":"Whittier Blvd & Ferris Ave","location_type":0,"stop_timezone":"America/Los_Angeles","wheelchair_boarding":0,"stop_city":"East Los Angeles","routes":[{"route_id":"13055","agency_id":"1466","route_long_name":"Union Pacific/Salazar Park","route_type":3,"route_url":"https://dpw.lacounty.gov/transit/ELASW_upsp.aspx","route_color":"#338cf7","route_text_color":"#ffffff","route_sort_order":6,"continuous_pickup":1,"continuous_drop_off":1}],"agency_name":"LA Go Bus"},"geometry":{"type":"Point","coordinates":[-118.163186,34.021572]}},{"type":"Feature","properties":{"stop_id":"2525920","stop_name":"Clela Ave & Whittier Blvd","location_type":0,"stop_timezone":"America/Los_Angeles","wheelchair_boarding":0,"stop_city":"East Los Angeles","routes":[{"route_id":"13055","agency_id":"1466","route_long_name":"Union Pacific/Salazar Park","route_type":3,"route_url":"https://dpw.lacounty.gov/transit/ELASW_upsp.aspx","route_color":"#338cf7","route_text_color":"#ffffff","route_sort_order":6,"continuous_pickup":1,"continuous_drop_off":1}],"agency_name":"LA Go Bus"},"geometry":{"type":"Point","coordinates":[-118.160085,34.021235]}},{"type":"Feature","properties":{"stop_id":"2525921","stop_name":"6th St & Frasier Ave","location_type":0,"stop_timezone":"America/Los_Angeles","wheelchair_boarding":0,"stop_city":"East Los Angeles","routes":[{"route_id":"13055","agency_id":"1466","route_long_name":"Union Pacific/Salazar Park","route_type":3,"route_url":"https://dpw.lacounty.gov/transit/ELASW_upsp.aspx","route_color":"#338cf7","route_text_color":"#ffffff","route_sort_order":6,"continuous_pickup":1,"continuous_drop_off":1}],"agency_name":"LA Go Bus"},"geometry":{"type":"Point","coordinates":[-118.159538,34.025721]}},{"type":"Feature","properties":{"stop_id":"2525922","stop_name":"La Verne Ave & Eagle St","location_type":0,"stop_timezone":"America/Los_Angeles","wheelchair_boarding":0,"stop_city":"East Los Angeles","routes":[{"route_id":"13055","agency_id":"1466","route_long_name":"Union Pacific/Salazar Park","route_type":3,"route_url":"https://dpw.lacounty.gov/transit/ELASW_upsp.aspx","route_color":"#338cf7","route_text_color":"#ffffff","route_sort_order":6,"continuous_pickup":1,"continuous_drop_off":1}],"agency_name":"LA Go Bus"},"geometry":{"type":"Point","coordinates":[-118.160093,34.028078]}},{"type":"Feature","properties":{"stop_id":"2525923","stop_name":"Pomona Blvd & Atlantic Blvd","location_type":0,"stop_timezone":"America/Los_Angeles","wheelchair_boarding":0,"stop_city":"East Los Angeles","routes":[{"route_id":"13057","agency_id":"1466","route_long_name":"Whittier Boulevard/Saybrook Park","route_type":3,"route_url":"https://dpw.lacounty.gov/transit/ELASW_wbsp.aspx","route_color":"#b350f8","route_text_color":"#ffffff","route_sort_order":8,"continuous_pickup":1,"continuous_drop_off":1}],"agency_name":"LA Go Bus"},"geometry":{"type":"Point","coordinates":[-118.152277,34.033245]}},{"type":"Feature","properties":{"stop_id":"2525924","stop_name":"Hubbard St & Harding Ave","location_type":0,"stop_timezone":"America/Los_Angeles","wheelchair_boarding":0,"stop_city":"East Los Angeles","routes":[{"route_id":"13057","agency_id":"1466","route_long_name":"Whittier Boulevard/Saybrook Park","route_type":3,"route_url":"https://dpw.lacounty.gov/transit/ELASW_wbsp.aspx","route_color":"#b350f8","route_text_color":"#ffffff","route_sort_order":8,"continuous_pickup":1,"continuous_drop_off":1}],"agency_name":"LA Go Bus"},"geometry":{"type":"Point","coordinates":[-118.140281,34.019124]}},{"type":"Feature","properties":{"stop_id":"2525925","stop_name":"6th St & Hillview Ave","location_type":0,"stop_timezone":"America/Los_Angeles","wheelchair_boarding":0,"stop_city":"East Los Angeles","routes":[{"route_id":"13057","agency_id":"1466","route_long_name":"Whittier Boulevard/Saybrook Park","route_type":3,"route_url":"https://dpw.lacounty.gov/transit/ELASW_wbsp.aspx","route_color":"#b350f8","route_text_color":"#ffffff","route_sort_order":8,"continuous_pickup":1,"continuous_drop_off":1}],"agency_name":"LA Go Bus"},"geometry":{"type":"Point","coordinates":[-118.153703,34.024362]}},{"type":"Feature","properties":{"stop_id":"2525926","stop_name":"6th St & Sadler Ave","location_type":0,"stop_timezone":"America/Los_Angeles","wheelchair_boarding":0,"stop_city":"East Los Angeles","routes":[{"route_id":"13057","agency_id":"1466","route_long_name":"Whittier Boulevard/Saybrook Park","route_type":3,"route_url":"https://dpw.lacounty.gov/transit/ELASW_wbsp.aspx","route_color":"#b350f8","route_text_color":"#ffffff","route_sort_order":8,"continuous_pickup":1,"continuous_drop_off":1}],"agency_name":"LA Go Bus"},"geometry":{"type":"Point","coordinates":[-118.148224,34.023212]}},{"type":"Feature","properties":{"stop_id":"2525927","stop_name":"6th St & School Ave","location_type":0,"stop_timezone":"America/Los_Angeles","wheelchair_boarding":0,"stop_city":"East Los Angeles","routes":[{"route_id":"13057","agency_id":"1466","route_long_name":"Whittier Boulevard/Saybrook Park","route_type":3,"route_url":"https://dpw.lacounty.gov/transit/ELASW_wbsp.aspx","route_color":"#b350f8","route_text_color":"#ffffff","route_sort_order":8,"continuous_pickup":1,"continuous_drop_off":1}],"agency_name":"LA Go Bus"},"geometry":{"type":"Point","coordinates":[-118.140956,34.021685]}},{"type":"Feature","properties":{"stop_id":"2525928","stop_name":"6th St & Bradshawe ave","location_type":0,"stop_timezone":"America/Los_Angeles","wheelchair_boarding":0,"stop_city":"East Los Angeles","routes":[{"route_id":"13057","agency_id":"1466","route_long_name":"Whittier Boulevard/Saybrook Park","route_type":3,"route_url":"https://dpw.lacounty.gov/transit/ELASW_wbsp.aspx","route_color":"#b350f8","route_text_color":"#ffffff","route_sort_order":8,"continuous_pickup":1,"continuous_drop_off":1}],"agency_name":"LA Go Bus"},"geometry":{"type":"Point","coordinates":[-118.142991,34.022108]}},{"type":"Feature","properties":{"stop_id":"2525929","stop_name":"Hubbard St & Findlay Ave","location_type":0,"stop_timezone":"America/Los_Angeles","wheelchair_boarding":0,"stop_city":"East Los Angeles","routes":[{"route_id":"13057","agency_id":"1466","route_long_name":"Whittier Boulevard/Saybrook Park","route_type":3,"route_url":"https://dpw.lacounty.gov/transit/ELASW_wbsp.aspx","route_color":"#b350f8","route_text_color":"#ffffff","route_sort_order":8,"continuous_pickup":1,"continuous_drop_off":1}],"agency_name":"LA Go Bus"},"geometry":{"type":"Point","coordinates":[-118.138551,34.018774]}},{"type":"Feature","properties":{"stop_id":"2525930","stop_name":"Hillview Ave & 4th St","location_type":0,"stop_timezone":"America/Los_Angeles","wheelchair_boarding":0,"stop_city":"East Los Angeles","routes":[{"route_id":"13057","agency_id":"1466","route_long_name":"Whittier Boulevard/Saybrook Park","route_type":3,"route_url":"https://dpw.lacounty.gov/transit/ELASW_wbsp.aspx","route_color":"#b350f8","route_text_color":"#ffffff","route_sort_order":8,"continuous_pickup":1,"continuous_drop_off":1}],"agency_name":"LA Go Bus"},"geometry":{"type":"Point","coordinates":[-118.152802,34.028292]}},{"type":"Feature","properties":{"stop_id":"2525931","stop_name":"6th St & Gerhart Ave","location_type":0,"stop_timezone":"America/Los_Angeles","wheelchair_boarding":0,"stop_city":"East Los Angeles","routes":[{"route_id":"13057","agency_id":"1466","route_long_name":"Whittier Boulevard/Saybrook Park","route_type":3,"route_url":"https://dpw.lacounty.gov/transit/ELASW_wbsp.aspx","route_color":"#b350f8","route_text_color":"#ffffff","route_sort_order":8,"continuous_pickup":1,"continuous_drop_off":1}],"agency_name":"LA Go Bus"},"geometry":{"type":"Point","coordinates":[-118.146035,34.022752]}},{"type":"Feature","properties":{"stop_id":"2525932","stop_name":"Whittier Blvd & Findlay Ave","location_type":0,"stop_timezone":"America/Los_Angeles","wheelchair_boarding":0,"stop_city":"East Los Angeles","routes":[{"route_id":"13057","agency_id":"1466","route_long_name":"Whittier Boulevard/Saybrook Park","route_type":3,"route_url":"https://dpw.lacounty.gov/transit/ELASW_wbsp.aspx","route_color":"#b350f8","route_text_color":"#ffffff","route_sort_order":8,"continuous_pickup":1,"continuous_drop_off":1}],"agency_name":"LA Go Bus"},"geometry":{"type":"Point","coordinates":[-118.138821,34.016404]}},{"type":"Feature","properties":{"stop_id":"2525933","stop_name":"Whittier Blvd & Westside Dr","location_type":0,"stop_timezone":"America/Los_Angeles","wheelchair_boarding":0,"stop_city":"East Los Angeles","routes":[{"route_id":"13057","agency_id":"1466","route_long_name":"Whittier Boulevard/Saybrook Park","route_type":3,"route_url":"https://dpw.lacounty.gov/transit/ELASW_wbsp.aspx","route_color":"#b350f8","route_text_color":"#ffffff","route_sort_order":8,"continuous_pickup":1,"continuous_drop_off":1}],"agency_name":"LA Go Bus"},"geometry":{"type":"Point","coordinates":[-118.137208,34.01607]}},{"type":"Feature","properties":{"stop_id":"2525934","stop_name":"Pomona Blvd & Hillview Ave","location_type":0,"stop_timezone":"America/Los_Angeles","wheelchair_boarding":0,"stop_city":"East Los Angeles","routes":[{"route_id":"13057","agency_id":"1466","route_long_name":"Whittier Boulevard/Saybrook Park","route_type":3,"route_url":"https://dpw.lacounty.gov/transit/ELASW_wbsp.aspx","route_color":"#b350f8","route_text_color":"#ffffff","route_sort_order":8,"continuous_pickup":1,"continuous_drop_off":1}],"agency_name":"LA Go Bus"},"geometry":{"type":"Point","coordinates":[-118.149888,34.033247]}},{"type":"Feature","properties":{"stop_id":"2525935","stop_name":"Hillview Ave & Beverly Blvd","location_type":0,"stop_timezone":"America/Los_Angeles","wheelchair_boarding":0,"stop_city":"East Los Angeles","routes":[{"route_id":"13057","agency_id":"1466","route_long_name":"Whittier Boulevard/Saybrook Park","route_type":3,"route_url":"https://dpw.lacounty.gov/transit/ELASW_wbsp.aspx","route_color":"#b350f8","route_text_color":"#ffffff","route_sort_order":8,"continuous_pickup":1,"continuous_drop_off":1}],"agency_name":"LA Go Bus"},"geometry":{"type":"Point","coordinates":[-118.151473,34.030518]}},{"type":"Feature","properties":{"stop_id":"2525936","stop_name":"Westside Dr & Olympic Blvd","location_type":0,"stop_timezone":"America/Los_Angeles","wheelchair_boarding":0,"stop_city":"East Los Angeles","routes":[{"route_id":"13057","agency_id":"1466","route_long_name":"Whittier Boulevard/Saybrook Park","route_type":3,"route_url":"https://dpw.lacounty.gov/transit/ELASW_wbsp.aspx","route_color":"#b350f8","route_text_color":"#ffffff","route_sort_order":8,"continuous_pickup":1,"continuous_drop_off":1}],"agency_name":"LA Go Bus"},"geometry":{"type":"Point","coordinates":[-118.137539,34.012708]}},{"type":"Feature","properties":{"stop_id":"2525937","stop_name":"6th St & Belden Ave","location_type":0,"stop_timezone":"America/Los_Angeles","wheelchair_boarding":0,"stop_city":"East Los Angeles","routes":[{"route_id":"13057","agency_id":"1466","route_long_name":"Whittier Boulevard/Saybrook Park","route_type":3,"route_url":"https://dpw.lacounty.gov/transit/ELASW_wbsp.aspx","route_color":"#b350f8","route_text_color":"#ffffff","route_sort_order":8,"continuous_pickup":1,"continuous_drop_off":1}],"agency_name":"LA Go Bus"},"geometry":{"type":"Point","coordinates":[-118.150902,34.023777]}},{"type":"Feature","properties":{"stop_id":"2525938","stop_name":"Olympic Blvd & Hendricks Ave","location_type":0,"stop_timezone":"America/Los_Angeles","wheelchair_boarding":0,"stop_city":"East Los Angeles","routes":[{"route_id":"13057","agency_id":"1466","route_long_name":"Whittier Boulevard/Saybrook Park","route_type":3,"route_url":"https://dpw.lacounty.gov/transit/ELASW_wbsp.aspx","route_color":"#b350f8","route_text_color":"#ffffff","route_sort_order":8,"continuous_pickup":1,"continuous_drop_off":1}],"agency_name":"LA Go Bus"},"geometry":{"type":"Point","coordinates":[-118.140874,34.013097]}},{"type":"Feature","properties":{"stop_id":"2525939","stop_name":"Olympic Blvd & Northside Dr","location_type":0,"stop_timezone":"America/Los_Angeles","wheelchair_boarding":0,"stop_city":"East Los Angeles","routes":[{"route_id":"13057","agency_id":"1466","route_long_name":"Whittier Boulevard/Saybrook Park","route_type":3,"route_url":"https://dpw.lacounty.gov/transit/ELASW_wbsp.aspx","route_color":"#b350f8","route_text_color":"#ffffff","route_sort_order":8,"continuous_pickup":1,"continuous_drop_off":1}],"agency_name":"LA Go Bus"},"geometry":{"type":"Point","coordinates":[-118.143817,34.013536]}},{"type":"Feature","properties":{"stop_id":"2525940","stop_name":"Olympic Blvd & Gerhart Ave","location_type":0,"stop_timezone":"America/Los_Angeles","wheelchair_boarding":0,"stop_city":"Commerce","routes":[{"route_id":"13057","agency_id":"1466","route_long_name":"Whittier Boulevard/Saybrook Park","route_type":3,"route_url":"https://dpw.lacounty.gov/transit/ELASW_wbsp.aspx","route_color":"#b350f8","route_text_color":"#ffffff","route_sort_order":8,"continuous_pickup":1,"continuous_drop_off":1}],"agency_name":"LA Go Bus"},"geometry":{"type":"Point","coordinates":[-118.147349,34.014061]}},{"type":"Feature","properties":{"stop_id":"2525941","stop_name":"Whittier Blvd & Gerhart Ave","location_type":0,"stop_timezone":"America/Los_Angeles","wheelchair_boarding":0,"stop_city":"Commerce","routes":[{"route_id":"13057","agency_id":"1466","route_long_name":"Whittier Boulevard/Saybrook Park","route_type":3,"route_url":"https://dpw.lacounty.gov/transit/ELASW_wbsp.aspx","route_color":"#b350f8","route_text_color":"#ffffff","route_sort_order":8,"continuous_pickup":1,"continuous_drop_off":1}],"agency_name":"LA Go Bus"},"geometry":{"type":"Point","coordinates":[-118.147517,34.018454]}},{"type":"Feature","properties":{"stop_id":"2525942","stop_name":"Whittier Blvd & Hoefner Ave","location_type":0,"stop_timezone":"America/Los_Angeles","wheelchair_boarding":0,"stop_city":"East Los Angeles","routes":[{"route_id":"13057","agency_id":"1466","route_long_name":"Whittier Boulevard/Saybrook Park","route_type":3,"route_url":"https://dpw.lacounty.gov/transit/ELASW_wbsp.aspx","route_color":"#b350f8","route_text_color":"#ffffff","route_sort_order":8,"continuous_pickup":1,"continuous_drop_off":1}],"agency_name":"LA Go Bus"},"geometry":{"type":"Point","coordinates":[-118.150592,34.019104]}},{"type":"Feature","properties":{"stop_id":"2525943","stop_name":"Whittier Blvd & Oakford Dr","location_type":0,"stop_timezone":"America/Los_Angeles","wheelchair_boarding":0,"stop_city":"Commerce","routes":[{"route_id":"13057","agency_id":"1466","route_long_name":"Whittier Boulevard/Saybrook Park","route_type":3,"route_url":"https://dpw.lacounty.gov/transit/ELASW_wbsp.aspx","route_color":"#b350f8","route_text_color":"#ffffff","route_sort_order":8,"continuous_pickup":1,"continuous_drop_off":1}],"agency_name":"LA Go Bus"},"geometry":{"type":"Point","coordinates":[-118.153374,34.019694]}},{"type":"Feature","properties":{"stop_id":"2525944","stop_name":"Whittier Blvd & Atlantic Blvd","location_type":0,"stop_timezone":"America/Los_Angeles","wheelchair_boarding":0,"stop_city":"East Los Angeles","routes":[{"route_id":"13057","agency_id":"1466","route_long_name":"Whittier Boulevard/Saybrook Park","route_type":3,"route_url":"https://dpw.lacounty.gov/transit/ELASW_wbsp.aspx","route_color":"#b350f8","route_text_color":"#ffffff","route_sort_order":8,"continuous_pickup":1,"continuous_drop_off":1}],"agency_name":"LA Go Bus"},"geometry":{"type":"Point","coordinates":[-118.157073,34.020496]}},{"type":"Feature","properties":{"stop_id":"2525945","stop_name":"Fraser Ave & Whittier Blvd","location_type":0,"stop_timezone":"America/Los_Angeles","wheelchair_boarding":0,"stop_city":"East Los Angeles","routes":[{"route_id":"13057","agency_id":"1466","route_long_name":"Whittier Boulevard/Saybrook Park","route_type":3,"route_url":"https://dpw.lacounty.gov/transit/ELASW_wbsp.aspx","route_color":"#b350f8","route_text_color":"#ffffff","route_sort_order":8,"continuous_pickup":1,"continuous_drop_off":1}],"agency_name":"LA Go Bus"},"geometry":{"type":"Point","coordinates":[-118.161804,34.021226]}},{"type":"Feature","properties":{"stop_id":"2525946","stop_name":"Fraser Ave & Olympic Blvd","location_type":0,"stop_timezone":"America/Los_Angeles","wheelchair_boarding":0,"stop_city":"East Los Angeles","routes":[{"route_id":"13057","agency_id":"1466","route_long_name":"Whittier Boulevard/Saybrook Park","route_type":3,"route_url":"https://dpw.lacounty.gov/transit/ELASW_wbsp.aspx","route_color":"#b350f8","route_text_color":"#ffffff","route_sort_order":8,"continuous_pickup":1,"continuous_drop_off":1}],"agency_name":"LA Go Bus"},"geometry":{"type":"Point","coordinates":[-118.162973,34.017385]}},{"type":"Feature","properties":{"stop_id":"2525947","stop_name":"Union Pacific Ave & Ferris Ave","location_type":0,"stop_timezone":"America/Los_Angeles","wheelchair_boarding":0,"stop_city":"East Los Angeles","routes":[{"route_id":"13057","agency_id":"1466","route_long_name":"Whittier Boulevard/Saybrook Park","route_type":3,"route_url":"https://dpw.lacounty.gov/transit/ELASW_wbsp.aspx","route_color":"#b350f8","route_text_color":"#ffffff","route_sort_order":8,"continuous_pickup":1,"continuous_drop_off":1}],"agency_name":"LA Go Bus"},"geometry":{"type":"Point","coordinates":[-118.16542,34.0154]}},{"type":"Feature","properties":{"stop_id":"2525948","stop_name":"Fraser Ave & Union Pacific Ave","location_type":0,"stop_timezone":"America/Los_Angeles","wheelchair_boarding":0,"stop_city":"East Los Angeles","routes":[{"route_id":"13057","agency_id":"1466","route_long_name":"Whittier Boulevard/Saybrook Park","route_type":3,"route_url":"https://dpw.lacounty.gov/transit/ELASW_wbsp.aspx","route_color":"#b350f8","route_text_color":"#ffffff","route_sort_order":8,"continuous_pickup":1,"continuous_drop_off":1}],"agency_name":"LA Go Bus"},"geometry":{"type":"Point","coordinates":[-118.163677,34.015057]}},{"type":"Feature","properties":{"stop_id":"2525949","stop_name":"Fetterly Ave & Verona St","location_type":0,"stop_timezone":"America/Los_Angeles","wheelchair_boarding":0,"stop_city":"East Los Angeles","routes":[{"route_id":"13057","agency_id":"1466","route_long_name":"Whittier Boulevard/Saybrook Park","route_type":3,"route_url":"https://dpw.lacounty.gov/transit/ELASW_wbsp.aspx","route_color":"#b350f8","route_text_color":"#ffffff","route_sort_order":8,"continuous_pickup":1,"continuous_drop_off":1}],"agency_name":"LA Go Bus"},"geometry":{"type":"Point","coordinates":[-118.165057,34.020057]}},{"type":"Feature","properties":{"stop_id":"2525950","stop_name":"Fetterly Ave & Olympic Blvd","location_type":0,"stop_timezone":"America/Los_Angeles","wheelchair_boarding":0,"stop_city":"East Los Angeles","routes":[{"route_id":"13057","agency_id":"1466","route_long_name":"Whittier Boulevard/Saybrook Park","route_type":3,"route_url":"https://dpw.lacounty.gov/transit/ELASW_wbsp.aspx","route_color":"#b350f8","route_text_color":"#ffffff","route_sort_order":8,"continuous_pickup":1,"continuous_drop_off":1}],"agency_name":"LA Go Bus"},"geometry":{"type":"Point","coordinates":[-118.165819,34.017554]}},{"type":"Feature","properties":{"stop_id":"2525951","stop_name":"Fetterly Ave & Alley between Verona St and Whittier Blvd","location_type":0,"stop_timezone":"America/Los_Angeles","wheelchair_boarding":0,"stop_city":"East Los Angeles","routes":[{"route_id":"13057","agency_id":"1466","route_long_name":"Whittier Boulevard/Saybrook Park","route_type":3,"route_url":"https://dpw.lacounty.gov/transit/ELASW_wbsp.aspx","route_color":"#b350f8","route_text_color":"#ffffff","route_sort_order":8,"continuous_pickup":1,"continuous_drop_off":1}],"agency_name":"LA Go Bus"},"geometry":{"type":"Point","coordinates":[-118.164661,34.02137]}},{"type":"Feature","properties":{"stop_id":"2525952","stop_name":"Whittier Blvd & McDonnell Ave","location_type":0,"stop_timezone":"America/Los_Angeles","wheelchair_boarding":0,"stop_city":"East Los Angeles","routes":[{"route_id":"13057","agency_id":"1466","route_long_name":"Whittier Boulevard/Saybrook Park","route_type":3,"route_url":"https://dpw.lacounty.gov/transit/ELASW_wbsp.aspx","route_color":"#b350f8","route_text_color":"#ffffff","route_sort_order":8,"continuous_pickup":1,"continuous_drop_off":1}],"agency_name":"LA Go Bus"},"geometry":{"type":"Point","coordinates":[-118.167838,34.02273]}},{"type":"Feature","properties":{"stop_id":"2525953","stop_name":"Whittier Blvd & Ford Blvd","location_type":0,"stop_timezone":"America/Los_Angeles","wheelchair_boarding":0,"stop_city":"East Los Angeles","routes":[{"route_id":"13057","agency_id":"1466","route_long_name":"Whittier Boulevard/Saybrook Park","route_type":3,"route_url":"https://dpw.lacounty.gov/transit/ELASW_wbsp.aspx","route_color":"#b350f8","route_text_color":"#ffffff","route_sort_order":8,"continuous_pickup":1,"continuous_drop_off":1}],"agency_name":"LA Go Bus"},"geometry":{"type":"Point","coordinates":[-118.170923,34.023376]}},{"type":"Feature","properties":{"stop_id":"2525954","stop_name":"Ford Blvd & Hubbard St","location_type":0,"stop_timezone":"America/Los_Angeles","wheelchair_boarding":0,"stop_city":"East Los Angeles","routes":[{"route_id":"13057","agency_id":"1466","route_long_name":"Whittier Boulevard/Saybrook Park","route_type":3,"route_url":"https://dpw.lacounty.gov/transit/ELASW_wbsp.aspx","route_color":"#b350f8","route_text_color":"#ffffff","route_sort_order":8,"continuous_pickup":1,"continuous_drop_off":1}],"agency_name":"LA Go Bus"},"geometry":{"type":"Point","coordinates":[-118.170122,34.026181]}},{"type":"Feature","properties":{"stop_id":"2525955","stop_name":"Ford Blvd & 6th St","location_type":0,"stop_timezone":"America/Los_Angeles","wheelchair_boarding":0,"stop_city":"East Los Angeles","routes":[{"route_id":"13057","agency_id":"1466","route_long_name":"Whittier Boulevard/Saybrook Park","route_type":3,"route_url":"https://dpw.lacounty.gov/transit/ELASW_wbsp.aspx","route_color":"#b350f8","route_text_color":"#ffffff","route_sort_order":8,"continuous_pickup":1,"continuous_drop_off":1}],"agency_name":"LA Go Bus"},"geometry":{"type":"Point","coordinates":[-118.16967,34.027669]}},{"type":"Feature","properties":{"stop_id":"2525956","stop_name":"Ford Blvd & 5th St","location_type":0,"stop_timezone":"America/Los_Angeles","wheelchair_boarding":0,"stop_city":"East Los Angeles","routes":[{"route_id":"13057","agency_id":"1466","route_long_name":"Whittier Boulevard/Saybrook Park","route_type":3,"route_url":"https://dpw.lacounty.gov/transit/ELASW_wbsp.aspx","route_color":"#b350f8","route_text_color":"#ffffff","route_sort_order":8,"continuous_pickup":1,"continuous_drop_off":1}],"agency_name":"LA Go Bus"},"geometry":{"type":"Point","coordinates":[-118.169319,34.028825]}},{"type":"Feature","properties":{"stop_id":"2525957","stop_name":"Ford Blvd & 4th St","location_type":0,"stop_timezone":"America/Los_Angeles","wheelchair_boarding":0,"stop_city":"East Los Angeles","routes":[{"route_id":"13057","agency_id":"1466","route_long_name":"Whittier Boulevard/Saybrook Park","route_type":3,"route_url":"https://dpw.lacounty.gov/transit/ELASW_wbsp.aspx","route_color":"#b350f8","route_text_color":"#ffffff","route_sort_order":8,"continuous_pickup":1,"continuous_drop_off":1}],"agency_name":"LA Go Bus"},"geometry":{"type":"Point","coordinates":[-118.169066,34.0314]}},{"type":"Feature","properties":{"stop_id":"2525958","stop_name":"3rd St & Ford Blvd","location_type":0,"stop_timezone":"America/Los_Angeles","wheelchair_boarding":0,"stop_city":"East Los Angeles","routes":[{"route_id":"13057","agency_id":"1466","route_long_name":"Whittier Boulevard/Saybrook Park","route_type":3,"route_url":"https://dpw.lacounty.gov/transit/ELASW_wbsp.aspx","route_color":"#b350f8","route_text_color":"#ffffff","route_sort_order":8,"continuous_pickup":1,"continuous_drop_off":1}],"agency_name":"LA Go Bus"},"geometry":{"type":"Point","coordinates":[-118.168602,34.033188]}},{"type":"Feature","properties":{"stop_id":"2525959","stop_name":"3rd St & Arizona Ave","location_type":0,"stop_timezone":"America/Los_Angeles","wheelchair_boarding":0,"stop_city":"East Los Angeles","routes":[{"route_id":"13057","agency_id":"1466","route_long_name":"Whittier Boulevard/Saybrook Park","route_type":3,"route_url":"https://dpw.lacounty.gov/transit/ELASW_wbsp.aspx","route_color":"#b350f8","route_text_color":"#ffffff","route_sort_order":8,"continuous_pickup":1,"continuous_drop_off":1}],"agency_name":"LA Go Bus"},"geometry":{"type":"Point","coordinates":[-118.163918,34.033215]}},{"type":"Feature","properties":{"stop_id":"2525961","stop_name":"Ford Blvd & 3rd St","location_type":0,"stop_timezone":"America/Los_Angeles","wheelchair_boarding":0,"stop_city":"East Los Angeles","routes":[{"route_id":"13057","agency_id":"1466","route_long_name":"Whittier Boulevard/Saybrook Park","route_type":3,"route_url":"https://dpw.lacounty.gov/transit/ELASW_wbsp.aspx","route_color":"#b350f8","route_text_color":"#ffffff","route_sort_order":8,"continuous_pickup":1,"continuous_drop_off":1}],"agency_name":"LA Go Bus"},"geometry":{"type":"Point","coordinates":[-118.169297,34.032693]}},{"type":"Feature","properties":{"stop_id":"2525962","stop_name":"Ford Blvd & 5th St","location_type":0,"stop_timezone":"America/Los_Angeles","wheelchair_boarding":0,"stop_city":"East Los Angeles","routes":[{"route_id":"13057","agency_id":"1466","route_long_name":"Whittier Boulevard/Saybrook Park","route_type":3,"route_url":"https://dpw.lacounty.gov/transit/ELASW_wbsp.aspx","route_color":"#b350f8","route_text_color":"#ffffff","route_sort_order":8,"continuous_pickup":1,"continuous_drop_off":1}],"agency_name":"LA Go Bus"},"geometry":{"type":"Point","coordinates":[-118.169486,34.028778]}},{"type":"Feature","properties":{"stop_id":"2525963","stop_name":"Ford Blvd & 4th St","location_type":0,"stop_timezone":"America/Los_Angeles","wheelchair_boarding":0,"stop_city":"East Los Angeles","routes":[{"route_id":"13057","agency_id":"1466","route_long_name":"Whittier Boulevard/Saybrook Park","route_type":3,"route_url":"https://dpw.lacounty.gov/transit/ELASW_wbsp.aspx","route_color":"#b350f8","route_text_color":"#ffffff","route_sort_order":8,"continuous_pickup":1,"continuous_drop_off":1}],"agency_name":"LA Go Bus"},"geometry":{"type":"Point","coordinates":[-118.169214,34.031301]}},{"type":"Feature","properties":{"stop_id":"2525964","stop_name":"Ford Blvd & 6th St","location_type":0,"stop_timezone":"America/Los_Angeles","wheelchair_boarding":0,"stop_city":"East Los Angeles","routes":[{"route_id":"13057","agency_id":"1466","route_long_name":"Whittier Boulevard/Saybrook Park","route_type":3,"route_url":"https://dpw.lacounty.gov/transit/ELASW_wbsp.aspx","route_color":"#b350f8","route_text_color":"#ffffff","route_sort_order":8,"continuous_pickup":1,"continuous_drop_off":1}],"agency_name":"LA Go Bus"},"geometry":{"type":"Point","coordinates":[-118.1698,34.02773]}},{"type":"Feature","properties":{"stop_id":"2525965","stop_name":"Ford Blvd & Humphreys Ave","location_type":0,"stop_timezone":"America/Los_Angeles","wheelchair_boarding":0,"stop_city":"East Los Angeles","routes":[{"route_id":"13057","agency_id":"1466","route_long_name":"Whittier Boulevard/Saybrook Park","route_type":3,"route_url":"https://dpw.lacounty.gov/transit/ELASW_wbsp.aspx","route_color":"#b350f8","route_text_color":"#ffffff","route_sort_order":8,"continuous_pickup":1,"continuous_drop_off":1}],"agency_name":"LA Go Bus"},"geometry":{"type":"Point","coordinates":[-118.170219,34.02635]}},{"type":"Feature","properties":{"stop_id":"2525968","stop_name":"Fetterly Ave & Alley between Whittier Blvd and Verona St","location_type":0,"stop_timezone":"America/Los_Angeles","wheelchair_boarding":0,"stop_city":"East Los Angeles","routes":[{"route_id":"13057","agency_id":"1466","route_long_name":"Whittier Boulevard/Saybrook Park","route_type":3,"route_url":"https://dpw.lacounty.gov/transit/ELASW_wbsp.aspx","route_color":"#b350f8","route_text_color":"#ffffff","route_sort_order":8,"continuous_pickup":1,"continuous_drop_off":1}],"agency_name":"LA Go Bus"},"geometry":{"type":"Point","coordinates":[-118.164819,34.021327]}},{"type":"Feature","properties":{"stop_id":"2525969","stop_name":"Fetterly Ave & Olympic Blvd","location_type":0,"stop_timezone":"America/Los_Angeles","wheelchair_boarding":0,"stop_city":"East Los Angeles","routes":[{"route_id":"13057","agency_id":"1466","route_long_name":"Whittier Boulevard/Saybrook Park","route_type":3,"route_url":"https://dpw.lacounty.gov/transit/ELASW_wbsp.aspx","route_color":"#b350f8","route_text_color":"#ffffff","route_sort_order":8,"continuous_pickup":1,"continuous_drop_off":1}],"agency_name":"LA Go Bus"},"geometry":{"type":"Point","coordinates":[-118.165829,34.018004]}},{"type":"Feature","properties":{"stop_id":"2525970","stop_name":"Union Pacific Ave & Ferris Ave","location_type":0,"stop_timezone":"America/Los_Angeles","wheelchair_boarding":0,"stop_city":"East Los Angeles","routes":[{"route_id":"13057","agency_id":"1466","route_long_name":"Whittier Boulevard/Saybrook Park","route_type":3,"route_url":"https://dpw.lacounty.gov/transit/ELASW_wbsp.aspx","route_color":"#b350f8","route_text_color":"#ffffff","route_sort_order":8,"continuous_pickup":1,"continuous_drop_off":1}],"agency_name":"LA Go Bus"},"geometry":{"type":"Point","coordinates":[-118.16577,34.015352]}},{"type":"Feature","properties":{"stop_id":"2525971","stop_name":"Fraser Ave & Union Pacific Ave","location_type":0,"stop_timezone":"America/Los_Angeles","wheelchair_boarding":0,"stop_city":"East Los Angeles","routes":[{"route_id":"13057","agency_id":"1466","route_long_name":"Whittier Boulevard/Saybrook Park","route_type":3,"route_url":"https://dpw.lacounty.gov/transit/ELASW_wbsp.aspx","route_color":"#b350f8","route_text_color":"#ffffff","route_sort_order":8,"continuous_pickup":1,"continuous_drop_off":1}],"agency_name":"LA Go Bus"},"geometry":{"type":"Point","coordinates":[-118.16352,34.015107]}},{"type":"Feature","properties":{"stop_id":"2525972","stop_name":"Fraser Ave & Olympic Blvd","location_type":0,"stop_timezone":"America/Los_Angeles","wheelchair_boarding":0,"stop_city":"East Los Angeles","routes":[{"route_id":"13057","agency_id":"1466","route_long_name":"Whittier Boulevard/Saybrook Park","route_type":3,"route_url":"https://dpw.lacounty.gov/transit/ELASW_wbsp.aspx","route_color":"#b350f8","route_text_color":"#ffffff","route_sort_order":8,"continuous_pickup":1,"continuous_drop_off":1}],"agency_name":"LA Go Bus"},"geometry":{"type":"Point","coordinates":[-118.162799,34.01748]}},{"type":"Feature","properties":{"stop_id":"2525973","stop_name":"Whittier Blvd & Atlantic Ave","location_type":0,"stop_timezone":"America/Los_Angeles","wheelchair_boarding":0,"stop_city":"East Los Angeles","routes":[{"route_id":"13057","agency_id":"1466","route_long_name":"Whittier Boulevard/Saybrook Park","route_type":3,"route_url":"https://dpw.lacounty.gov/transit/ELASW_wbsp.aspx","route_color":"#b350f8","route_text_color":"#ffffff","route_sort_order":8,"continuous_pickup":1,"continuous_drop_off":1}],"agency_name":"LA Go Bus"},"geometry":{"type":"Point","coordinates":[-118.157554,34.020346]}},{"type":"Feature","properties":{"stop_id":"2525974","stop_name":"Whittier Blvd & Vancouver Ave","location_type":0,"stop_timezone":"America/Los_Angeles","wheelchair_boarding":0,"stop_city":"East Los Angeles","routes":[{"route_id":"13057","agency_id":"1466","route_long_name":"Whittier Boulevard/Saybrook Park","route_type":3,"route_url":"https://dpw.lacounty.gov/transit/ELASW_wbsp.aspx","route_color":"#b350f8","route_text_color":"#ffffff","route_sort_order":8,"continuous_pickup":1,"continuous_drop_off":1}],"agency_name":"LA Go Bus"},"geometry":{"type":"Point","coordinates":[-118.159977,34.020898]}},{"type":"Feature","properties":{"stop_id":"2525975","stop_name":"Whittier Blvd & Goodrich Blvd","location_type":0,"stop_timezone":"America/Los_Angeles","wheelchair_boarding":0,"stop_city":"Commerce","routes":[{"route_id":"13057","agency_id":"1466","route_long_name":"Whittier Boulevard/Saybrook Park","route_type":3,"route_url":"https://dpw.lacounty.gov/transit/ELASW_wbsp.aspx","route_color":"#b350f8","route_text_color":"#ffffff","route_sort_order":8,"continuous_pickup":1,"continuous_drop_off":1}],"agency_name":"LA Go Bus"},"geometry":{"type":"Point","coordinates":[-118.153142,34.019422]}},{"type":"Feature","properties":{"stop_id":"2525976","stop_name":"Commerce Shopping Center - Transit Center","location_type":0,"stop_timezone":"America/Los_Angeles","wheelchair_boarding":0,"stop_city":"Commerce","routes":[{"route_id":"13057","agency_id":"1466","route_long_name":"Whittier Boulevard/Saybrook Park","route_type":3,"route_url":"https://dpw.lacounty.gov/transit/ELASW_wbsp.aspx","route_color":"#b350f8","route_text_color":"#ffffff","route_sort_order":8,"continuous_pickup":1,"continuous_drop_off":1}],"agency_name":"LA Go Bus"},"geometry":{"type":"Point","coordinates":[-118.149675,34.017439]}},{"type":"Feature","properties":{"stop_id":"2525977","stop_name":"Olympic Blvd & Gerhart Ave","location_type":0,"stop_timezone":"America/Los_Angeles","wheelchair_boarding":0,"stop_city":"Commerce","routes":[{"route_id":"13057","agency_id":"1466","route_long_name":"Whittier Boulevard/Saybrook Park","route_type":3,"route_url":"https://dpw.lacounty.gov/transit/ELASW_wbsp.aspx","route_color":"#b350f8","route_text_color":"#ffffff","route_sort_order":8,"continuous_pickup":1,"continuous_drop_off":1}],"agency_name":"LA Go Bus"},"geometry":{"type":"Point","coordinates":[-118.147193,34.013826]}},{"type":"Feature","properties":{"stop_id":"2525978","stop_name":"Olympic Blvd & Southside Dr","location_type":0,"stop_timezone":"America/Los_Angeles","wheelchair_boarding":0,"stop_city":"East Los Angeles","routes":[{"route_id":"13057","agency_id":"1466","route_long_name":"Whittier Boulevard/Saybrook Park","route_type":3,"route_url":"https://dpw.lacounty.gov/transit/ELASW_wbsp.aspx","route_color":"#b350f8","route_text_color":"#ffffff","route_sort_order":8,"continuous_pickup":1,"continuous_drop_off":1}],"agency_name":"LA Go Bus"},"geometry":{"type":"Point","coordinates":[-118.144476,34.013418]}},{"type":"Feature","properties":{"stop_id":"2525979","stop_name":"Olympic Blvd & Hendricks Ave","location_type":0,"stop_timezone":"America/Los_Angeles","wheelchair_boarding":0,"stop_city":"East Los Angeles","routes":[{"route_id":"13057","agency_id":"1466","route_long_name":"Whittier Boulevard/Saybrook Park","route_type":3,"route_url":"https://dpw.lacounty.gov/transit/ELASW_wbsp.aspx","route_color":"#b350f8","route_text_color":"#ffffff","route_sort_order":8,"continuous_pickup":1,"continuous_drop_off":1}],"agency_name":"LA Go Bus"},"geometry":{"type":"Point","coordinates":[-118.141256,34.012936]}},{"type":"Feature","properties":{"stop_id":"2525980","stop_name":"Westside Dr & Olympic Blvd","location_type":0,"stop_timezone":"America/Los_Angeles","wheelchair_boarding":0,"stop_city":"East Los Angeles","routes":[{"route_id":"13057","agency_id":"1466","route_long_name":"Whittier Boulevard/Saybrook Park","route_type":3,"route_url":"https://dpw.lacounty.gov/transit/ELASW_wbsp.aspx","route_color":"#b350f8","route_text_color":"#ffffff","route_sort_order":8,"continuous_pickup":1,"continuous_drop_off":1}],"agency_name":"LA Go Bus"},"geometry":{"type":"Point","coordinates":[-118.137384,34.012745]}},{"type":"Feature","properties":{"stop_id":"2525981","stop_name":"Northside Dr & Saybrook Park","location_type":0,"stop_timezone":"America/Los_Angeles","wheelchair_boarding":0,"stop_city":"Montebello","routes":[{"route_id":"13057","agency_id":"1466","route_long_name":"Whittier Boulevard/Saybrook Park","route_type":3,"route_url":"https://dpw.lacounty.gov/transit/ELASW_wbsp.aspx","route_color":"#b350f8","route_text_color":"#ffffff","route_sort_order":8,"continuous_pickup":1,"continuous_drop_off":1}],"agency_name":"LA Go Bus"},"geometry":{"type":"Point","coordinates":[-118.136393,34.014074]}},{"type":"Feature","properties":{"stop_id":"2525982","stop_name":"Whittier Blvd & Saybrook Ave","location_type":0,"stop_timezone":"America/Los_Angeles","wheelchair_boarding":0,"stop_city":"East Los Angeles","routes":[{"route_id":"13057","agency_id":"1466","route_long_name":"Whittier Boulevard/Saybrook Park","route_type":3,"route_url":"https://dpw.lacounty.gov/transit/ELASW_wbsp.aspx","route_color":"#b350f8","route_text_color":"#ffffff","route_sort_order":8,"continuous_pickup":1,"continuous_drop_off":1}],"agency_name":"LA Go Bus"},"geometry":{"type":"Point","coordinates":[-118.136056,34.01604]}},{"type":"Feature","properties":{"stop_id":"2525984","stop_name":"Hubbard St & Findlay Ave","location_type":0,"stop_timezone":"America/Los_Angeles","wheelchair_boarding":0,"stop_city":"East Los Angeles","routes":[{"route_id":"13057","agency_id":"1466","route_long_name":"Whittier Boulevard/Saybrook Park","route_type":3,"route_url":"https://dpw.lacounty.gov/transit/ELASW_wbsp.aspx","route_color":"#b350f8","route_text_color":"#ffffff","route_sort_order":8,"continuous_pickup":1,"continuous_drop_off":1}],"agency_name":"LA Go Bus"},"geometry":{"type":"Point","coordinates":[-118.138648,34.018904]}},{"type":"Feature","properties":{"stop_id":"2525985","stop_name":"Harding Ave & Hubbard st","location_type":0,"stop_timezone":"America/Los_Angeles","wheelchair_boarding":0,"stop_city":"East Los Angeles","routes":[{"route_id":"13057","agency_id":"1466","route_long_name":"Whittier Boulevard/Saybrook Park","route_type":3,"route_url":"https://dpw.lacounty.gov/transit/ELASW_wbsp.aspx","route_color":"#b350f8","route_text_color":"#ffffff","route_sort_order":8,"continuous_pickup":1,"continuous_drop_off":1}],"agency_name":"LA Go Bus"},"geometry":{"type":"Point","coordinates":[-118.140372,34.019328]}},{"type":"Feature","properties":{"stop_id":"2525986","stop_name":"6th St & School Ave","location_type":0,"stop_timezone":"America/Los_Angeles","wheelchair_boarding":0,"stop_city":"East Los Angeles","routes":[{"route_id":"13057","agency_id":"1466","route_long_name":"Whittier Boulevard/Saybrook Park","route_type":3,"route_url":"https://dpw.lacounty.gov/transit/ELASW_wbsp.aspx","route_color":"#b350f8","route_text_color":"#ffffff","route_sort_order":8,"continuous_pickup":1,"continuous_drop_off":1}],"agency_name":"LA Go Bus"},"geometry":{"type":"Point","coordinates":[-118.140963,34.021799]}},{"type":"Feature","properties":{"stop_id":"2525987","stop_name":"6th St & Bradshawe Ave","location_type":0,"stop_timezone":"America/Los_Angeles","wheelchair_boarding":0,"stop_city":"East Los Angeles","routes":[{"route_id":"13057","agency_id":"1466","route_long_name":"Whittier Boulevard/Saybrook Park","route_type":3,"route_url":"https://dpw.lacounty.gov/transit/ELASW_wbsp.aspx","route_color":"#b350f8","route_text_color":"#ffffff","route_sort_order":8,"continuous_pickup":1,"continuous_drop_off":1}],"agency_name":"LA Go Bus"},"geometry":{"type":"Point","coordinates":[-118.142731,34.022173]}},{"type":"Feature","properties":{"stop_id":"2525988","stop_name":"6th St & Gerhart Ave","location_type":0,"stop_timezone":"America/Los_Angeles","wheelchair_boarding":0,"stop_city":"East Los Angeles","routes":[{"route_id":"13057","agency_id":"1466","route_long_name":"Whittier Boulevard/Saybrook Park","route_type":3,"route_url":"https://dpw.lacounty.gov/transit/ELASW_wbsp.aspx","route_color":"#b350f8","route_text_color":"#ffffff","route_sort_order":8,"continuous_pickup":1,"continuous_drop_off":1}],"agency_name":"LA Go Bus"},"geometry":{"type":"Point","coordinates":[-118.146105,34.022884]}},{"type":"Feature","properties":{"stop_id":"2525989","stop_name":"6th St & Sadler Ave","location_type":0,"stop_timezone":"America/Los_Angeles","wheelchair_boarding":0,"stop_city":"East Los Angeles","routes":[{"route_id":"13057","agency_id":"1466","route_long_name":"Whittier Boulevard/Saybrook Park","route_type":3,"route_url":"https://dpw.lacounty.gov/transit/ELASW_wbsp.aspx","route_color":"#b350f8","route_text_color":"#ffffff","route_sort_order":8,"continuous_pickup":1,"continuous_drop_off":1}],"agency_name":"LA Go Bus"},"geometry":{"type":"Point","coordinates":[-118.148133,34.023314]}},{"type":"Feature","properties":{"stop_id":"2525990","stop_name":"6th St & Belden Ave","location_type":0,"stop_timezone":"America/Los_Angeles","wheelchair_boarding":0,"stop_city":"East Los Angeles","routes":[{"route_id":"13057","agency_id":"1466","route_long_name":"Whittier Boulevard/Saybrook Park","route_type":3,"route_url":"https://dpw.lacounty.gov/transit/ELASW_wbsp.aspx","route_color":"#b350f8","route_text_color":"#ffffff","route_sort_order":8,"continuous_pickup":1,"continuous_drop_off":1}],"agency_name":"LA Go Bus"},"geometry":{"type":"Point","coordinates":[-118.151098,34.02394]}},{"type":"Feature","properties":{"stop_id":"2525991","stop_name":"Hillview Ave & 6th St","location_type":0,"stop_timezone":"America/Los_Angeles","wheelchair_boarding":0,"stop_city":"East Los Angeles","routes":[{"route_id":"13057","agency_id":"1466","route_long_name":"Whittier Boulevard/Saybrook Park","route_type":3,"route_url":"https://dpw.lacounty.gov/transit/ELASW_wbsp.aspx","route_color":"#b350f8","route_text_color":"#ffffff","route_sort_order":8,"continuous_pickup":1,"continuous_drop_off":1}],"agency_name":"LA Go Bus"},"geometry":{"type":"Point","coordinates":[-118.153788,34.024562]}},{"type":"Feature","properties":{"stop_id":"2525992","stop_name":"Beverly Blvd & Hillview Ave","location_type":0,"stop_timezone":"America/Los_Angeles","wheelchair_boarding":0,"stop_city":"East Los Angeles","routes":[{"route_id":"13057","agency_id":"1466","route_long_name":"Whittier Boulevard/Saybrook Park","route_type":3,"route_url":"https://dpw.lacounty.gov/transit/ELASW_wbsp.aspx","route_color":"#b350f8","route_text_color":"#ffffff","route_sort_order":8,"continuous_pickup":1,"continuous_drop_off":1}],"agency_name":"LA Go Bus"},"geometry":{"type":"Point","coordinates":[-118.15136,34.030939]}},{"type":"Feature","properties":{"stop_id":"2525993","stop_name":"Hillview Ave & 4th St","location_type":0,"stop_timezone":"America/Los_Angeles","wheelchair_boarding":0,"stop_city":"East Los Angeles","routes":[{"route_id":"13057","agency_id":"1466","route_long_name":"Whittier Boulevard/Saybrook Park","route_type":3,"route_url":"https://dpw.lacounty.gov/transit/ELASW_wbsp.aspx","route_color":"#b350f8","route_text_color":"#ffffff","route_sort_order":8,"continuous_pickup":1,"continuous_drop_off":1}],"agency_name":"LA Go Bus"},"geometry":{"type":"Point","coordinates":[-118.152485,34.02886]}},{"type":"Feature","properties":{"stop_id":"2525994","stop_name":"Beverly Blvd & Atlantic Blvd","location_type":0,"stop_timezone":"America/Los_Angeles","wheelchair_boarding":0,"stop_city":"East Los Angeles","routes":[{"route_id":"13057","agency_id":"1466","route_long_name":"Whittier Boulevard/Saybrook Park","route_type":3,"route_url":"https://dpw.lacounty.gov/transit/ELASW_wbsp.aspx","route_color":"#b350f8","route_text_color":"#ffffff","route_sort_order":8,"continuous_pickup":1,"continuous_drop_off":1}],"agency_name":"LA Go Bus"},"geometry":{"type":"Point","coordinates":[-118.1533,34.032106]}},{"type":"Feature","properties":{"stop_id":"2525996","stop_name":"Slater Ave & 123rd St","location_type":0,"stop_timezone":"America/Los_Angeles","wheelchair_boarding":0,"stop_city":"Willowbrook","routes":[{"route_id":"13068","agency_id":"1466","route_long_name":"The Link - Willowbrook A","route_type":3,"route_url":"https://dpw.lacounty.gov/transit/TheLinkWillowbrook.aspx","route_color":"#4aada1","route_text_color":"#ffffff","route_sort_order":18,"continuous_pickup":1,"continuous_drop_off":1}],"agency_name":"LA Go Bus"},"geometry":{"type":"Point","coordinates":[-118.249752,33.920195]}},{"type":"Feature","properties":{"stop_id":"2525997","stop_name":"Wilmington Ave & 120th St","location_type":0,"stop_timezone":"America/Los_Angeles","wheelchair_boarding":0,"stop_city":"Willowbrook","routes":[{"route_id":"13068","agency_id":"1466","route_long_name":"The Link - Willowbrook A","route_type":3,"route_url":"https://dpw.lacounty.gov/transit/TheLinkWillowbrook.aspx","route_color":"#4aada1","route_text_color":"#ffffff","route_sort_order":18,"continuous_pickup":1,"continuous_drop_off":1}],"agency_name":"LA Go Bus"},"geometry":{"type":"Point","coordinates":[-118.239202,33.924173]}},{"type":"Feature","properties":{"stop_id":"2525998","stop_name":"Wilmington Ave & 124th St","location_type":0,"stop_timezone":"America/Los_Angeles","wheelchair_boarding":0,"stop_city":"Willowbrook","routes":[{"route_id":"13068","agency_id":"1466","route_long_name":"The Link - Willowbrook A","route_type":3,"route_url":"https://dpw.lacounty.gov/transit/TheLinkWillowbrook.aspx","route_color":"#4aada1","route_text_color":"#ffffff","route_sort_order":18,"continuous_pickup":1,"continuous_drop_off":1}],"agency_name":"LA Go Bus"},"geometry":{"type":"Point","coordinates":[-118.239219,33.919573]}},{"type":"Feature","properties":{"stop_id":"2525999","stop_name":"Slater Ave & Parmelee Ave","location_type":0,"stop_timezone":"America/Los_Angeles","wheelchair_boarding":0,"stop_city":"Willowbrook","routes":[{"route_id":"13068","agency_id":"1466","route_long_name":"The Link - Willowbrook A","route_type":3,"route_url":"https://dpw.lacounty.gov/transit/TheLinkWillowbrook.aspx","route_color":"#4aada1","route_text_color":"#ffffff","route_sort_order":18,"continuous_pickup":1,"continuous_drop_off":1}],"agency_name":"LA Go Bus"},"geometry":{"type":"Point","coordinates":[-118.24986,33.922148]}},{"type":"Feature","properties":{"stop_id":"2526000","stop_name":"Slater Ave & 127th St","location_type":0,"stop_timezone":"America/Los_Angeles","wheelchair_boarding":0,"stop_city":"Willowbrook","routes":[{"route_id":"13068","agency_id":"1466","route_long_name":"The Link - Willowbrook A","route_type":3,"route_url":"https://dpw.lacounty.gov/transit/TheLinkWillowbrook.aspx","route_color":"#4aada1","route_text_color":"#ffffff","route_sort_order":18,"continuous_pickup":1,"continuous_drop_off":1}],"agency_name":"LA Go Bus"},"geometry":{"type":"Point","coordinates":[-118.249003,33.917461]}},{"type":"Feature","properties":{"stop_id":"2526001","stop_name":"Wilmington Ave & El Segundo Blvd","location_type":0,"stop_timezone":"America/Los_Angeles","wheelchair_boarding":0,"stop_city":"Compton","routes":[{"route_id":"13068","agency_id":"1466","route_long_name":"The Link - Willowbrook A","route_type":3,"route_url":"https://dpw.lacounty.gov/transit/TheLinkWillowbrook.aspx","route_color":"#4aada1","route_text_color":"#ffffff","route_sort_order":18,"continuous_pickup":1,"continuous_drop_off":1}],"agency_name":"LA Go Bus"},"geometry":{"type":"Point","coordinates":[-118.239227,33.916588]}},{"type":"Feature","properties":{"stop_id":"2526002","stop_name":"El Segundo Blvd & Grandee Ave","location_type":0,"stop_timezone":"America/Los_Angeles","wheelchair_boarding":0,"stop_city":"Compton","routes":[{"route_id":"13068","agency_id":"1466","route_long_name":"The Link - Willowbrook A","route_type":3,"route_url":"https://dpw.lacounty.gov/transit/TheLinkWillowbrook.aspx","route_color":"#4aada1","route_text_color":"#ffffff","route_sort_order":18,"continuous_pickup":1,"continuous_drop_off":1}],"agency_name":"LA Go Bus"},"geometry":{"type":"Point","coordinates":[-118.243027,33.916342]}},{"type":"Feature","properties":{"stop_id":"2526003","stop_name":"El Segundo Blvd & Compton Ave","location_type":0,"stop_timezone":"America/Los_Angeles","wheelchair_boarding":0,"stop_city":"Compton","routes":[{"route_id":"13068","agency_id":"1466","route_long_name":"The Link - Willowbrook A","route_type":3,"route_url":"https://dpw.lacounty.gov/transit/TheLinkWillowbrook.aspx","route_color":"#4aada1","route_text_color":"#ffffff","route_sort_order":18,"continuous_pickup":1,"continuous_drop_off":1}],"agency_name":"LA Go Bus"},"geometry":{"type":"Point","coordinates":[-118.24603,33.916343]}},{"type":"Feature","properties":{"stop_id":"2526004","stop_name":"Wilmington Ave & 126th St","location_type":0,"stop_timezone":"America/Los_Angeles","wheelchair_boarding":0,"stop_city":"Willowbrook","routes":[{"route_id":"13068","agency_id":"1466","route_long_name":"The Link - Willowbrook A","route_type":3,"route_url":"https://dpw.lacounty.gov/transit/TheLinkWillowbrook.aspx","route_color":"#4aada1","route_text_color":"#ffffff","route_sort_order":18,"continuous_pickup":1,"continuous_drop_off":1}],"agency_name":"LA Go Bus"},"geometry":{"type":"Point","coordinates":[-118.239228,33.918354]}},{"type":"Feature","properties":{"stop_id":"2526005","stop_name":"El Segundo Blvd & Slater Ave","location_type":0,"stop_timezone":"America/Los_Angeles","wheelchair_boarding":0,"stop_city":"Compton","routes":[{"route_id":"13068","agency_id":"1466","route_long_name":"The Link - Willowbrook A","route_type":3,"route_url":"https://dpw.lacounty.gov/transit/TheLinkWillowbrook.aspx","route_color":"#4aada1","route_text_color":"#ffffff","route_sort_order":18,"continuous_pickup":1,"continuous_drop_off":1}],"agency_name":"LA Go Bus"},"geometry":{"type":"Point","coordinates":[-118.248802,33.916383]}},{"type":"Feature","properties":{"stop_id":"2526007","stop_name":"120th St & Slater Ave","location_type":0,"stop_timezone":"America/Los_Angeles","wheelchair_boarding":0,"stop_city":"Willowbrook","routes":[{"route_id":"13068","agency_id":"1466","route_long_name":"The Link - Willowbrook A","route_type":3,"route_url":"https://dpw.lacounty.gov/transit/TheLinkWillowbrook.aspx","route_color":"#4aada1","route_text_color":"#ffffff","route_sort_order":18,"continuous_pickup":1,"continuous_drop_off":1}],"agency_name":"LA Go Bus"},"geometry":{"type":"Point","coordinates":[-118.249894,33.923824]}},{"type":"Feature","properties":{"stop_id":"2526008","stop_name":"Elva Ave & 120th St","location_type":0,"stop_timezone":"America/Los_Angeles","wheelchair_boarding":0,"stop_city":"Willowbrook","routes":[{"route_id":"13068","agency_id":"1466","route_long_name":"The Link - Willowbrook A","route_type":3,"route_url":"https://dpw.lacounty.gov/transit/TheLinkWillowbrook.aspx","route_color":"#4aada1","route_text_color":"#ffffff","route_sort_order":18,"continuous_pickup":1,"continuous_drop_off":1}],"agency_name":"LA Go Bus"},"geometry":{"type":"Point","coordinates":[-118.252474,33.922957]}},{"type":"Feature","properties":{"stop_id":"2526009","stop_name":"Central Ave & 123rd St","location_type":0,"stop_timezone":"America/Los_Angeles","wheelchair_boarding":0,"stop_city":"Willowbrook","routes":[{"route_id":"13068","agency_id":"1466","route_long_name":"The Link - Willowbrook A","route_type":3,"route_url":"https://dpw.lacounty.gov/transit/TheLinkWillowbrook.aspx","route_color":"#4aada1","route_text_color":"#ffffff","route_sort_order":18,"continuous_pickup":1,"continuous_drop_off":1}],"agency_name":"LA Go Bus"},"geometry":{"type":"Point","coordinates":[-118.254014,33.920525]}},{"type":"Feature","properties":{"stop_id":"2526010","stop_name":"123rd St & Elva Ave","location_type":0,"stop_timezone":"America/Los_Angeles","wheelchair_boarding":0,"stop_city":"Willowbrook","routes":[{"route_id":"13068","agency_id":"1466","route_long_name":"The Link - Willowbrook A","route_type":3,"route_url":"https://dpw.lacounty.gov/transit/TheLinkWillowbrook.aspx","route_color":"#4aada1","route_text_color":"#ffffff","route_sort_order":18,"continuous_pickup":1,"continuous_drop_off":1}],"agency_name":"LA Go Bus"},"geometry":{"type":"Point","coordinates":[-118.251838,33.920624]}},{"type":"Feature","properties":{"stop_id":"2526011","stop_name":"Central Ave & 127th St","location_type":0,"stop_timezone":"America/Los_Angeles","wheelchair_boarding":0,"stop_city":"Willowbrook","routes":[{"route_id":"13068","agency_id":"1466","route_long_name":"The Link - Willowbrook A","route_type":3,"route_url":"https://dpw.lacounty.gov/transit/TheLinkWillowbrook.aspx","route_color":"#4aada1","route_text_color":"#ffffff","route_sort_order":18,"continuous_pickup":1,"continuous_drop_off":1}],"agency_name":"LA Go Bus"},"geometry":{"type":"Point","coordinates":[-118.254535,33.917878]}},{"type":"Feature","properties":{"stop_id":"2526012","stop_name":"El Segundo Blvd & Keene Ave","location_type":0,"stop_timezone":"America/Los_Angeles","wheelchair_boarding":0,"stop_city":"Willowbrook","routes":[{"route_id":"13068","agency_id":"1466","route_long_name":"The Link - Willowbrook A","route_type":3,"route_url":"https://dpw.lacounty.gov/transit/TheLinkWillowbrook.aspx","route_color":"#4aada1","route_text_color":"#ffffff","route_sort_order":18,"continuous_pickup":1,"continuous_drop_off":1}],"agency_name":"LA Go Bus"},"geometry":{"type":"Point","coordinates":[-118.257332,33.916477]}},{"type":"Feature","properties":{"stop_id":"2526013","stop_name":"El Segundo Blvd & Avalon Blvd","location_type":0,"stop_timezone":"America/Los_Angeles","wheelchair_boarding":0,"stop_city":"Willowbrook","routes":[{"route_id":"13068","agency_id":"1466","route_long_name":"The Link - Willowbrook A","route_type":3,"route_url":"https://dpw.lacounty.gov/transit/TheLinkWillowbrook.aspx","route_color":"#4aada1","route_text_color":"#ffffff","route_sort_order":18,"continuous_pickup":1,"continuous_drop_off":1}],"agency_name":"LA Go Bus"},"geometry":{"type":"Point","coordinates":[-118.265962,33.916541]}},{"type":"Feature","properties":{"stop_id":"2526014","stop_name":"El Segundo Blvd & McKinley Ave","location_type":0,"stop_timezone":"America/Los_Angeles","wheelchair_boarding":0,"stop_city":"Willowbrook","routes":[{"route_id":"13068","agency_id":"1466","route_long_name":"The Link - Willowbrook A","route_type":3,"route_url":"https://dpw.lacounty.gov/transit/TheLinkWillowbrook.aspx","route_color":"#4aada1","route_text_color":"#ffffff","route_sort_order":18,"continuous_pickup":1,"continuous_drop_off":1}],"agency_name":"LA Go Bus"},"geometry":{"type":"Point","coordinates":[-118.261252,33.916482]}},{"type":"Feature","properties":{"stop_id":"2526015","stop_name":"El Segundo Blvd & San Pedro St","location_type":0,"stop_timezone":"America/Los_Angeles","wheelchair_boarding":0,"stop_city":"Willowbrook","routes":[{"route_id":"13068","agency_id":"1466","route_long_name":"The Link - Willowbrook A","route_type":3,"route_url":"https://dpw.lacounty.gov/transit/TheLinkWillowbrook.aspx","route_color":"#4aada1","route_text_color":"#ffffff","route_sort_order":18,"continuous_pickup":1,"continuous_drop_off":1}],"agency_name":"LA Go Bus"},"geometry":{"type":"Point","coordinates":[-118.269483,33.916773]}},{"type":"Feature","properties":{"stop_id":"2526016","stop_name":"San Pedro St & 126th St","location_type":0,"stop_timezone":"America/Los_Angeles","wheelchair_boarding":0,"stop_city":"Los Angeles","routes":[{"route_id":"13068","agency_id":"1466","route_long_name":"The Link - Willowbrook A","route_type":3,"route_url":"https://dpw.lacounty.gov/transit/TheLinkWillowbrook.aspx","route_color":"#4aada1","route_text_color":"#ffffff","route_sort_order":18,"continuous_pickup":1,"continuous_drop_off":1}],"agency_name":"LA Go Bus"},"geometry":{"type":"Point","coordinates":[-118.269474,33.918726]}},{"type":"Feature","properties":{"stop_id":"2526017","stop_name":"San Pedro St & 122nd St","location_type":0,"stop_timezone":"America/Los_Angeles","wheelchair_boarding":0,"stop_city":"Los Angeles","routes":[{"route_id":"13068","agency_id":"1466","route_long_name":"The Link - Willowbrook A","route_type":3,"route_url":"https://dpw.lacounty.gov/transit/TheLinkWillowbrook.aspx","route_color":"#4aada1","route_text_color":"#ffffff","route_sort_order":18,"continuous_pickup":1,"continuous_drop_off":1}],"agency_name":"LA Go Bus"},"geometry":{"type":"Point","coordinates":[-118.269463,33.921103]}},{"type":"Feature","properties":{"stop_id":"2526018","stop_name":"San Pedro St & 120th St","location_type":0,"stop_timezone":"America/Los_Angeles","wheelchair_boarding":0,"stop_city":"Los Angeles","routes":[{"route_id":"13068","agency_id":"1466","route_long_name":"The Link - Willowbrook A","route_type":3,"route_url":"https://dpw.lacounty.gov/transit/TheLinkWillowbrook.aspx","route_color":"#4aada1","route_text_color":"#ffffff","route_sort_order":18,"continuous_pickup":1,"continuous_drop_off":1}],"agency_name":"LA Go Bus"},"geometry":{"type":"Point","coordinates":[-118.269295,33.923634]}},{"type":"Feature","properties":{"stop_id":"2526019","stop_name":"Avalon Blvd & 120th St","location_type":0,"stop_timezone":"America/Los_Angeles","wheelchair_boarding":0,"stop_city":"Los Angeles","routes":[{"route_id":"13068","agency_id":"1466","route_long_name":"The Link - Willowbrook A","route_type":3,"route_url":"https://dpw.lacounty.gov/transit/TheLinkWillowbrook.aspx","route_color":"#4aada1","route_text_color":"#ffffff","route_sort_order":18,"continuous_pickup":1,"continuous_drop_off":1}],"agency_name":"LA Go Bus"},"geometry":{"type":"Point","coordinates":[-118.265093,33.924038]}},{"type":"Feature","properties":{"stop_id":"2526020","stop_name":"Avalon Blvd & Metro Rail Station","location_type":0,"stop_timezone":"America/Los_Angeles","wheelchair_boarding":0,"stop_city":"Los Angeles","routes":[{"route_id":"13068","agency_id":"1466","route_long_name":"The Link - Willowbrook A","route_type":3,"route_url":"https://dpw.lacounty.gov/transit/TheLinkWillowbrook.aspx","route_color":"#4aada1","route_text_color":"#ffffff","route_sort_order":18,"continuous_pickup":1,"continuous_drop_off":1}],"agency_name":"LA Go Bus"},"geometry":{"type":"Point","coordinates":[-118.26506,33.927479]}},{"type":"Feature","properties":{"stop_id":"2526021","stop_name":"Imperal Hwy & Avalon Blvd","location_type":0,"stop_timezone":"America/Los_Angeles","wheelchair_boarding":0,"stop_city":"Los Angeles","routes":[{"route_id":"13068","agency_id":"1466","route_long_name":"The Link - Willowbrook A","route_type":3,"route_url":"https://dpw.lacounty.gov/transit/TheLinkWillowbrook.aspx","route_color":"#4aada1","route_text_color":"#ffffff","route_sort_order":18,"continuous_pickup":1,"continuous_drop_off":1}],"agency_name":"LA Go Bus"},"geometry":{"type":"Point","coordinates":[-118.265606,33.931175]}},{"type":"Feature","properties":{"stop_id":"2526022","stop_name":"Imperal Hwy & San Pedro St","location_type":0,"stop_timezone":"America/Los_Angeles","wheelchair_boarding":0,"stop_city":"Los Angeles","routes":[{"route_id":"13068","agency_id":"1466","route_long_name":"The Link - Willowbrook A","route_type":3,"route_url":"https://dpw.lacounty.gov/transit/TheLinkWillowbrook.aspx","route_color":"#4aada1","route_text_color":"#ffffff","route_sort_order":18,"continuous_pickup":1,"continuous_drop_off":1}],"agency_name":"LA Go Bus"},"geometry":{"type":"Point","coordinates":[-118.269363,33.931324]}},{"type":"Feature","properties":{"stop_id":"2526023","stop_name":"Imperal Hwy & Main St","location_type":0,"stop_timezone":"America/Los_Angeles","wheelchair_boarding":0,"stop_city":"Los Angeles","routes":[{"route_id":"13068","agency_id":"1466","route_long_name":"The Link - Willowbrook A","route_type":3,"route_url":"https://dpw.lacounty.gov/transit/TheLinkWillowbrook.aspx","route_color":"#4aada1","route_text_color":"#ffffff","route_sort_order":18,"continuous_pickup":1,"continuous_drop_off":1}],"agency_name":"LA Go Bus"},"geometry":{"type":"Point","coordinates":[-118.273975,33.930717]}},{"type":"Feature","properties":{"stop_id":"2526024","stop_name":"Broadway & 120th St","location_type":0,"stop_timezone":"America/Los_Angeles","wheelchair_boarding":0,"stop_city":"Los Angeles","routes":[{"route_id":"13068","agency_id":"1466","route_long_name":"The Link - Willowbrook A","route_type":3,"route_url":"https://dpw.lacounty.gov/transit/TheLinkWillowbrook.aspx","route_color":"#4aada1","route_text_color":"#ffffff","route_sort_order":18,"continuous_pickup":1,"continuous_drop_off":1}],"agency_name":"LA Go Bus"},"geometry":{"type":"Point","coordinates":[-118.278369,33.923374]}},{"type":"Feature","properties":{"stop_id":"2526025","stop_name":"Broadway & 124th St","location_type":0,"stop_timezone":"America/Los_Angeles","wheelchair_boarding":0,"stop_city":"Willowbrook","routes":[{"route_id":"13068","agency_id":"1466","route_long_name":"The Link - Willowbrook A","route_type":3,"route_url":"https://dpw.lacounty.gov/transit/TheLinkWillowbrook.aspx","route_color":"#4aada1","route_text_color":"#ffffff","route_sort_order":18,"continuous_pickup":1,"continuous_drop_off":1}],"agency_name":"LA Go Bus"},"geometry":{"type":"Point","coordinates":[-118.278417,33.919688]}},{"type":"Feature","properties":{"stop_id":"2526026","stop_name":"127th St & Broadway","location_type":0,"stop_timezone":"America/Los_Angeles","wheelchair_boarding":0,"stop_city":"Willowbrook","routes":[{"route_id":"13068","agency_id":"1466","route_long_name":"The Link - Willowbrook A","route_type":3,"route_url":"https://dpw.lacounty.gov/transit/TheLinkWillowbrook.aspx","route_color":"#4aada1","route_text_color":"#ffffff","route_sort_order":18,"continuous_pickup":1,"continuous_drop_off":1}],"agency_name":"LA Go Bus"},"geometry":{"type":"Point","coordinates":[-118.27803,33.917599]}},{"type":"Feature","properties":{"stop_id":"2526027","stop_name":"127th St & 207 Block","location_type":0,"stop_timezone":"America/Los_Angeles","wheelchair_boarding":0,"stop_city":"Willowbrook","routes":[{"route_id":"13068","agency_id":"1466","route_long_name":"The Link - Willowbrook A","route_type":3,"route_url":"https://dpw.lacounty.gov/transit/TheLinkWillowbrook.aspx","route_color":"#4aada1","route_text_color":"#ffffff","route_sort_order":18,"continuous_pickup":1,"continuous_drop_off":1}],"agency_name":"LA Go Bus"},"geometry":{"type":"Point","coordinates":[-118.276345,33.917595]}},{"type":"Feature","properties":{"stop_id":"2526028","stop_name":"Main St & El Segundo Blvd","location_type":0,"stop_timezone":"America/Los_Angeles","wheelchair_boarding":0,"stop_city":"Willowbrook","routes":[{"route_id":"13068","agency_id":"1466","route_long_name":"The Link - Willowbrook A","route_type":3,"route_url":"https://dpw.lacounty.gov/transit/TheLinkWillowbrook.aspx","route_color":"#4aada1","route_text_color":"#ffffff","route_sort_order":18,"continuous_pickup":1,"continuous_drop_off":1}],"agency_name":"LA Go Bus"},"geometry":{"type":"Point","coordinates":[-118.274078,33.91621]}},{"type":"Feature","properties":{"stop_id":"2526029","stop_name":"127th St & Main St","location_type":0,"stop_timezone":"America/Los_Angeles","wheelchair_boarding":0,"stop_city":"Willowbrook","routes":[{"route_id":"13068","agency_id":"1466","route_long_name":"The Link - Willowbrook A","route_type":3,"route_url":"https://dpw.lacounty.gov/transit/TheLinkWillowbrook.aspx","route_color":"#4aada1","route_text_color":"#ffffff","route_sort_order":18,"continuous_pickup":1,"continuous_drop_off":1}],"agency_name":"LA Go Bus"},"geometry":{"type":"Point","coordinates":[-118.274129,33.917594]}},{"type":"Feature","properties":{"stop_id":"2526030","stop_name":"132nd St & Main St","location_type":0,"stop_timezone":"America/Los_Angeles","wheelchair_boarding":0,"stop_city":"Willowbrook","routes":[{"route_id":"13068","agency_id":"1466","route_long_name":"The Link - Willowbrook A","route_type":3,"route_url":"https://dpw.lacounty.gov/transit/TheLinkWillowbrook.aspx","route_color":"#4aada1","route_text_color":"#ffffff","route_sort_order":18,"continuous_pickup":1,"continuous_drop_off":1}],"agency_name":"LA Go Bus"},"geometry":{"type":"Point","coordinates":[-118.27305,33.91273]}},{"type":"Feature","properties":{"stop_id":"2526031","stop_name":"132nd St & Jarvis Ave","location_type":0,"stop_timezone":"America/Los_Angeles","wheelchair_boarding":0,"stop_city":"Willowbrook","routes":[{"route_id":"13068","agency_id":"1466","route_long_name":"The Link - Willowbrook A","route_type":3,"route_url":"https://dpw.lacounty.gov/transit/TheLinkWillowbrook.aspx","route_color":"#4aada1","route_text_color":"#ffffff","route_sort_order":18,"continuous_pickup":1,"continuous_drop_off":1}],"agency_name":"LA Go Bus"},"geometry":{"type":"Point","coordinates":[-118.27202,33.912723]}},{"type":"Feature","properties":{"stop_id":"2526032","stop_name":"130th St & Jarvis Ave","location_type":0,"stop_timezone":"America/Los_Angeles","wheelchair_boarding":0,"stop_city":"Willowbrook","routes":[{"route_id":"13068","agency_id":"1466","route_long_name":"The Link - Willowbrook A","route_type":3,"route_url":"https://dpw.lacounty.gov/transit/TheLinkWillowbrook.aspx","route_color":"#4aada1","route_text_color":"#ffffff","route_sort_order":18,"continuous_pickup":1,"continuous_drop_off":1}],"agency_name":"LA Go Bus"},"geometry":{"type":"Point","coordinates":[-118.271717,33.914418]}},{"type":"Feature","properties":{"stop_id":"2526033","stop_name":"130th St & San Pedro St","location_type":0,"stop_timezone":"America/Los_Angeles","wheelchair_boarding":0,"stop_city":"Willowbrook","routes":[{"route_id":"13068","agency_id":"1466","route_long_name":"The Link - Willowbrook A","route_type":3,"route_url":"https://dpw.lacounty.gov/transit/TheLinkWillowbrook.aspx","route_color":"#4aada1","route_text_color":"#ffffff","route_sort_order":18,"continuous_pickup":1,"continuous_drop_off":1}],"agency_name":"LA Go Bus"},"geometry":{"type":"Point","coordinates":[-118.269818,33.914553]}},{"type":"Feature","properties":{"stop_id":"2526034","stop_name":"San Pedro St & 132nd St","location_type":0,"stop_timezone":"America/Los_Angeles","wheelchair_boarding":0,"stop_city":"Willowbrook","routes":[{"route_id":"13068","agency_id":"1466","route_long_name":"The Link - Willowbrook A","route_type":3,"route_url":"https://dpw.lacounty.gov/transit/TheLinkWillowbrook.aspx","route_color":"#4aada1","route_text_color":"#ffffff","route_sort_order":18,"continuous_pickup":1,"continuous_drop_off":1}],"agency_name":"LA Go Bus"},"geometry":{"type":"Point","coordinates":[-118.269723,33.912576]}},{"type":"Feature","properties":{"stop_id":"2526035","stop_name":"San Pedro St & 135th St","location_type":0,"stop_timezone":"America/Los_Angeles","wheelchair_boarding":0,"stop_city":"Willowbrook","routes":[{"route_id":"13068","agency_id":"1466","route_long_name":"The Link - Willowbrook A","route_type":3,"route_url":"https://dpw.lacounty.gov/transit/TheLinkWillowbrook.aspx","route_color":"#4aada1","route_text_color":"#ffffff","route_sort_order":18,"continuous_pickup":1,"continuous_drop_off":1}],"agency_name":"LA Go Bus"},"geometry":{"type":"Point","coordinates":[-118.269754,33.908844]}},{"type":"Feature","properties":{"stop_id":"2526036","stop_name":"San Pedro St & 132nd St","location_type":0,"stop_timezone":"America/Los_Angeles","wheelchair_boarding":0,"stop_city":"Willowbrook","routes":[{"route_id":"13068","agency_id":"1466","route_long_name":"The Link - Willowbrook A","route_type":3,"route_url":"https://dpw.lacounty.gov/transit/TheLinkWillowbrook.aspx","route_color":"#4aada1","route_text_color":"#ffffff","route_sort_order":18,"continuous_pickup":1,"continuous_drop_off":1}],"agency_name":"LA Go Bus"},"geometry":{"type":"Point","coordinates":[-118.269523,33.912606]}},{"type":"Feature","properties":{"stop_id":"2526037","stop_name":"San Pedro St & 135th St","location_type":0,"stop_timezone":"America/Los_Angeles","wheelchair_boarding":0,"stop_city":"Willowbrook","routes":[{"route_id":"13068","agency_id":"1466","route_long_name":"The Link - Willowbrook A","route_type":3,"route_url":"https://dpw.lacounty.gov/transit/TheLinkWillowbrook.aspx","route_color":"#4aada1","route_text_color":"#ffffff","route_sort_order":18,"continuous_pickup":1,"continuous_drop_off":1}],"agency_name":"LA Go Bus"},"geometry":{"type":"Point","coordinates":[-118.269542,33.909397]}},{"type":"Feature","properties":{"stop_id":"2526038","stop_name":"130th St & San Pedro St","location_type":0,"stop_timezone":"America/Los_Angeles","wheelchair_boarding":0,"stop_city":"Willowbrook","routes":[{"route_id":"13068","agency_id":"1466","route_long_name":"The Link - Willowbrook A","route_type":3,"route_url":"https://dpw.lacounty.gov/transit/TheLinkWillowbrook.aspx","route_color":"#4aada1","route_text_color":"#ffffff","route_sort_order":18,"continuous_pickup":1,"continuous_drop_off":1}],"agency_name":"LA Go Bus"},"geometry":{"type":"Point","coordinates":[-118.269914,33.914654]}},{"type":"Feature","properties":{"stop_id":"2526039","stop_name":"130th St & Jarvis Ave","location_type":0,"stop_timezone":"America/Los_Angeles","wheelchair_boarding":0,"stop_city":"Willowbrook","routes":[{"route_id":"13068","agency_id":"1466","route_long_name":"The Link - Willowbrook A","route_type":3,"route_url":"https://dpw.lacounty.gov/transit/TheLinkWillowbrook.aspx","route_color":"#4aada1","route_text_color":"#ffffff","route_sort_order":18,"continuous_pickup":1,"continuous_drop_off":1}],"agency_name":"LA Go Bus"},"geometry":{"type":"Point","coordinates":[-118.271671,33.914658]}},{"type":"Feature","properties":{"stop_id":"2526040","stop_name":"132nd St & Jarvis Ave","location_type":0,"stop_timezone":"America/Los_Angeles","wheelchair_boarding":0,"stop_city":"Willowbrook","routes":[{"route_id":"13068","agency_id":"1466","route_long_name":"The Link - Willowbrook A","route_type":3,"route_url":"https://dpw.lacounty.gov/transit/TheLinkWillowbrook.aspx","route_color":"#4aada1","route_text_color":"#ffffff","route_sort_order":18,"continuous_pickup":1,"continuous_drop_off":1}],"agency_name":"LA Go Bus"},"geometry":{"type":"Point","coordinates":[-118.272021,33.912853]}},{"type":"Feature","properties":{"stop_id":"2526041","stop_name":"132nd St & Main St","location_type":0,"stop_timezone":"America/Los_Angeles","wheelchair_boarding":0,"stop_city":"Willowbrook","routes":[{"route_id":"13068","agency_id":"1466","route_long_name":"The Link - Willowbrook A","route_type":3,"route_url":"https://dpw.lacounty.gov/transit/TheLinkWillowbrook.aspx","route_color":"#4aada1","route_text_color":"#ffffff","route_sort_order":18,"continuous_pickup":1,"continuous_drop_off":1}],"agency_name":"LA Go Bus"},"geometry":{"type":"Point","coordinates":[-118.273782,33.912859]}},{"type":"Feature","properties":{"stop_id":"2526042","stop_name":"Main St & El Segundo Blvd","location_type":0,"stop_timezone":"America/Los_Angeles","wheelchair_boarding":0,"stop_city":"Willowbrook","routes":[{"route_id":"13068","agency_id":"1466","route_long_name":"The Link - Willowbrook A","route_type":3,"route_url":"https://dpw.lacounty.gov/transit/TheLinkWillowbrook.aspx","route_color":"#4aada1","route_text_color":"#ffffff","route_sort_order":18,"continuous_pickup":1,"continuous_drop_off":1}],"agency_name":"LA Go Bus"},"geometry":{"type":"Point","coordinates":[-118.273797,33.916842]}},{"type":"Feature","properties":{"stop_id":"2526043","stop_name":"127th St & 207 Block","location_type":0,"stop_timezone":"America/Los_Angeles","wheelchair_boarding":0,"stop_city":"Willowbrook","routes":[{"route_id":"13068","agency_id":"1466","route_long_name":"The Link - Willowbrook A","route_type":3,"route_url":"https://dpw.lacounty.gov/transit/TheLinkWillowbrook.aspx","route_color":"#4aada1","route_text_color":"#ffffff","route_sort_order":18,"continuous_pickup":1,"continuous_drop_off":1}],"agency_name":"LA Go Bus"},"geometry":{"type":"Point","coordinates":[-118.276307,33.917713]}},{"type":"Feature","properties":{"stop_id":"2526044","stop_name":"127th St & Main St","location_type":0,"stop_timezone":"America/Los_Angeles","wheelchair_boarding":0,"stop_city":"Willowbrook","routes":[{"route_id":"13068","agency_id":"1466","route_long_name":"The Link - Willowbrook A","route_type":3,"route_url":"https://dpw.lacounty.gov/transit/TheLinkWillowbrook.aspx","route_color":"#4aada1","route_text_color":"#ffffff","route_sort_order":18,"continuous_pickup":1,"continuous_drop_off":1}],"agency_name":"LA Go Bus"},"geometry":{"type":"Point","coordinates":[-118.274198,33.917708]}},{"type":"Feature","properties":{"stop_id":"2526045","stop_name":"127th St & Broadway","location_type":0,"stop_timezone":"America/Los_Angeles","wheelchair_boarding":0,"stop_city":"Willowbrook","routes":[{"route_id":"13068","agency_id":"1466","route_long_name":"The Link - Willowbrook A","route_type":3,"route_url":"https://dpw.lacounty.gov/transit/TheLinkWillowbrook.aspx","route_color":"#4aada1","route_text_color":"#ffffff","route_sort_order":18,"continuous_pickup":1,"continuous_drop_off":1}],"agency_name":"LA Go Bus"},"geometry":{"type":"Point","coordinates":[-118.278031,33.917718]}},{"type":"Feature","properties":{"stop_id":"2526046","stop_name":"Broadway & 124th St","location_type":0,"stop_timezone":"America/Los_Angeles","wheelchair_boarding":0,"stop_city":"Willowbrook","routes":[{"route_id":"13068","agency_id":"1466","route_long_name":"The Link - Willowbrook A","route_type":3,"route_url":"https://dpw.lacounty.gov/transit/TheLinkWillowbrook.aspx","route_color":"#4aada1","route_text_color":"#ffffff","route_sort_order":18,"continuous_pickup":1,"continuous_drop_off":1}],"agency_name":"LA Go Bus"},"geometry":{"type":"Point","coordinates":[-118.278124,33.920378]}},{"type":"Feature","properties":{"stop_id":"2526047","stop_name":"Broadway & 120th St","location_type":0,"stop_timezone":"America/Los_Angeles","wheelchair_boarding":0,"stop_city":"Los Angeles","routes":[{"route_id":"13068","agency_id":"1466","route_long_name":"The Link - Willowbrook A","route_type":3,"route_url":"https://dpw.lacounty.gov/transit/TheLinkWillowbrook.aspx","route_color":"#4aada1","route_text_color":"#ffffff","route_sort_order":18,"continuous_pickup":1,"continuous_drop_off":1}],"agency_name":"LA Go Bus"},"geometry":{"type":"Point","coordinates":[-118.278078,33.922986]}},{"type":"Feature","properties":{"stop_id":"2526048","stop_name":"Imperal Hwy & Main St","location_type":0,"stop_timezone":"America/Los_Angeles","wheelchair_boarding":0,"stop_city":"Los Angeles","routes":[{"route_id":"13068","agency_id":"1466","route_long_name":"The Link - Willowbrook A","route_type":3,"route_url":"https://dpw.lacounty.gov/transit/TheLinkWillowbrook.aspx","route_color":"#4aada1","route_text_color":"#ffffff","route_sort_order":18,"continuous_pickup":1,"continuous_drop_off":1}],"agency_name":"LA Go Bus"},"geometry":{"type":"Point","coordinates":[-118.273574,33.930896]}},{"type":"Feature","properties":{"stop_id":"2526049","stop_name":"Imperal Hwy & San Pedro St","location_type":0,"stop_timezone":"America/Los_Angeles","wheelchair_boarding":0,"stop_city":"Los Angeles","routes":[{"route_id":"13068","agency_id":"1466","route_long_name":"The Link - Willowbrook A","route_type":3,"route_url":"https://dpw.lacounty.gov/transit/TheLinkWillowbrook.aspx","route_color":"#4aada1","route_text_color":"#ffffff","route_sort_order":18,"continuous_pickup":1,"continuous_drop_off":1}],"agency_name":"LA Go Bus"},"geometry":{"type":"Point","coordinates":[-118.26976,33.931035]}},{"type":"Feature","properties":{"stop_id":"2526050","stop_name":"Imperal Hwy & Avalon Blvd","location_type":0,"stop_timezone":"America/Los_Angeles","wheelchair_boarding":0,"stop_city":"Los Angeles","routes":[{"route_id":"13068","agency_id":"1466","route_long_name":"The Link - Willowbrook A","route_type":3,"route_url":"https://dpw.lacounty.gov/transit/TheLinkWillowbrook.aspx","route_color":"#4aada1","route_text_color":"#ffffff","route_sort_order":18,"continuous_pickup":1,"continuous_drop_off":1}],"agency_name":"LA Go Bus"},"geometry":{"type":"Point","coordinates":[-118.265512,33.930941]}},{"type":"Feature","properties":{"stop_id":"2526051","stop_name":"Avalon Blvd & Metro Rail Station","location_type":0,"stop_timezone":"America/Los_Angeles","wheelchair_boarding":0,"stop_city":"Los Angeles","routes":[{"route_id":"13068","agency_id":"1466","route_long_name":"The Link - Willowbrook A","route_type":3,"route_url":"https://dpw.lacounty.gov/transit/TheLinkWillowbrook.aspx","route_color":"#4aada1","route_text_color":"#ffffff","route_sort_order":18,"continuous_pickup":1,"continuous_drop_off":1}],"agency_name":"LA Go Bus"},"geometry":{"type":"Point","coordinates":[-118.265323,33.927479]}},{"type":"Feature","properties":{"stop_id":"2526052","stop_name":"Avalon Blvd & 120th St","location_type":0,"stop_timezone":"America/Los_Angeles","wheelchair_boarding":0,"stop_city":"Los Angeles","routes":[{"route_id":"13068","agency_id":"1466","route_long_name":"The Link - Willowbrook A","route_type":3,"route_url":"https://dpw.lacounty.gov/transit/TheLinkWillowbrook.aspx","route_color":"#4aada1","route_text_color":"#ffffff","route_sort_order":18,"continuous_pickup":1,"continuous_drop_off":1}],"agency_name":"LA Go Bus"},"geometry":{"type":"Point","coordinates":[-118.26531,33.923882]}},{"type":"Feature","properties":{"stop_id":"2526053","stop_name":"San Pedro St & 120th St","location_type":0,"stop_timezone":"America/Los_Angeles","wheelchair_boarding":0,"stop_city":"Los Angeles","routes":[{"route_id":"13068","agency_id":"1466","route_long_name":"The Link - Willowbrook A","route_type":3,"route_url":"https://dpw.lacounty.gov/transit/TheLinkWillowbrook.aspx","route_color":"#4aada1","route_text_color":"#ffffff","route_sort_order":18,"continuous_pickup":1,"continuous_drop_off":1}],"agency_name":"LA Go Bus"},"geometry":{"type":"Point","coordinates":[-118.26966,33.923531]}},{"type":"Feature","properties":{"stop_id":"2526054","stop_name":"San Pedro St & 122nd St","location_type":0,"stop_timezone":"America/Los_Angeles","wheelchair_boarding":0,"stop_city":"Los Angeles","routes":[{"route_id":"13068","agency_id":"1466","route_long_name":"The Link - Willowbrook A","route_type":3,"route_url":"https://dpw.lacounty.gov/transit/TheLinkWillowbrook.aspx","route_color":"#4aada1","route_text_color":"#ffffff","route_sort_order":18,"continuous_pickup":1,"continuous_drop_off":1}],"agency_name":"LA Go Bus"},"geometry":{"type":"Point","coordinates":[-118.269667,33.921571]}},{"type":"Feature","properties":{"stop_id":"2526055","stop_name":"San Pedro St & 126th St","location_type":0,"stop_timezone":"America/Los_Angeles","wheelchair_boarding":0,"stop_city":"Los Angeles","routes":[{"route_id":"13068","agency_id":"1466","route_long_name":"The Link - Willowbrook A","route_type":3,"route_url":"https://dpw.lacounty.gov/transit/TheLinkWillowbrook.aspx","route_color":"#4aada1","route_text_color":"#ffffff","route_sort_order":18,"continuous_pickup":1,"continuous_drop_off":1}],"agency_name":"LA Go Bus"},"geometry":{"type":"Point","coordinates":[-118.269674,33.919006]}},{"type":"Feature","properties":{"stop_id":"2526056","stop_name":"El Segundo Blvd & San Pedro St","location_type":0,"stop_timezone":"America/Los_Angeles","wheelchair_boarding":0,"stop_city":"Willowbrook","routes":[{"route_id":"13068","agency_id":"1466","route_long_name":"The Link - Willowbrook A","route_type":3,"route_url":"https://dpw.lacounty.gov/transit/TheLinkWillowbrook.aspx","route_color":"#4aada1","route_text_color":"#ffffff","route_sort_order":18,"continuous_pickup":1,"continuous_drop_off":1}],"agency_name":"LA Go Bus"},"geometry":{"type":"Point","coordinates":[-118.269269,33.916303]}},{"type":"Feature","properties":{"stop_id":"2526057","stop_name":"El Segundo Blvd & Avalon Blvd","location_type":0,"stop_timezone":"America/Los_Angeles","wheelchair_boarding":0,"stop_city":"Willowbrook","routes":[{"route_id":"13068","agency_id":"1466","route_long_name":"The Link - Willowbrook A","route_type":3,"route_url":"https://dpw.lacounty.gov/transit/TheLinkWillowbrook.aspx","route_color":"#4aada1","route_text_color":"#ffffff","route_sort_order":18,"continuous_pickup":1,"continuous_drop_off":1}],"agency_name":"LA Go Bus"},"geometry":{"type":"Point","coordinates":[-118.264742,33.91631]}},{"type":"Feature","properties":{"stop_id":"2526058","stop_name":"El Segundo Blvd & McKinley Ave","location_type":0,"stop_timezone":"America/Los_Angeles","wheelchair_boarding":0,"stop_city":"Willowbrook","routes":[{"route_id":"13068","agency_id":"1466","route_long_name":"The Link - Willowbrook A","route_type":3,"route_url":"https://dpw.lacounty.gov/transit/TheLinkWillowbrook.aspx","route_color":"#4aada1","route_text_color":"#ffffff","route_sort_order":18,"continuous_pickup":1,"continuous_drop_off":1}],"agency_name":"LA Go Bus"},"geometry":{"type":"Point","coordinates":[-118.261104,33.91624]}},{"type":"Feature","properties":{"stop_id":"2526059","stop_name":"El Segundo Blvd & Keene Ave","location_type":0,"stop_timezone":"America/Los_Angeles","wheelchair_boarding":0,"stop_city":"Willowbrook","routes":[{"route_id":"13068","agency_id":"1466","route_long_name":"The Link - Willowbrook A","route_type":3,"route_url":"https://dpw.lacounty.gov/transit/TheLinkWillowbrook.aspx","route_color":"#4aada1","route_text_color":"#ffffff","route_sort_order":18,"continuous_pickup":1,"continuous_drop_off":1}],"agency_name":"LA Go Bus"},"geometry":{"type":"Point","coordinates":[-118.257153,33.916245]}},{"type":"Feature","properties":{"stop_id":"2526060","stop_name":"Central Ave & 127th St","location_type":0,"stop_timezone":"America/Los_Angeles","wheelchair_boarding":0,"stop_city":"Compton","routes":[{"route_id":"13068","agency_id":"1466","route_long_name":"The Link - Willowbrook A","route_type":3,"route_url":"https://dpw.lacounty.gov/transit/TheLinkWillowbrook.aspx","route_color":"#4aada1","route_text_color":"#ffffff","route_sort_order":18,"continuous_pickup":1,"continuous_drop_off":1}],"agency_name":"LA Go Bus"},"geometry":{"type":"Point","coordinates":[-118.254272,33.917353]}},{"type":"Feature","properties":{"stop_id":"2526061","stop_name":"Central Ave & 123rd St","location_type":0,"stop_timezone":"America/Los_Angeles","wheelchair_boarding":0,"stop_city":"Compton","routes":[{"route_id":"13068","agency_id":"1466","route_long_name":"The Link - Willowbrook A","route_type":3,"route_url":"https://dpw.lacounty.gov/transit/TheLinkWillowbrook.aspx","route_color":"#4aada1","route_text_color":"#ffffff","route_sort_order":18,"continuous_pickup":1,"continuous_drop_off":1}],"agency_name":"LA Go Bus"},"geometry":{"type":"Point","coordinates":[-118.254237,33.920267]}},{"type":"Feature","properties":{"stop_id":"2526062","stop_name":"123rd St & Elva Ave","location_type":0,"stop_timezone":"America/Los_Angeles","wheelchair_boarding":0,"stop_city":"Willowbrook","routes":[{"route_id":"13068","agency_id":"1466","route_long_name":"The Link - Willowbrook A","route_type":3,"route_url":"https://dpw.lacounty.gov/transit/TheLinkWillowbrook.aspx","route_color":"#4aada1","route_text_color":"#ffffff","route_sort_order":18,"continuous_pickup":1,"continuous_drop_off":1}],"agency_name":"LA Go Bus"},"geometry":{"type":"Point","coordinates":[-118.251837,33.920372]}},{"type":"Feature","properties":{"stop_id":"2526063","stop_name":"Elva Ave & 120th St","location_type":0,"stop_timezone":"America/Los_Angeles","wheelchair_boarding":0,"stop_city":"Willowbrook","routes":[{"route_id":"13068","agency_id":"1466","route_long_name":"The Link - Willowbrook A","route_type":3,"route_url":"https://dpw.lacounty.gov/transit/TheLinkWillowbrook.aspx","route_color":"#4aada1","route_text_color":"#ffffff","route_sort_order":18,"continuous_pickup":1,"continuous_drop_off":1}],"agency_name":"LA Go Bus"},"geometry":{"type":"Point","coordinates":[-118.252498,33.92356]}},{"type":"Feature","properties":{"stop_id":"2526064","stop_name":"120th St & Slater Ave","location_type":0,"stop_timezone":"America/Los_Angeles","wheelchair_boarding":0,"stop_city":"Willowbrook","routes":[{"route_id":"13068","agency_id":"1466","route_long_name":"The Link - Willowbrook A","route_type":3,"route_url":"https://dpw.lacounty.gov/transit/TheLinkWillowbrook.aspx","route_color":"#4aada1","route_text_color":"#ffffff","route_sort_order":18,"continuous_pickup":1,"continuous_drop_off":1}],"agency_name":"LA Go Bus"},"geometry":{"type":"Point","coordinates":[-118.249456,33.923655]}},{"type":"Feature","properties":{"stop_id":"2526065","stop_name":"Slater Ave & Parmelee Ave","location_type":0,"stop_timezone":"America/Los_Angeles","wheelchair_boarding":0,"stop_city":"Willowbrook","routes":[{"route_id":"13068","agency_id":"1466","route_long_name":"The Link - Willowbrook A","route_type":3,"route_url":"https://dpw.lacounty.gov/transit/TheLinkWillowbrook.aspx","route_color":"#4aada1","route_text_color":"#ffffff","route_sort_order":18,"continuous_pickup":1,"continuous_drop_off":1}],"agency_name":"LA Go Bus"},"geometry":{"type":"Point","coordinates":[-118.249835,33.92241]}},{"type":"Feature","properties":{"stop_id":"2526066","stop_name":"Slater Ave & 123rd St","location_type":0,"stop_timezone":"America/Los_Angeles","wheelchair_boarding":0,"stop_city":"Willowbrook","routes":[{"route_id":"13068","agency_id":"1466","route_long_name":"The Link - Willowbrook A","route_type":3,"route_url":"https://dpw.lacounty.gov/transit/TheLinkWillowbrook.aspx","route_color":"#4aada1","route_text_color":"#ffffff","route_sort_order":18,"continuous_pickup":1,"continuous_drop_off":1}],"agency_name":"LA Go Bus"},"geometry":{"type":"Point","coordinates":[-118.249917,33.920294]}},{"type":"Feature","properties":{"stop_id":"2526067","stop_name":"Slater Ave & 127th St","location_type":0,"stop_timezone":"America/Los_Angeles","wheelchair_boarding":0,"stop_city":"Willowbrook","routes":[{"route_id":"13068","agency_id":"1466","route_long_name":"The Link - Willowbrook A","route_type":3,"route_url":"https://dpw.lacounty.gov/transit/TheLinkWillowbrook.aspx","route_color":"#4aada1","route_text_color":"#ffffff","route_sort_order":18,"continuous_pickup":1,"continuous_drop_off":1}],"agency_name":"LA Go Bus"},"geometry":{"type":"Point","coordinates":[-118.249119,33.917354]}},{"type":"Feature","properties":{"stop_id":"2526068","stop_name":"El Segundo Blvd & Slater Ave","location_type":0,"stop_timezone":"America/Los_Angeles","wheelchair_boarding":0,"stop_city":"Compton","routes":[{"route_id":"13068","agency_id":"1466","route_long_name":"The Link - Willowbrook A","route_type":3,"route_url":"https://dpw.lacounty.gov/transit/TheLinkWillowbrook.aspx","route_color":"#4aada1","route_text_color":"#ffffff","route_sort_order":18,"continuous_pickup":1,"continuous_drop_off":1}],"agency_name":"LA Go Bus"},"geometry":{"type":"Point","coordinates":[-118.248442,33.916137]}},{"type":"Feature","properties":{"stop_id":"2526069","stop_name":"El Segundo Blvd & Compton Ave","location_type":0,"stop_timezone":"America/Los_Angeles","wheelchair_boarding":0,"stop_city":"Compton","routes":[{"route_id":"13068","agency_id":"1466","route_long_name":"The Link - Willowbrook A","route_type":3,"route_url":"https://dpw.lacounty.gov/transit/TheLinkWillowbrook.aspx","route_color":"#4aada1","route_text_color":"#ffffff","route_sort_order":18,"continuous_pickup":1,"continuous_drop_off":1}],"agency_name":"LA Go Bus"},"geometry":{"type":"Point","coordinates":[-118.245743,33.916098]}},{"type":"Feature","properties":{"stop_id":"2526070","stop_name":"El Segundo Blvd & Grandee Ave","location_type":0,"stop_timezone":"America/Los_Angeles","wheelchair_boarding":0,"stop_city":"Compton","routes":[{"route_id":"13068","agency_id":"1466","route_long_name":"The Link - Willowbrook A","route_type":3,"route_url":"https://dpw.lacounty.gov/transit/TheLinkWillowbrook.aspx","route_color":"#4aada1","route_text_color":"#ffffff","route_sort_order":18,"continuous_pickup":1,"continuous_drop_off":1}],"agency_name":"LA Go Bus"},"geometry":{"type":"Point","coordinates":[-118.243325,33.916112]}},{"type":"Feature","properties":{"stop_id":"2526071","stop_name":"Wilmington Ave & El Segundo Blvd","location_type":0,"stop_timezone":"America/Los_Angeles","wheelchair_boarding":0,"stop_city":"Compton","routes":[{"route_id":"13068","agency_id":"1466","route_long_name":"The Link - Willowbrook A","route_type":3,"route_url":"https://dpw.lacounty.gov/transit/TheLinkWillowbrook.aspx","route_color":"#4aada1","route_text_color":"#ffffff","route_sort_order":18,"continuous_pickup":1,"continuous_drop_off":1},{"route_id":"13315","agency_id":"1466","route_long_name":"The Link - Willowbrook B","route_type":3,"route_url":"https://dpw.lacounty.gov/transit/TheLinkWillowbrook.aspx","route_color":"#4aada1","route_text_color":"#ffffff","route_sort_order":19,"continuous_pickup":1,"continuous_drop_off":1}],"agency_name":"LA Go Bus"},"geometry":{"type":"Point","coordinates":[-118.238942,33.916644]}},{"type":"Feature","properties":{"stop_id":"2526072","stop_name":"Wilmington Ave & 124th St","location_type":0,"stop_timezone":"America/Los_Angeles","wheelchair_boarding":0,"stop_city":"Willowbrook","routes":[{"route_id":"13068","agency_id":"1466","route_long_name":"The Link - Willowbrook A","route_type":3,"route_url":"https://dpw.lacounty.gov/transit/TheLinkWillowbrook.aspx","route_color":"#4aada1","route_text_color":"#ffffff","route_sort_order":18,"continuous_pickup":1,"continuous_drop_off":1}],"agency_name":"LA Go Bus"},"geometry":{"type":"Point","coordinates":[-118.238937,33.920203]}},{"type":"Feature","properties":{"stop_id":"2526073","stop_name":"Wilmington Ave & 126th St","location_type":0,"stop_timezone":"America/Los_Angeles","wheelchair_boarding":0,"stop_city":"Compton","routes":[{"route_id":"13068","agency_id":"1466","route_long_name":"The Link - Willowbrook A","route_type":3,"route_url":"https://dpw.lacounty.gov/transit/TheLinkWillowbrook.aspx","route_color":"#4aada1","route_text_color":"#ffffff","route_sort_order":18,"continuous_pickup":1,"continuous_drop_off":1},{"route_id":"13315","agency_id":"1466","route_long_name":"The Link - Willowbrook B","route_type":3,"route_url":"https://dpw.lacounty.gov/transit/TheLinkWillowbrook.aspx","route_color":"#4aada1","route_text_color":"#ffffff","route_sort_order":19,"continuous_pickup":1,"continuous_drop_off":1}],"agency_name":"LA Go Bus"},"geometry":{"type":"Point","coordinates":[-118.238943,33.917869]}},{"type":"Feature","properties":{"stop_id":"2526075","stop_name":"Imperial Hwy & Cresus Ave","location_type":0,"stop_timezone":"America/Los_Angeles","wheelchair_boarding":0,"stop_city":"Watts","routes":[{"route_id":"13315","agency_id":"1466","route_long_name":"The Link - Willowbrook B","route_type":3,"route_url":"https://dpw.lacounty.gov/transit/TheLinkWillowbrook.aspx","route_color":"#4aada1","route_text_color":"#ffffff","route_sort_order":19,"continuous_pickup":1,"continuous_drop_off":1}],"agency_name":"LA Go Bus"},"geometry":{"type":"Point","coordinates":[-118.232887,33.928943]}},{"type":"Feature","properties":{"stop_id":"2526076","stop_name":"Imperial Hwy & Mona Blvd","location_type":0,"stop_timezone":"America/Los_Angeles","wheelchair_boarding":0,"stop_city":"Los Angeles","routes":[{"route_id":"13315","agency_id":"1466","route_long_name":"The Link - Willowbrook B","route_type":3,"route_url":"https://dpw.lacounty.gov/transit/TheLinkWillowbrook.aspx","route_color":"#4aada1","route_text_color":"#ffffff","route_sort_order":19,"continuous_pickup":1,"continuous_drop_off":1}],"agency_name":"LA Go Bus"},"geometry":{"type":"Point","coordinates":[-118.230505,33.928863]}},{"type":"Feature","properties":{"stop_id":"2526077","stop_name":"Mona Blvd & 117th St","location_type":0,"stop_timezone":"America/Los_Angeles","wheelchair_boarding":0,"stop_city":"Los Angeles","routes":[{"route_id":"13315","agency_id":"1466","route_long_name":"The Link - Willowbrook B","route_type":3,"route_url":"https://dpw.lacounty.gov/transit/TheLinkWillowbrook.aspx","route_color":"#4aada1","route_text_color":"#ffffff","route_sort_order":19,"continuous_pickup":1,"continuous_drop_off":1}],"agency_name":"LA Go Bus"},"geometry":{"type":"Point","coordinates":[-118.229995,33.927164]}},{"type":"Feature","properties":{"stop_id":"2526078","stop_name":"Mona Blvd & 119th St","location_type":0,"stop_timezone":"America/Los_Angeles","wheelchair_boarding":0,"stop_city":"Los Angeles","routes":[{"route_id":"13315","agency_id":"1466","route_long_name":"The Link - Willowbrook B","route_type":3,"route_url":"https://dpw.lacounty.gov/transit/TheLinkWillowbrook.aspx","route_color":"#4aada1","route_text_color":"#ffffff","route_sort_order":19,"continuous_pickup":1,"continuous_drop_off":1}],"agency_name":"LA Go Bus"},"geometry":{"type":"Point","coordinates":[-118.229442,33.92476]}},{"type":"Feature","properties":{"stop_id":"2526079","stop_name":"Mona Blvd & 124th St","location_type":0,"stop_timezone":"America/Los_Angeles","wheelchair_boarding":0,"stop_city":"Willowbrook","routes":[{"route_id":"13315","agency_id":"1466","route_long_name":"The Link - Willowbrook B","route_type":3,"route_url":"https://dpw.lacounty.gov/transit/TheLinkWillowbrook.aspx","route_color":"#4aada1","route_text_color":"#ffffff","route_sort_order":19,"continuous_pickup":1,"continuous_drop_off":1}],"agency_name":"LA Go Bus"},"geometry":{"type":"Point","coordinates":[-118.22822,33.920001]}},{"type":"Feature","properties":{"stop_id":"2526080","stop_name":"Mona Blvd Mid-Block","location_type":0,"stop_timezone":"America/Los_Angeles","wheelchair_boarding":0,"stop_city":"Willowbrook","routes":[{"route_id":"13315","agency_id":"1466","route_long_name":"The Link - Willowbrook B","route_type":3,"route_url":"https://dpw.lacounty.gov/transit/TheLinkWillowbrook.aspx","route_color":"#4aada1","route_text_color":"#ffffff","route_sort_order":19,"continuous_pickup":1,"continuous_drop_off":1}],"agency_name":"LA Go Bus"},"geometry":{"type":"Point","coordinates":[-118.228794,33.922098]}},{"type":"Feature","properties":{"stop_id":"2526081","stop_name":"Mona Blvd & 126th St","location_type":0,"stop_timezone":"America/Los_Angeles","wheelchair_boarding":0,"stop_city":"Willowbrook","routes":[{"route_id":"13315","agency_id":"1466","route_long_name":"The Link - Willowbrook B","route_type":3,"route_url":"https://dpw.lacounty.gov/transit/TheLinkWillowbrook.aspx","route_color":"#4aada1","route_text_color":"#ffffff","route_sort_order":19,"continuous_pickup":1,"continuous_drop_off":1}],"agency_name":"LA Go Bus"},"geometry":{"type":"Point","coordinates":[-118.227767,33.918067]}},{"type":"Feature","properties":{"stop_id":"2526082","stop_name":"126th St & Willowbrook Ave","location_type":0,"stop_timezone":"America/Los_Angeles","wheelchair_boarding":0,"stop_city":"Willowbrook","routes":[{"route_id":"13315","agency_id":"1466","route_long_name":"The Link - Willowbrook B","route_type":3,"route_url":"https://dpw.lacounty.gov/transit/TheLinkWillowbrook.aspx","route_color":"#4aada1","route_text_color":"#ffffff","route_sort_order":19,"continuous_pickup":1,"continuous_drop_off":1}],"agency_name":"LA Go Bus"},"geometry":{"type":"Point","coordinates":[-118.231904,33.918071]}},{"type":"Feature","properties":{"stop_id":"2526083","stop_name":"130th St & Willowbrook Ave","location_type":0,"stop_timezone":"America/Los_Angeles","wheelchair_boarding":0,"stop_city":"Willowbrook","routes":[{"route_id":"13315","agency_id":"1466","route_long_name":"The Link - Willowbrook B","route_type":3,"route_url":"https://dpw.lacounty.gov/transit/TheLinkWillowbrook.aspx","route_color":"#4aada1","route_text_color":"#ffffff","route_sort_order":19,"continuous_pickup":1,"continuous_drop_off":1}],"agency_name":"LA Go Bus"},"geometry":{"type":"Point","coordinates":[-118.2299,33.914327]}},{"type":"Feature","properties":{"stop_id":"2526084","stop_name":"130th St & Mona Blvd","location_type":0,"stop_timezone":"America/Los_Angeles","wheelchair_boarding":0,"stop_city":"Willowbrook","routes":[{"route_id":"13315","agency_id":"1466","route_long_name":"The Link - Willowbrook B","route_type":3,"route_url":"https://dpw.lacounty.gov/transit/TheLinkWillowbrook.aspx","route_color":"#4aada1","route_text_color":"#ffffff","route_sort_order":19,"continuous_pickup":1,"continuous_drop_off":1}],"agency_name":"LA Go Bus"},"geometry":{"type":"Point","coordinates":[-118.226528,33.914341]}},{"type":"Feature","properties":{"stop_id":"2526085","stop_name":"Mona Blvd & 132nd St","location_type":0,"stop_timezone":"America/Los_Angeles","wheelchair_boarding":0,"stop_city":"Compton","routes":[{"route_id":"13315","agency_id":"1466","route_long_name":"The Link - Willowbrook B","route_type":3,"route_url":"https://dpw.lacounty.gov/transit/TheLinkWillowbrook.aspx","route_color":"#4aada1","route_text_color":"#ffffff","route_sort_order":19,"continuous_pickup":1,"continuous_drop_off":1}],"agency_name":"LA Go Bus"},"geometry":{"type":"Point","coordinates":[-118.226109,33.912632]}},{"type":"Feature","properties":{"stop_id":"2526086","stop_name":"Mona Blvd & Oris St","location_type":0,"stop_timezone":"America/Los_Angeles","wheelchair_boarding":0,"stop_city":"Compton","routes":[{"route_id":"13315","agency_id":"1466","route_long_name":"The Link - Willowbrook B","route_type":3,"route_url":"https://dpw.lacounty.gov/transit/TheLinkWillowbrook.aspx","route_color":"#4aada1","route_text_color":"#ffffff","route_sort_order":19,"continuous_pickup":1,"continuous_drop_off":1}],"agency_name":"LA Go Bus"},"geometry":{"type":"Point","coordinates":[-118.225063,33.909116]}},{"type":"Feature","properties":{"stop_id":"2526087","stop_name":"Oris St & Willowbrook Ave","location_type":0,"stop_timezone":"America/Los_Angeles","wheelchair_boarding":0,"stop_city":"Compton","routes":[{"route_id":"13315","agency_id":"1466","route_long_name":"The Link - Willowbrook B","route_type":3,"route_url":"https://dpw.lacounty.gov/transit/TheLinkWillowbrook.aspx","route_color":"#4aada1","route_text_color":"#ffffff","route_sort_order":19,"continuous_pickup":1,"continuous_drop_off":1}],"agency_name":"LA Go Bus"},"geometry":{"type":"Point","coordinates":[-118.227012,33.908508]}},{"type":"Feature","properties":{"stop_id":"2526088","stop_name":"Willowbrook Ave & Piru St","location_type":0,"stop_timezone":"America/Los_Angeles","wheelchair_boarding":0,"stop_city":"Compton","routes":[{"route_id":"13315","agency_id":"1466","route_long_name":"The Link - Willowbrook B","route_type":3,"route_url":"https://dpw.lacounty.gov/transit/TheLinkWillowbrook.aspx","route_color":"#4aada1","route_text_color":"#ffffff","route_sort_order":19,"continuous_pickup":1,"continuous_drop_off":1}],"agency_name":"LA Go Bus"},"geometry":{"type":"Point","coordinates":[-118.227956,33.910177]}},{"type":"Feature","properties":{"stop_id":"2526089","stop_name":"Stockwell St & Oleander Ave","location_type":0,"stop_timezone":"America/Los_Angeles","wheelchair_boarding":0,"stop_city":"Willowbrook","routes":[{"route_id":"13315","agency_id":"1466","route_long_name":"The Link - Willowbrook B","route_type":3,"route_url":"https://dpw.lacounty.gov/transit/TheLinkWillowbrook.aspx","route_color":"#4aada1","route_text_color":"#ffffff","route_sort_order":19,"continuous_pickup":1,"continuous_drop_off":1}],"agency_name":"LA Go Bus"},"geometry":{"type":"Point","coordinates":[-118.231676,33.910287]}},{"type":"Feature","properties":{"stop_id":"2526090","stop_name":"Stockwell St & Aranbe Ave","location_type":0,"stop_timezone":"America/Los_Angeles","wheelchair_boarding":0,"stop_city":"Willowbrook","routes":[{"route_id":"13315","agency_id":"1466","route_long_name":"The Link - Willowbrook B","route_type":3,"route_url":"https://dpw.lacounty.gov/transit/TheLinkWillowbrook.aspx","route_color":"#4aada1","route_text_color":"#ffffff","route_sort_order":19,"continuous_pickup":1,"continuous_drop_off":1}],"agency_name":"LA Go Bus"},"geometry":{"type":"Point","coordinates":[-118.233481,33.909848]}},{"type":"Feature","properties":{"stop_id":"2526091","stop_name":"Aranbe Ave & Nord St","location_type":0,"stop_timezone":"America/Los_Angeles","wheelchair_boarding":0,"stop_city":"Willowbrook","routes":[{"route_id":"13315","agency_id":"1466","route_long_name":"The Link - Willowbrook B","route_type":3,"route_url":"https://dpw.lacounty.gov/transit/TheLinkWillowbrook.aspx","route_color":"#4aada1","route_text_color":"#ffffff","route_sort_order":19,"continuous_pickup":1,"continuous_drop_off":1}],"agency_name":"LA Go Bus"},"geometry":{"type":"Point","coordinates":[-118.233961,33.911901]}},{"type":"Feature","properties":{"stop_id":"2526092","stop_name":"Aranbe Ave & 130th St","location_type":0,"stop_timezone":"America/Los_Angeles","wheelchair_boarding":0,"stop_city":"Compton","routes":[{"route_id":"13315","agency_id":"1466","route_long_name":"The Link - Willowbrook B","route_type":3,"route_url":"https://dpw.lacounty.gov/transit/TheLinkWillowbrook.aspx","route_color":"#4aada1","route_text_color":"#ffffff","route_sort_order":19,"continuous_pickup":1,"continuous_drop_off":1}],"agency_name":"LA Go Bus"},"geometry":{"type":"Point","coordinates":[-118.234291,33.914298]}},{"type":"Feature","properties":{"stop_id":"2526093","stop_name":"130th St & Wilmington Ave","location_type":0,"stop_timezone":"America/Los_Angeles","wheelchair_boarding":0,"stop_city":"Willowbrook","routes":[{"route_id":"13315","agency_id":"1466","route_long_name":"The Link - Willowbrook B","route_type":3,"route_url":"https://dpw.lacounty.gov/transit/TheLinkWillowbrook.aspx","route_color":"#4aada1","route_text_color":"#ffffff","route_sort_order":19,"continuous_pickup":1,"continuous_drop_off":1}],"agency_name":"LA Go Bus"},"geometry":{"type":"Point","coordinates":[-118.238222,33.914466]}},{"type":"Feature","properties":{"stop_id":"2526096","stop_name":"126th St & Willowbrook Ave","location_type":0,"stop_timezone":"America/Los_Angeles","wheelchair_boarding":0,"stop_city":"Willowbrook","routes":[{"route_id":"13315","agency_id":"1466","route_long_name":"The Link - Willowbrook B","route_type":3,"route_url":"https://dpw.lacounty.gov/transit/TheLinkWillowbrook.aspx","route_color":"#4aada1","route_text_color":"#ffffff","route_sort_order":19,"continuous_pickup":1,"continuous_drop_off":1}],"agency_name":"LA Go Bus"},"geometry":{"type":"Point","coordinates":[-118.232752,33.917965]}},{"type":"Feature","properties":{"stop_id":"2526097","stop_name":"124th St & Willowbrook Ave","location_type":0,"stop_timezone":"America/Los_Angeles","wheelchair_boarding":0,"stop_city":"Willowbrook","routes":[{"route_id":"13315","agency_id":"1466","route_long_name":"The Link - Willowbrook B","route_type":3,"route_url":"https://dpw.lacounty.gov/transit/TheLinkWillowbrook.aspx","route_color":"#4aada1","route_text_color":"#ffffff","route_sort_order":19,"continuous_pickup":1,"continuous_drop_off":1}],"agency_name":"LA Go Bus"},"geometry":{"type":"Point","coordinates":[-118.233914,33.919908]}},{"type":"Feature","properties":{"stop_id":"2526098","stop_name":"124th St & Anzac Ave","location_type":0,"stop_timezone":"America/Los_Angeles","wheelchair_boarding":0,"stop_city":"Willowbrook","routes":[{"route_id":"13315","agency_id":"1466","route_long_name":"The Link - Willowbrook B","route_type":3,"route_url":"https://dpw.lacounty.gov/transit/TheLinkWillowbrook.aspx","route_color":"#4aada1","route_text_color":"#ffffff","route_sort_order":19,"continuous_pickup":1,"continuous_drop_off":1}],"agency_name":"LA Go Bus"},"geometry":{"type":"Point","coordinates":[-118.23777,33.919909]}},{"type":"Feature","properties":{"stop_id":"2526099","stop_name":"124th St & Wilmington Ave","location_type":0,"stop_timezone":"America/Los_Angeles","wheelchair_boarding":0,"stop_city":"Willowbrook","routes":[{"route_id":"13315","agency_id":"1466","route_long_name":"The Link - Willowbrook B","route_type":3,"route_url":"https://dpw.lacounty.gov/transit/TheLinkWillowbrook.aspx","route_color":"#4aada1","route_text_color":"#ffffff","route_sort_order":19,"continuous_pickup":1,"continuous_drop_off":1}],"agency_name":"LA Go Bus"},"geometry":{"type":"Point","coordinates":[-118.239537,33.91991]}},{"type":"Feature","properties":{"stop_id":"2526100","stop_name":"124th St & Grandee Ave","location_type":0,"stop_timezone":"America/Los_Angeles","wheelchair_boarding":0,"stop_city":"Willowbrook","routes":[{"route_id":"13315","agency_id":"1466","route_long_name":"The Link - Willowbrook B","route_type":3,"route_url":"https://dpw.lacounty.gov/transit/TheLinkWillowbrook.aspx","route_color":"#4aada1","route_text_color":"#ffffff","route_sort_order":19,"continuous_pickup":1,"continuous_drop_off":1}],"agency_name":"LA Go Bus"},"geometry":{"type":"Point","coordinates":[-118.242705,33.919906]}},{"type":"Feature","properties":{"stop_id":"2526101","stop_name":"124th St & Compton Ave","location_type":0,"stop_timezone":"America/Los_Angeles","wheelchair_boarding":0,"stop_city":"Willowbrook","routes":[{"route_id":"13315","agency_id":"1466","route_long_name":"The Link - Willowbrook B","route_type":3,"route_url":"https://dpw.lacounty.gov/transit/TheLinkWillowbrook.aspx","route_color":"#4aada1","route_text_color":"#ffffff","route_sort_order":19,"continuous_pickup":1,"continuous_drop_off":1}],"agency_name":"LA Go Bus"},"geometry":{"type":"Point","coordinates":[-118.245806,33.9199]}},{"type":"Feature","properties":{"stop_id":"2526102","stop_name":"120th St & Compton Ave","location_type":0,"stop_timezone":"America/Los_Angeles","wheelchair_boarding":0,"stop_city":"Willowbrook","routes":[{"route_id":"13315","agency_id":"1466","route_long_name":"The Link - Willowbrook B","route_type":3,"route_url":"https://dpw.lacounty.gov/transit/TheLinkWillowbrook.aspx","route_color":"#4aada1","route_text_color":"#ffffff","route_sort_order":19,"continuous_pickup":1,"continuous_drop_off":1}],"agency_name":"LA Go Bus"},"geometry":{"type":"Point","coordinates":[-118.245988,33.923706]}},{"type":"Feature","properties":{"stop_id":"2526153","stop_name":"120th St & Mental Health Building","location_type":0,"stop_timezone":"America/Los_Angeles","wheelchair_boarding":0,"stop_city":"Willowbrook","routes":[{"route_id":"13066","agency_id":"1466","route_long_name":"The Link - King Medical Center","route_type":3,"route_url":"https://dpw.lacounty.gov/transit/TheLinkKingMedical.aspx","route_color":"#aed387","route_text_color":"#000000","route_sort_order":16,"continuous_pickup":1,"continuous_drop_off":1},{"route_id":"13315","agency_id":"1466","route_long_name":"The Link - Willowbrook B","route_type":3,"route_url":"https://dpw.lacounty.gov/transit/TheLinkWillowbrook.aspx","route_color":"#4aada1","route_text_color":"#ffffff","route_sort_order":19,"continuous_pickup":1,"continuous_drop_off":1}],"agency_name":"LA Go Bus"},"geometry":{"type":"Point","coordinates":[-118.242196,33.924474]}},{"type":"Feature","properties":{"stop_id":"2526154","stop_name":"Southbound Access Rd & Metro Rail Station","location_type":0,"stop_timezone":"America/Los_Angeles","wheelchair_boarding":0,"stop_city":"Willowbrook","routes":[{"route_id":"13066","agency_id":"1466","route_long_name":"The Link - King Medical Center","route_type":3,"route_url":"https://dpw.lacounty.gov/transit/TheLinkKingMedical.aspx","route_color":"#aed387","route_text_color":"#000000","route_sort_order":16,"continuous_pickup":1,"continuous_drop_off":1},{"route_id":"13315","agency_id":"1466","route_long_name":"The Link - Willowbrook B","route_type":3,"route_url":"https://dpw.lacounty.gov/transit/TheLinkWillowbrook.aspx","route_color":"#4aada1","route_text_color":"#ffffff","route_sort_order":19,"continuous_pickup":1,"continuous_drop_off":1}],"agency_name":"LA Go Bus"},"geometry":{"type":"Point","coordinates":[-118.23824,33.928268]}},{"type":"Feature","properties":{"stop_id":"2526155","stop_name":"119th St & Willowbrook Ave","location_type":0,"stop_timezone":"America/Los_Angeles","wheelchair_boarding":0,"stop_city":"Willowbrook","routes":[{"route_id":"13066","agency_id":"1466","route_long_name":"The Link - King Medical Center","route_type":3,"route_url":"https://dpw.lacounty.gov/transit/TheLinkKingMedical.aspx","route_color":"#aed387","route_text_color":"#000000","route_sort_order":16,"continuous_pickup":1,"continuous_drop_off":1}],"agency_name":"LA Go Bus"},"geometry":{"type":"Point","coordinates":[-118.236752,33.92471]}},{"type":"Feature","properties":{"stop_id":"2526156","stop_name":"119th St & Hahn's Shopping Plaza","location_type":0,"stop_timezone":"America/Los_Angeles","wheelchair_boarding":0,"stop_city":"Willowbrook","routes":[{"route_id":"13066","agency_id":"1466","route_long_name":"The Link - King Medical Center","route_type":3,"route_url":"https://dpw.lacounty.gov/transit/TheLinkKingMedical.aspx","route_color":"#aed387","route_text_color":"#000000","route_sort_order":16,"continuous_pickup":1,"continuous_drop_off":1},{"route_id":"13068","agency_id":"1466","route_long_name":"The Link - Willowbrook A","route_type":3,"route_url":"https://dpw.lacounty.gov/transit/TheLinkWillowbrook.aspx","route_color":"#4aada1","route_text_color":"#ffffff","route_sort_order":18,"continuous_pickup":1,"continuous_drop_off":1},{"route_id":"13315","agency_id":"1466","route_long_name":"The Link - Willowbrook B","route_type":3,"route_url":"https://dpw.lacounty.gov/transit/TheLinkWillowbrook.aspx","route_color":"#4aada1","route_text_color":"#ffffff","route_sort_order":19,"continuous_pickup":1,"continuous_drop_off":1}],"agency_name":"LA Go Bus"},"geometry":{"type":"Point","coordinates":[-118.238253,33.924859]}},{"type":"Feature","properties":{"stop_id":"2526157","stop_name":"Westbound Access Rd & Old Hospital Entrance","location_type":0,"stop_timezone":"America/Los_Angeles","wheelchair_boarding":0,"stop_city":"Willowbrook","routes":[{"route_id":"13066","agency_id":"1466","route_long_name":"The Link - King Medical Center","route_type":3,"route_url":"https://dpw.lacounty.gov/transit/TheLinkKingMedical.aspx","route_color":"#aed387","route_text_color":"#000000","route_sort_order":16,"continuous_pickup":1,"continuous_drop_off":1}],"agency_name":"LA Go Bus"},"geometry":{"type":"Point","coordinates":[-118.240945,33.923461]}},{"type":"Feature","properties":{"stop_id":"2526158","stop_name":"Westbound Access Rd & Emergency Room","location_type":0,"stop_timezone":"America/Los_Angeles","wheelchair_boarding":0,"stop_city":"Willowbrook","routes":[{"route_id":"13066","agency_id":"1466","route_long_name":"The Link - King Medical Center","route_type":3,"route_url":"https://dpw.lacounty.gov/transit/TheLinkKingMedical.aspx","route_color":"#aed387","route_text_color":"#000000","route_sort_order":16,"continuous_pickup":1,"continuous_drop_off":1}],"agency_name":"LA Go Bus"},"geometry":{"type":"Point","coordinates":[-118.241688,33.923583]}},{"type":"Feature","properties":{"stop_id":"2526159","stop_name":"Hospital & Healthy Way","location_type":0,"stop_timezone":"America/Los_Angeles","wheelchair_boarding":0,"stop_city":"Willowbrook","routes":[{"route_id":"13066","agency_id":"1466","route_long_name":"The Link - King Medical Center","route_type":3,"route_url":"https://dpw.lacounty.gov/transit/TheLinkKingMedical.aspx","route_color":"#aed387","route_text_color":"#000000","route_sort_order":16,"continuous_pickup":1,"continuous_drop_off":1}],"agency_name":"LA Go Bus"},"geometry":{"type":"Point","coordinates":[-118.243122,33.923213]}},{"type":"Feature","properties":{"stop_id":"2526160","stop_name":"Westbound Access Rd & Administration Building","location_type":0,"stop_timezone":"America/Los_Angeles","wheelchair_boarding":0,"stop_city":"Willowbrook","routes":[{"route_id":"13066","agency_id":"1466","route_long_name":"The Link - King Medical Center","route_type":3,"route_url":"https://dpw.lacounty.gov/transit/TheLinkKingMedical.aspx","route_color":"#aed387","route_text_color":"#000000","route_sort_order":16,"continuous_pickup":1,"continuous_drop_off":1}],"agency_name":"LA Go Bus"},"geometry":{"type":"Point","coordinates":[-118.242906,33.923609]}},{"type":"Feature","properties":{"stop_id":"2526161","stop_name":"Wilmington Ave & 118th St","location_type":0,"stop_timezone":"America/Los_Angeles","wheelchair_boarding":0,"stop_city":"Willowbrook","routes":[{"route_id":"13066","agency_id":"1466","route_long_name":"The Link - King Medical Center","route_type":3,"route_url":"https://dpw.lacounty.gov/transit/TheLinkKingMedical.aspx","route_color":"#aed387","route_text_color":"#000000","route_sort_order":16,"continuous_pickup":1,"continuous_drop_off":1},{"route_id":"13068","agency_id":"1466","route_long_name":"The Link - Willowbrook A","route_type":3,"route_url":"https://dpw.lacounty.gov/transit/TheLinkWillowbrook.aspx","route_color":"#4aada1","route_text_color":"#ffffff","route_sort_order":18,"continuous_pickup":1,"continuous_drop_off":1}],"agency_name":"LA Go Bus"},"geometry":{"type":"Point","coordinates":[-118.238928,33.925115]}},{"type":"Feature","properties":{"stop_id":"2526162","stop_name":"120th St & Parking Lot C","location_type":0,"stop_timezone":"America/Los_Angeles","wheelchair_boarding":0,"stop_city":"Willowbrook","routes":[{"route_id":"13066","agency_id":"1466","route_long_name":"The Link - King Medical Center","route_type":3,"route_url":"https://dpw.lacounty.gov/transit/TheLinkKingMedical.aspx","route_color":"#aed387","route_text_color":"#000000","route_sort_order":16,"continuous_pickup":1,"continuous_drop_off":1},{"route_id":"13315","agency_id":"1466","route_long_name":"The Link - Willowbrook B","route_type":3,"route_url":"https://dpw.lacounty.gov/transit/TheLinkWillowbrook.aspx","route_color":"#4aada1","route_text_color":"#ffffff","route_sort_order":19,"continuous_pickup":1,"continuous_drop_off":1}],"agency_name":"LA Go Bus"},"geometry":{"type":"Point","coordinates":[-118.240421,33.924514]}},{"type":"Feature","properties":{"stop_id":"2526163","stop_name":"Eastbound Access Rd & Outpatient Clinc","location_type":0,"stop_timezone":"America/Los_Angeles","wheelchair_boarding":0,"stop_city":"Willowbrook","routes":[{"route_id":"13066","agency_id":"1466","route_long_name":"The Link - King Medical Center","route_type":3,"route_url":"https://dpw.lacounty.gov/transit/TheLinkKingMedical.aspx","route_color":"#aed387","route_text_color":"#000000","route_sort_order":16,"continuous_pickup":1,"continuous_drop_off":1}],"agency_name":"LA Go Bus"},"geometry":{"type":"Point","coordinates":[-118.244493,33.923557]}},{"type":"Feature","properties":{"stop_id":"2526165","stop_name":"Eastbound Access Rd & Parking Lot E","location_type":0,"stop_timezone":"America/Los_Angeles","wheelchair_boarding":0,"stop_city":"Willowbrook","routes":[{"route_id":"13066","agency_id":"1466","route_long_name":"The Link - King Medical Center","route_type":3,"route_url":"https://dpw.lacounty.gov/transit/TheLinkKingMedical.aspx","route_color":"#aed387","route_text_color":"#000000","route_sort_order":16,"continuous_pickup":1,"continuous_drop_off":1}],"agency_name":"LA Go Bus"},"geometry":{"type":"Point","coordinates":[-118.245372,33.923366]}},{"type":"Feature","properties":{"stop_id":"2526166","stop_name":"LAC/USC Medical Center","location_type":0,"stop_timezone":"America/Los_Angeles","wheelchair_boarding":0,"stop_city":"Los Angeles","routes":[{"route_id":"13061","agency_id":"1466","route_long_name":"Wellness Center Shuttle","route_type":3,"route_url":"https://dpw.lacounty.gov/transit/WellnessCenterShuttle.aspx","route_color":"#ea984b","route_text_color":"#000000","route_sort_order":12,"continuous_pickup":1,"continuous_drop_off":1}],"agency_name":"LA Go Bus"},"geometry":{"type":"Point","coordinates":[-118.209492,34.058582]}},{"type":"Feature","properties":{"stop_id":"2526167","stop_name":"Parking Lot 10","location_type":0,"stop_timezone":"America/Los_Angeles","wheelchair_boarding":0,"stop_city":"Los Angeles","routes":[{"route_id":"13061","agency_id":"1466","route_long_name":"Wellness Center Shuttle","route_type":3,"route_url":"https://dpw.lacounty.gov/transit/WellnessCenterShuttle.aspx","route_color":"#ea984b","route_text_color":"#000000","route_sort_order":12,"continuous_pickup":1,"continuous_drop_off":1}],"agency_name":"LA Go Bus"},"geometry":{"type":"Point","coordinates":[-118.21207,34.06162]}},{"type":"Feature","properties":{"stop_id":"2526168","stop_name":"Wellness Center","location_type":0,"stop_timezone":"America/Los_Angeles","wheelchair_boarding":0,"stop_city":"Los Angeles","routes":[{"route_id":"13061","agency_id":"1466","route_long_name":"Wellness Center Shuttle","route_type":3,"route_url":"https://dpw.lacounty.gov/transit/WellnessCenterShuttle.aspx","route_color":"#ea984b","route_text_color":"#000000","route_sort_order":12,"continuous_pickup":1,"continuous_drop_off":1}],"agency_name":"LA Go Bus"},"geometry":{"type":"Point","coordinates":[-118.209989,34.060263]}},{"type":"Feature","properties":{"stop_id":"2526169","stop_name":"ADA Parking Lot","location_type":0,"stop_timezone":"America/Los_Angeles","wheelchair_boarding":0,"stop_city":"Los Angeles","routes":[{"route_id":"13061","agency_id":"1466","route_long_name":"Wellness Center Shuttle","route_type":3,"route_url":"https://dpw.lacounty.gov/transit/WellnessCenterShuttle.aspx","route_color":"#ea984b","route_text_color":"#000000","route_sort_order":12,"continuous_pickup":1,"continuous_drop_off":1}],"agency_name":"LA Go Bus"},"geometry":{"type":"Point","coordinates":[-118.2118,34.062046]}},{"type":"Feature","properties":{"stop_id":"2526173","stop_name":"Children's Court","location_type":0,"stop_timezone":"America/Los_Angeles","wheelchair_boarding":0,"stop_city":"Monterey Park","routes":[{"route_id":"13054","agency_id":"1466","route_long_name":"Edmund D. Edelman Children’s Court Shuttle","route_type":3,"route_url":"https://dpw.lacounty.gov/transit/ChildrensCourtShuttle.aspx","route_color":"#23567f","route_text_color":"#ffffff","route_sort_order":5,"continuous_pickup":1,"continuous_drop_off":1}],"agency_name":"LA Go Bus"},"geometry":{"type":"Point","coordinates":[-118.166303,34.058632]}},{"type":"Feature","properties":{"stop_id":"2526174","stop_name":"Ramona Blvd & Centre Plaza Dr","location_type":0,"stop_timezone":"America/Los_Angeles","wheelchair_boarding":0,"stop_city":"Monterey Park","routes":[{"route_id":"13054","agency_id":"1466","route_long_name":"Edmund D. Edelman Children’s Court Shuttle","route_type":3,"route_url":"https://dpw.lacounty.gov/transit/ChildrensCourtShuttle.aspx","route_color":"#23567f","route_text_color":"#ffffff","route_sort_order":5,"continuous_pickup":1,"continuous_drop_off":1}],"agency_name":"LA Go Bus"},"geometry":{"type":"Point","coordinates":[-118.168094,34.060824]}},{"type":"Feature","properties":{"stop_id":"2526175","stop_name":"Ramona Blvd & Centre Plaza Dr","location_type":0,"stop_timezone":"America/Los_Angeles","wheelchair_boarding":0,"stop_city":"Monterey Park","routes":[{"route_id":"13054","agency_id":"1466","route_long_name":"Edmund D. Edelman Children’s Court Shuttle","route_type":3,"route_url":"https://dpw.lacounty.gov/transit/ChildrensCourtShuttle.aspx","route_color":"#23567f","route_text_color":"#ffffff","route_sort_order":5,"continuous_pickup":1,"continuous_drop_off":1}],"agency_name":"LA Go Bus"},"geometry":{"type":"Point","coordinates":[-118.168063,34.060633]}},{"type":"Feature","properties":{"stop_id":"2526180","stop_name":"Edwards Middle School","location_type":0,"stop_timezone":"America/Los_Angeles","wheelchair_boarding":0,"stop_city":"West Whittier","routes":[{"route_id":"13058","agency_id":"1466","route_long_name":"Sunshine Shuttle Route C","route_type":3,"route_url":"https://dpw.lacounty.gov/transit/SWSunshineShuttle.aspx","route_color":"#89bb73","route_text_color":"#000000","route_sort_order":9,"continuous_pickup":1,"continuous_drop_off":1}],"agency_name":"LA Go Bus"},"geometry":{"type":"Point","coordinates":[-118.068127,33.983736]}},{"type":"Feature","properties":{"stop_id":"2526181","stop_name":"Slauson Ave & Western Ave - Whittier Manor","location_type":0,"stop_timezone":"America/Los_Angeles","wheelchair_boarding":0,"stop_city":"Los Nietos Junction","routes":[{"route_id":"13058","agency_id":"1466","route_long_name":"Sunshine Shuttle Route C","route_type":3,"route_url":"https://dpw.lacounty.gov/transit/SWSunshineShuttle.aspx","route_color":"#89bb73","route_text_color":"#000000","route_sort_order":9,"continuous_pickup":1,"continuous_drop_off":1}],"agency_name":"LA Go Bus"},"geometry":{"type":"Point","coordinates":[-118.069818,33.964834]}},{"type":"Feature","properties":{"stop_id":"2526183","stop_name":"Washington Blvd & Thoreau St - Shopping Center","location_type":0,"stop_timezone":"America/Los_Angeles","wheelchair_boarding":0,"stop_city":"Santa Fe Springs","routes":[{"route_id":"13058","agency_id":"1466","route_long_name":"Sunshine Shuttle Route C","route_type":3,"route_url":"https://dpw.lacounty.gov/transit/SWSunshineShuttle.aspx","route_color":"#89bb73","route_text_color":"#000000","route_sort_order":9,"continuous_pickup":1,"continuous_drop_off":1}],"agency_name":"LA Go Bus"},"geometry":{"type":"Point","coordinates":[-118.069261,33.971579]}},{"type":"Feature","properties":{"stop_id":"2526184","stop_name":"Norwalk Blvd & Slauson Ave","location_type":0,"stop_timezone":"America/Los_Angeles","wheelchair_boarding":0,"stop_city":"Los Nietos","routes":[{"route_id":"13058","agency_id":"1466","route_long_name":"Sunshine Shuttle Route C","route_type":3,"route_url":"https://dpw.lacounty.gov/transit/SWSunshineShuttle.aspx","route_color":"#89bb73","route_text_color":"#000000","route_sort_order":9,"continuous_pickup":1,"continuous_drop_off":1}],"agency_name":"LA Go Bus"},"geometry":{"type":"Point","coordinates":[-118.07054,33.965163]}},{"type":"Feature","properties":{"stop_id":"2526185","stop_name":"Los Nietos Community Center","location_type":0,"stop_timezone":"America/Los_Angeles","wheelchair_boarding":0,"stop_city":"Los Nietos Junction","routes":[{"route_id":"13058","agency_id":"1466","route_long_name":"Sunshine Shuttle Route C","route_type":3,"route_url":"https://dpw.lacounty.gov/transit/SWSunshineShuttle.aspx","route_color":"#89bb73","route_text_color":"#000000","route_sort_order":9,"continuous_pickup":1,"continuous_drop_off":1}],"agency_name":"LA Go Bus"},"geometry":{"type":"Point","coordinates":[-118.06727,33.964529]}},{"type":"Feature","properties":{"stop_id":"2526186","stop_name":"Los Nietos Middle School","location_type":0,"stop_timezone":"America/Los_Angeles","wheelchair_boarding":0,"stop_city":"Los Nietos","routes":[{"route_id":"13058","agency_id":"1466","route_long_name":"Sunshine Shuttle Route C","route_type":3,"route_url":"https://dpw.lacounty.gov/transit/SWSunshineShuttle.aspx","route_color":"#89bb73","route_text_color":"#000000","route_sort_order":9,"continuous_pickup":1,"continuous_drop_off":1}],"agency_name":"LA Go Bus"},"geometry":{"type":"Point","coordinates":[-118.076354,33.964212]}},{"type":"Feature","properties":{"stop_id":"2526187","stop_name":"Pioneer High School","location_type":0,"stop_timezone":"America/Los_Angeles","wheelchair_boarding":0,"stop_city":"Los Nietos","routes":[{"route_id":"13058","agency_id":"1466","route_long_name":"Sunshine Shuttle Route C","route_type":3,"route_url":"https://dpw.lacounty.gov/transit/SWSunshineShuttle.aspx","route_color":"#89bb73","route_text_color":"#000000","route_sort_order":9,"continuous_pickup":1,"continuous_drop_off":1}],"agency_name":"LA Go Bus"},"geometry":{"type":"Point","coordinates":[-118.07812,33.971191]}},{"type":"Feature","properties":{"stop_id":"2574343","stop_name":"Greenleaf Ave & La Cuarta St","location_type":0,"stop_timezone":"America/Los_Angeles","wheelchair_boarding":0,"stop_city":"Whittier","routes":[{"route_id":"13059","agency_id":"1466","route_long_name":"Sunshine Shuttle Route A","route_type":3,"route_url":"https://dpw.lacounty.gov/transit/SWSunshineShuttle.aspx","route_color":"#e3653e","route_text_color":"#ffffff","route_sort_order":10,"continuous_pickup":1,"continuous_drop_off":1}],"agency_name":"LA Go Bus"},"geometry":{"type":"Point","coordinates":[-118.037304,33.968498]}},{"type":"Feature","properties":{"stop_id":"2574344","stop_name":"Greenleaf Ave & La Cuarta St","location_type":0,"stop_timezone":"America/Los_Angeles","wheelchair_boarding":0,"stop_city":"Whittier","routes":[{"route_id":"13059","agency_id":"1466","route_long_name":"Sunshine Shuttle Route A","route_type":3,"route_url":"https://dpw.lacounty.gov/transit/SWSunshineShuttle.aspx","route_color":"#e3653e","route_text_color":"#ffffff","route_sort_order":10,"continuous_pickup":1,"continuous_drop_off":1}],"agency_name":"LA Go Bus"},"geometry":{"type":"Point","coordinates":[-118.037513,33.968482]}},{"type":"Feature","properties":{"stop_id":"2574356","stop_name":"Broadway Ave & Mines Bl","location_type":0,"stop_timezone":"America/Los_Angeles","wheelchair_boarding":0,"stop_city":"West Whittier","routes":[{"route_id":"13058","agency_id":"1466","route_long_name":"Sunshine Shuttle Route C","route_type":3,"route_url":"https://dpw.lacounty.gov/transit/SWSunshineShuttle.aspx","route_color":"#89bb73","route_text_color":"#000000","route_sort_order":9,"continuous_pickup":1,"continuous_drop_off":1}],"agency_name":"LA Go Bus"},"geometry":{"type":"Point","coordinates":[-118.064717,33.97781]}},{"type":"Feature","properties":{"stop_id":"2574357","stop_name":"Broadway Ave & Saragosa St","location_type":0,"stop_timezone":"America/Los_Angeles","wheelchair_boarding":0,"stop_city":"Santa Fe Springs","routes":[{"route_id":"13058","agency_id":"1466","route_long_name":"Sunshine Shuttle Route C","route_type":3,"route_url":"https://dpw.lacounty.gov/transit/SWSunshineShuttle.aspx","route_color":"#89bb73","route_text_color":"#000000","route_sort_order":9,"continuous_pickup":1,"continuous_drop_off":1}],"agency_name":"LA Go Bus"},"geometry":{"type":"Point","coordinates":[-118.067759,33.97469]}},{"type":"Feature","properties":{"stop_id":"2574361","stop_name":"Washington Blvd & Norwalk Blvd","location_type":0,"stop_timezone":"America/Los_Angeles","wheelchair_boarding":0,"stop_city":"Santa Fe Springs","routes":[{"route_id":"13058","agency_id":"1466","route_long_name":"Sunshine Shuttle Route C","route_type":3,"route_url":"https://dpw.lacounty.gov/transit/SWSunshineShuttle.aspx","route_color":"#89bb73","route_text_color":"#000000","route_sort_order":9,"continuous_pickup":1,"continuous_drop_off":1}],"agency_name":"LA Go Bus"},"geometry":{"type":"Point","coordinates":[-118.073669,33.972563]}},{"type":"Feature","properties":{"stop_id":"2574362","stop_name":"Millergrove Dr & Slauson Ave","location_type":0,"stop_timezone":"America/Los_Angeles","wheelchair_boarding":0,"stop_city":"Los Nietos","routes":[{"route_id":"13058","agency_id":"1466","route_long_name":"Sunshine Shuttle Route C","route_type":3,"route_url":"https://dpw.lacounty.gov/transit/SWSunshineShuttle.aspx","route_color":"#89bb73","route_text_color":"#000000","route_sort_order":9,"continuous_pickup":1,"continuous_drop_off":1}],"agency_name":"LA Go Bus"},"geometry":{"type":"Point","coordinates":[-118.079416,33.966675]}},{"type":"Feature","properties":{"stop_id":"2574363","stop_name":"Slauson Ave & Alburtis Ave","location_type":0,"stop_timezone":"America/Los_Angeles","wheelchair_boarding":0,"stop_city":"Los Nietos","routes":[{"route_id":"13058","agency_id":"1466","route_long_name":"Sunshine Shuttle Route C","route_type":3,"route_url":"https://dpw.lacounty.gov/transit/SWSunshineShuttle.aspx","route_color":"#89bb73","route_text_color":"#000000","route_sort_order":9,"continuous_pickup":1,"continuous_drop_off":1}],"agency_name":"LA Go Bus"},"geometry":{"type":"Point","coordinates":[-118.075592,33.96535]}},{"type":"Feature","properties":{"stop_id":"2574367","stop_name":"Slauson Ave & Duchess Dr","location_type":0,"stop_timezone":"America/Los_Angeles","wheelchair_boarding":0,"stop_city":"Los Nietos","routes":[{"route_id":"13058","agency_id":"1466","route_long_name":"Sunshine Shuttle Route C","route_type":3,"route_url":"https://dpw.lacounty.gov/transit/SWSunshineShuttle.aspx","route_color":"#89bb73","route_text_color":"#000000","route_sort_order":9,"continuous_pickup":1,"continuous_drop_off":1}],"agency_name":"LA Go Bus"},"geometry":{"type":"Point","coordinates":[-118.073092,33.964851]}},{"type":"Feature","properties":{"stop_id":"2574370","stop_name":"Norwalk Blvd & Broadway Ave","location_type":0,"stop_timezone":"America/Los_Angeles","wheelchair_boarding":0,"stop_city":"Los Nietos","routes":[{"route_id":"13058","agency_id":"1466","route_long_name":"Sunshine Shuttle Route C","route_type":3,"route_url":"https://dpw.lacounty.gov/transit/SWSunshineShuttle.aspx","route_color":"#89bb73","route_text_color":"#000000","route_sort_order":9,"continuous_pickup":1,"continuous_drop_off":1}],"agency_name":"LA Go Bus"},"geometry":{"type":"Point","coordinates":[-118.071483,33.968941]}},{"type":"Feature","properties":{"stop_id":"2574371","stop_name":"Norwalk Blvd & Washington Blvd","location_type":0,"stop_timezone":"America/Los_Angeles","wheelchair_boarding":0,"stop_city":"Santa Fe Springs","routes":[{"route_id":"13058","agency_id":"1466","route_long_name":"Sunshine Shuttle Route C","route_type":3,"route_url":"https://dpw.lacounty.gov/transit/SWSunshineShuttle.aspx","route_color":"#89bb73","route_text_color":"#000000","route_sort_order":9,"continuous_pickup":1,"continuous_drop_off":1}],"agency_name":"LA Go Bus"},"geometry":{"type":"Point","coordinates":[-118.073573,33.97201]}},{"type":"Feature","properties":{"stop_id":"2574372","stop_name":"Norwalk Blvd & Choisser St","location_type":0,"stop_timezone":"America/Los_Angeles","wheelchair_boarding":0,"stop_city":"Los Nietos","routes":[{"route_id":"13058","agency_id":"1466","route_long_name":"Sunshine Shuttle Route C","route_type":3,"route_url":"https://dpw.lacounty.gov/transit/SWSunshineShuttle.aspx","route_color":"#89bb73","route_text_color":"#000000","route_sort_order":9,"continuous_pickup":1,"continuous_drop_off":1}],"agency_name":"LA Go Bus"},"geometry":{"type":"Point","coordinates":[-118.075692,33.97683]}},{"type":"Feature","properties":{"stop_id":"2574373","stop_name":"Norwalk Blvd & Balfour St","location_type":0,"stop_timezone":"America/Los_Angeles","wheelchair_boarding":0,"stop_city":"West Whittier","routes":[{"route_id":"13058","agency_id":"1466","route_long_name":"Sunshine Shuttle Route C","route_type":3,"route_url":"https://dpw.lacounty.gov/transit/SWSunshineShuttle.aspx","route_color":"#89bb73","route_text_color":"#000000","route_sort_order":9,"continuous_pickup":1,"continuous_drop_off":1}],"agency_name":"LA Go Bus"},"geometry":{"type":"Point","coordinates":[-118.073785,33.979944]}},{"type":"Feature","properties":{"stop_id":"2574374","stop_name":"Norwalk Blvd & Mines Blvd","location_type":0,"stop_timezone":"America/Los_Angeles","wheelchair_boarding":0,"stop_city":"West Whittier","routes":[{"route_id":"13058","agency_id":"1466","route_long_name":"Sunshine Shuttle Route C","route_type":3,"route_url":"https://dpw.lacounty.gov/transit/SWSunshineShuttle.aspx","route_color":"#89bb73","route_text_color":"#000000","route_sort_order":9,"continuous_pickup":1,"continuous_drop_off":1}],"agency_name":"LA Go Bus"},"geometry":{"type":"Point","coordinates":[-118.070961,33.982758]}},{"type":"Feature","properties":{"stop_id":"2574375","stop_name":"Norwalk Blvd & Reichling Ln","location_type":0,"stop_timezone":"America/Los_Angeles","wheelchair_boarding":0,"stop_city":"West Whittier","routes":[{"route_id":"13058","agency_id":"1466","route_long_name":"Sunshine Shuttle Route C","route_type":3,"route_url":"https://dpw.lacounty.gov/transit/SWSunshineShuttle.aspx","route_color":"#89bb73","route_text_color":"#000000","route_sort_order":9,"continuous_pickup":1,"continuous_drop_off":1}],"agency_name":"LA Go Bus"},"geometry":{"type":"Point","coordinates":[-118.069818,33.983904]}},{"type":"Feature","properties":{"stop_id":"4247142","stop_name":"Acton (Sierra Hwy/Crown Valley Road)","location_type":0,"stop_timezone":"America/Los_Angeles","wheelchair_boarding":0,"routes":[{"route_id":"13052","agency_id":"1466","route_long_name":"Acton & Agua Dulce Shuttle","route_type":3,"route_url":"https://dpw.lacounty.gov/transit/ActonAguaDulceShuttle.aspx","route_color":"#d2c583","route_text_color":"#000000","route_sort_order":1,"continuous_pickup":1,"continuous_drop_off":1}],"agency_name":"LA Go Bus"},"geometry":{"type":"Point","coordinates":[-118.19825544445722,34.49328549085506]}}]}